livre,chapitre,verset,notre_texte,texte_github_concatene
mg_1,1,30,"Ary ny amin'ny bibi-dia rehetra sy ny voro-manidina rehetra ary ny zava-manan'aina rehetra izay mandady na mikisaka amin'ny tany, dia efa nomeko azy ny zava-maitso rehetra ho fihinany; dia nisy izany.","Ary ny amin'ny bibi-dia rehetra sy ny voro-manidina rehetra ary ny zava-manan'aina rehetra izay mandady na mikisaka amin'ny tany, dia efa nomeko azy ny zava-maitso rehetra ho fihinany; dia nisy izany.Ary hitan'Andriamanitra izay rehetra nataony, ary, indro, tsara indrindra izany. Dia nisy hariva, ary nisy maraina, andro fahenina izany."
mg_1,2,24,Ary noho izany ny lehilahy dia handao ny rainy sy ny reniny ka hikambana amin'ny vadiny; dia ho nofo iray ihany ireo.,"Ary noho izany ny lehilahy dia handao ny rainy sy ny reniny ka hikambana amin'ny vadiny; dia ho nofo iray ihany ireo.Ary nitanjaka izy mivady, dia ralehilahy sy ny vadiny, nefa tsy nahalala henatra izy."
mg_1,3,23,ka dia nesorin'i Jehovah Andriamanitra tamin'ny saha Edena izy hiasa ny tany izay nanalana azy.,"ka dia nesorin'i Jehovah Andriamanitra tamin'ny saha Edena izy hiasa ny tany izay nanalana azy.Eny, noroahiny ny olona; ary nampitoeriny tany atsinanan'ny saha Edena ny kerobima sy ny lelafon'ny sabatra mihebiheby hiambina ny lalana mankany amin'ny hazon'aina."
mg_1,4,25,"Ary Adama nahalala ny vadiny indray, ka dia niteraka zazalahy ravehivavy; ary ny anarany nataony hoe Seta; fa Andriamanitra, hoy izy, efa nanome ahy zanaka anankiray koa ho solon'i Abela, satria novonoin'i Kaina izy.","Ary Adama nahalala ny vadiny indray, ka dia niteraka zazalahy ravehivavy; ary ny anarany nataony hoe Seta; fa Andriamanitra, hoy izy, efa nanome ahy zanaka anankiray koa ho solon'i Abela, satria novonoin'i Kaina izy.Ary Seta koa niteraka zazalahy; ary ny anarany nataony hoe Enosy."
mg_1,5,31,Ary ny andro rehetra niainan'i Lameka dia fito amby fito-polo amby fiton-jato taona; dia maty izy.,"Ary ny andro rehetra niainan'i Lameka dia fito amby fito-polo amby fiton-jato taona; dia maty izy.Ary rehefa diman-jato taona Noa, dia niteraka an'i Sema sy Hama ary Jafeta izy."
mg_1,7,23,"Ary naringana ny zavatra velona rehetra izay tambonin'ny tany, hatramin'ny olona ka hatramin'ny biby fiompy sy ny zava-mandady na mikisaka ary ny voro-manidina; dia naringana tsy ho amin'ny tany ireny; ary Noa sy izay niara-nitoetra taminy tao anatin'ny sambo-fiara ihany no sisa velona.","Ary naringana ny zavatra velona rehetra izay tambonin'ny tany, hatramin'ny olona ka hatramin'ny biby fiompy sy ny zava-mandady na mikisaka ary ny voro-manidina; dia naringana tsy ho amin'ny tany ireny; ary Noa sy izay niara-nitoetra taminy tao anatin'ny sambo-fiara ihany no sisa velona.Ary nahery tambonin'ny tany dimam-polo amby zato andro ny rano."
mg_1,8,21,"Dia nandre ny hanitra ankasitrahana Jehovah, ka hoy Izy tam-pony: Tsy mba hanozona ny tany intsony noho ny amin'ny olona Aho; fa ny fisainan'ny fon'ny olona dia ratsy hatramin'ny fahazazany; ary tsy mba handringana ny velona rehetra intsony Aho tahaka izay nataoko.","Dia nandre ny hanitra ankasitrahana Jehovah, ka hoy Izy tam-pony: Tsy mba hanozona ny tany intsony noho ny amin'ny olona Aho; fa ny fisainan'ny fon'ny olona dia ratsy hatramin'ny fahazazany; ary tsy mba handringana ny velona rehetra intsony Aho tahaka izay nataoko.Raha mbola maharitra koa ny tany, dia tsy hanam-pitsaharana ny taom-pamafazana sy ny taom-pijinjana, ary ny hatsiaka sy ny hafanana ary ny fahavaratra sy ny ririnina,ary ny andro sy ny alina."
mg_1,9,28,Ary ny andro niainan'i Noa taorian'ny safo-drano dia dimam-polo amby telon-jato taona.,Ary ny andro niainan'i Noa taorian'ny safo-drano dia dimam-polo amby telon-jato taona.Ary ny andro rehetra niainan'i Noa dia dimam-polo amby sivin-jato taona; dia maty izy.
mg_1,10,31,"Ireo no zanak'i Sema, araka ny mpianakaviny, araka ny fiteniny, amin'ny taniny, araka ny fireneny.","Ireo no zanak'i Sema, araka ny mpianakaviny, araka ny fiteniny, amin'ny taniny, araka ny fireneny.Ireo no mpianakavin'ny zanak'i Noa, araka ny taranany, amin'ny fireneny; ary avy tamin'ireo no niavakavahan'ny firenena tambonin'ny tany taorian'ny safo-drano."
mg_1,11,31,"Ary Tera nitondra an'i Abrama zanany sy Lota zafiny, zanak'i Harana, ary Saray vinantoni-vavy, vadin'i Abrama zanany; dia niaraka taminy ireo ka niala tao Oran'ny Kaldeana hankany amin'ny tany Kanana; dia tonga tao Harana izy ka nonina tao.","Ary Tera nitondra an'i Abrama zanany sy Lota zafiny, zanak'i Harana, ary Saray vinantoni-vavy, vadin'i Abrama zanany; dia niaraka taminy ireo ka niala tao Oran'ny Kaldeana hankany amin'ny tany Kanana; dia tonga tao Harana izy ka nonina tao.Ary dimy amby roan-jato taona ny andro niainan'i Tera; dia maty tao Harana izy."
mg_1,12,19,"Nahoana ianao no nanao hoe: Anabaviko izy? ka nalaiko ho vady izy; koa ankehitriny, indro ny vadinao, ento izy, ka mandehana.","Nahoana ianao no nanao hoe: Anabaviko izy? ka nalaiko ho vady izy; koa ankehitriny, indro ny vadinao, ento izy, ka mandehana.Dia nomen'i Farao teny ny mpanompony sasany ny amin'i Abrama; ary dia nanatitra azy sy ny vadiny mbamin'ny fananany rehetra ireo."
mg_1,13,17,"Miaingà ianao, mandehana mitety ny tany, dia any amin'ny lavany sy any amin'ny sakany; fa homeko anao izy.","Miaingà ianao, mandehana mitety ny tany, dia any amin'ny lavany sy any amin'ny sakany; fa homeko anao izy.Ary Abrama nifindrafindra toby. dia nandeha ka nonina teo an-kazo terebintan'i Mamre, izay any Hebrona, ary nanorina alitara teo ho an'i Jehovah izy."
mg_1,14,23,"fa tsy handray na taretra na fehin-kapa aza amin'izay rehetra mety ho anao andrao hataonao hoe: Izaho no nampanan-karena an'i Abrama),","fa tsy handray na taretra na fehin-kapa aza amin'izay rehetra mety ho anao andrao hataonao hoe: Izaho no nampanan-karena an'i Abrama),afa-tsy izay efa nohanin'ny zatovo sy ny anjaran'ny olona izay niaraka tamiko, dia Anera sy Eskola ary Mamre; aoka horaisin'ireo ny anjarany."
mg_1,15,20,ary ny Hetita sy ny Perizita sy ny Refaita,ary ny Hetita sy ny Perizita sy ny Refaitaary ny Amorita sy ny Kananita sy ny Girgasita ary ny Jebosita.
mg_1,16,15,Ary Hagara dia niteraka zazalahy tamin'i Abrama; ary ny anaran'ny zanany izay naterany dia nataon'i Abrama hoe Isimaela.,"Ary Hagara dia niteraka zazalahy tamin'i Abrama; ary ny anaran'ny zanany izay naterany dia nataon'i Abrama hoe Isimaela.Ary efa enina amby valo-polo taona Abrama, raha Hagara niteraka an'Isimaela taminy."
mg_1,17,26,Androtrizay indrindra no namorana an'i Abrahama sy Isimaela zanany;,"Androtrizay indrindra no namorana an'i Abrahama sy Isimaela zanany;ary ny lehilahy rehetra tao an-tranony, dia ny ompikely mbamin'izay novidim-bola tamin'ny hafa firenena, dia samy niara-noforana taminy avokoa."
mg_1,19,37,"Dia niteraka zazalahy ny vavimatoa, ka ny anarany nataony hoe Moaba; izy no rain'ny Moabita mandraka androany.","Dia niteraka zazalahy ny vavimatoa, ka ny anarany nataony hoe Moaba; izy no rain'ny Moabita mandraka androany.Ary ny zandriny koa dia niteraka zazalahy ary ny anarany nataony hoe Benamy; izy kosa no rain'ny taranak'i Amona mandraka androany."
mg_1,20,17,Ary Abrahama dia nifona tamin'Andriamanitra; ary Andriamanitra nahasitrana an'i Abimeleka sy ny vadiny mbamin'ny mpanompovaviny; dia niteraka izy ireo.,"Ary Abrahama dia nifona tamin'Andriamanitra; ary Andriamanitra nahasitrana an'i Abimeleka sy ny vadiny mbamin'ny mpanompovaviny; dia niteraka izy ireo.Fa Jehovah efa nahamomba tokoa ny vehivavy rehetra tamin'ny ankohonan'i Abimeleka noho ny amin'i Saraha, vadin'i Abrahama."
mg_1,21,33,"Dia namboly hazo tamariska tany Beri-sheba Abrahama ka tao no niantsoany ny anaran'i Jehovah, dia Andriamanitra Mandrakizay.","Dia namboly hazo tamariska tany Beri-sheba Abrahama ka tao no niantsoany ny anaran'i Jehovah, dia Andriamanitra Mandrakizay.Ary Abrahama nivahiny elaela ihany tany amin'ny tanin'ny Filistina."
mg_1,22,23,"Ary Betoela niteraka an-dRebeka. Ireo valo ireo no naterak'i Milka tamin'i Nahora, rahalahin'i Abrahama.","Ary Betoela niteraka an-dRebeka. Ireo valo ireo no naterak'i Milka tamin'i Nahora, rahalahin'i Abrahama.Ary ny vaditsindranony, izay atao hoe Reoma, izy koa dia niteraka an'i Teba sy Gahama sy Tahasy ary Meaka."
mg_1,23,19,"Ary rehefa afaka izany, Abrahama dia nandevina an'i Saraha vadiny tao amin'ny zohy tao amin'ny saha Makpela tandrifin'i Mamre (Hebrona izany), ao amin'ny tany Kanana;","Ary rehefa afaka izany, Abrahama dia nandevina an'i Saraha vadiny tao amin'ny zohy tao amin'ny saha Makpela tandrifin'i Mamre (Hebrona izany), ao amin'ny tany Kanana;ka ny saha mbamin'ny zohy izay ao anatiny dia nataon'ny taranak'i Heta varo-maty tamin'i Abrahama ho tany fandevenana."
mg_1,24,66,Ary dia nambaran'ilay mpanompo tamin'Isaka ny zavatra rehetra izay efa nataony.,"Ary dia nambaran'ilay mpanompo tamin'Isaka ny zavatra rehetra izay efa nataony.Ary Isaka dia nampandroso an-dRebeka ho ao an-dain'i Saraha reniny ka nampakatra azy ho vadiny; ary tia azy izy, dia nionona ny alahelony an-dreniny."
mg_1,25,33,Ary hoy Jakoba: Mianiana ary amiko aloha. Dia nianiana taminy izy; ka dia namidiny tamin'i Jakoba ny fizokiany.,"Ary hoy Jakoba: Mianiana ary amiko aloha. Dia nianiana taminy izy; ka dia namidiny tamin'i Jakoba ny fizokiany.Ary Jakoba nanome an'i Esao mofo sy voanemba masaka; dia nihinana sy nisotro izy, ary niainga ka lasa nandeha. Izany no nanamavoan'i Esao ny fizokiany."
mg_1,26,34,"Ary rehefa efa-polo taona Esao, dia nampakatra an'i Jodita, zanakavavin'i Bery Hetita, sy Basemata, zanakavavin'i Elona Hetita, izy.","Ary rehefa efa-polo taona Esao, dia nampakatra an'i Jodita, zanakavavin'i Bery Hetita, sy Basemata, zanakavavin'i Elona Hetita, izy.Dia nangidy tamin'ny fanahin'Isaka sy Rebeka indrindra ireny."
mg_1,27,45,"eny, mandra-pahafaky ny fahatezeran'ny rahalahinao aminao, ka ho hadinony izay nataonao taminy; dia haniraka aho ka hampaka anao any; hataoko ahoana no famoy anareo mirahalahy indray andro?","eny, mandra-pahafaky ny fahatezeran'ny rahalahinao aminao, ka ho hadinony izay nataonao taminy; dia haniraka aho ka hampaka anao any; hataoko ahoana no famoy anareo mirahalahy indray andro?Ary hoy Rebeka tamin'Isaka: Tsy te-ho velona aho noho ireny zanakavavin'ny Hetita; raha maka vady amin'ny zanakavavin'ny Hetita Jakoba, tahaka ireto izay avy amin'ny zazavavy tompon-tany koa hataoko inona ny aiko ?"
mg_1,28,21,"ka ho tafaverina soa aman-tsara any amin'ny tranon'ny raiko aho, dia Jehovah no ho Andriamanitro,","ka ho tafaverina soa aman-tsara any amin'ny tranon'ny raiko aho, dia Jehovah no ho Andriamanitro,ary ity vato izay naoriko ho tsangam-bato ity ho tranon'Andriamanitra, ary izay rehetra homenao ahy, dia homeko Anao tokoa ny ampahafolony."
mg_1,29,34,"Dia nanan'anaka indray izy ka niteraka zazalahy; ary hoy izy: Ankehitriny izao dia hikambana amiko ny vadiko, fa efa niteraka zazalahy telo ho azy aho; izany no nanaovana ny anarany hoe Levy.","Dia nanan'anaka indray izy ka niteraka zazalahy; ary hoy izy: Ankehitriny izao dia hikambana amiko ny vadiko, fa efa niteraka zazalahy telo ho azy aho; izany no nanaovana ny anarany hoe Levy.Dia nanan'anaka indray izy ka niteraka zazalahy; ary hoy izy: Ankehitriny dia hidera an'i Jehovah aho; izany no nanaovany ny anarany hoe Joda; dia nitsaha-jaza izy."
mg_1,30,42,"Fa raha osaosa kosa ny ondry aman'osy, dia tsy mba napetrany teo ireny; ka dia ny osaosa no an'i Labana, fa ny matanjaka kosa no an'i Jakoba.","Fa raha osaosa kosa ny ondry aman'osy, dia tsy mba napetrany teo ireny; ka dia ny osaosa no an'i Labana, fa ny matanjaka kosa no an'i Jakoba.Dia nitombo harena indrindra ralehilahy ka nanana ondry aman'osy betsaka ary andevovavy sy andevolahy ary rameva sy boriky."
mg_1,31,53,"Ny andriamanitr'i Abrahama sy ny andriamanitr'i Nahora, dia ny andriamanitry ny rain'izy mirahalahy anie hitsara antsika. Fa Ilay natahoran'i Isaka rainy kosa no nianianan'i Jakoba.","Ny andriamanitr'i Abrahama sy ny andriamanitr'i Nahora, dia ny andriamanitry ny rain'izy mirahalahy anie hitsara antsika. Fa Ilay natahoran'i Isaka rainy kosa no nianianan'i Jakoba.Dia namono zavatra hatao fanatitra teo an-tendrombohitra Jakoba ka nanasa ny havany mba hihinan-kanina; dia nihinana izy ka nitoetra teo an-tendrombohitra nandritra ny alina,"
mg_1,32,32,"Dia niposaka taminy ny masoandro, raha niala teo Peniela izy, ary nitolitsika izy noho ny feny.","Dia niposaka taminy ny masoandro, raha niala teo Peniela izy, ary nitolitsika izy noho ny feny.Izany no tsy ihinanan'ny Zanak'Isiraely ny ozatry ny atodiakanga mandraka androany; satria nanendry ny foto-pen'i Jakoba teo amin'ny ozatry ny atodiakanga Izy."
mg_1,33,19,"Dia novidiny vola zato tamin'ny zanak'i Hamora, rain'i Sekema, ny tany izay nanorenany ny lainy.","Dia novidiny vola zato tamin'ny zanak'i Hamora, rain'i Sekema, ny tany izay nanorenany ny lainy.Ary nanorina alitara teo izy, ka nataony hoe El-elohe-Isiraely ny anarany."
mg_1,34,30,"Ary hoy Jakoba tamin'i Simeona sy Levy: Efa nahatonga loza amiko ianareo, fa efa nomaimboinareo eto amin'ny mponina amin'ny tany aho, dia amin'ny Kananita sy ny Perizita; nefa olom-bitsy aho, ka dia hiangona hamely ahy izy ireo ka hamono ahy; dia ho fongotra aho, dia izaho sy ny ankohonako.","Ary hoy Jakoba tamin'i Simeona sy Levy: Efa nahatonga loza amiko ianareo, fa efa nomaimboinareo eto amin'ny mponina amin'ny tany aho, dia amin'ny Kananita sy ny Perizita; nefa olom-bitsy aho, ka dia hiangona hamely ahy izy ireo ka hamono ahy; dia ho fongotra aho, dia izaho sy ny ankohonako.Fa hoy kosa izy: Moa ny anabavinay havela hataony toy ny vehivavy janga va?"
mg_1,35,28,Ary ny andro niainan'Isaka dia valo-polo amby zato taona.,"Ary ny andro niainan'Isaka dia valo-polo amby zato taona.Dia niala aina Isaka ka maty, ary voangona any amin'ny razany, rehefa tratrantitra sady ela niainana izy; ary dia nandevina azy Esao sy Jakoba zananilahy."
mg_1,36,42,sy Kenaza loham-pireneny sy Temana loham-pireneny sy Mibzara loham-pireneny,"sy Kenaza loham-pireneny sy Temana loham-pireneny sy Mibzara loham-pirenenysy Magdiela loham-pireneny ary Irama loham-pireneny. Ireo no loham-pirenena tamin'ny Edomita, araka ny fonenany, tany amin'ny taniny avy. Izany no Esao, rain'ny Edomita."
mg_1,38,29,"Ary rehefa nahemony ny tanany, dia, indro, teraka ny rahalahiny; ary hoy ny mpampivelona: Ahoana no nibosesehanao? dia nataony hoe Fareza no anarany.","Ary rehefa nahemony ny tànany, dia, indro, teraka ny rahalahiny; ary hoy ny mpampivelona: Ahoana no nibosesehanao? dia nataony hoe Fareza no anarany.Ary rehefa afaka izany, dia teraka koa ny rahalahiny, izay nisy ilay kofehy mena tamin'ny tànany; dia natao­ny hoe Zera no anarany."
mg_1,39,22,Dia natolotry ny mpitandrina ny trano-maizina ho andraikitr'i Josefa ny mpifatotra rehetra izay tao an-trano-maizina; ary izay rehetra nataony tao dia izy no antony.,"Dia natolotry ny mpitandrina ny trano-maizina ho andraikitr'i Josefa ny mpifatotra rehetra izay tao an-trano-maizina; ary izay rehetra nataony tao dia izy no antony.Ny mpitandrina ny trano-maizina tsy mba nikarakara na inona na inona izay efa mby an-tànany, satria Jehovah nomba an'i Josefa, ary izay nataony dia nambinin'i Jehovah."
mg_1,40,22,"fa ny lehiben'ny mpanao mofo kosa dia nahantony, araka izay efa nolazain'i Josefa tamin'izy roa lahy avy.","fa ny lehiben'ny mpanao mofo kosa dia nahantony, araka izay efa nolazain'i Josefa tamin'izy roa lahy avy.Kanjo tsy mba nahatsiaro an'i Josefa ilay lehiben'ny mpitondra kapoaka, fa nanadino azy."
mg_1,41,56,Ary ny mosary dia tany amin'ny tany rehetra. Ary Josefa namoha ny trano fitehirizam-bary ka nivaro-bary tamin'ny Egyptiana.,Ary ny mosary dia tany amin'ny tany rehetra. Ary Josefa namoha ny trano fitehirizam-bary ka nivaro-bary tamin'ny Egyptiana.Ary ny tany rehetra nankany Egypta ho any amin'i Josefa mba hividy vary; fa efa mafy ny mosary tany amin'ny tany rehetra.
mg_1,42,37,"Ary Robena niteny tamin'ny rainy ka nanao hoe: Vonoy ny zanako roa lahy, raha tsy entiko miverina aty aminao izy; atolory eto an-tanako izy, dia izaho no hitondra azy mody ho aty aminao indray.","Ary Robena niteny tamin'ny rainy ka nanao hoe: Vonoy ny zanako roa lahy, raha tsy entiko miverina atỳ aminao izy; atolory eto an-tanako izy, dia izaho no hitondra azy mody ho atỳ aminao indray.Ary hoy Jakoba: Tsy hidina hiaraka aminareo ny zanako; fa maty ny rahalahiny, ary izy irery ihany no sisa, ary raha hisy loza hanjo azy any amin'ny lalana izay halehanareo, dia hampidininareo any amin'ny fiainan-tsi-hita amin'alahelo ny volo fotsiko."
mg_1,43,33,"Dia nipetraka teo anatrehany izy, ny lahimatoa araka ny fizokiany, ary ny faralahy araka ny fizandriany; dia samy talanjona ka nifampijerijery izy.","Dia nipetraka teo anatrehany izy, ny lahimatoa araka ny fizokiany, ary ny faralahy araka ny fizandriany; dia samy talanjona ka nifampijerijery izy.Ary samy nitondrana anjara-hanina avy teo anoloan'i Josefa izy mirahalahy avy; kanefa ny anjara-hanin'i Benjamina dia indimy toraka ny anjaran-drery tamin'izy rehetra. Dia niara-nisotro sy nivoky divay teo aminy izy."
mg_1,44,33,"Koa ankehitriny, trarantitra ianao, aoka ny mpanomponao hitoetra ho andevon'itompokolahy hisolo ny zaza; fa aoka ny zaza hiara-miakatra amin'ny rahalahiny.","Koa ankehitriny, trarantitra ianao, aoka ny mpanomponao hitoetra ho andevon'itompokolahy hisolo ny zaza; fa aoka ny zaza hiara-miakatra amin'ny rahalahiny.Fa hataoko ahoana no fiakatra any amin'ny raiko, raha tsy hiaraka amiko ny zaza? fandrao hahita izay loza hanjo ny raiko aho."
mg_1,45,27,"Dia nolazain'izy ireo ny teny rehetra izay efa nolazain'i Josefa taminy: ary rehefa hitany ny sariety izay efa nampitondrain'i Josefa hitondrana azy, dia izay vao velona indray ny fanahin'i Jakoba rainy","Dia nolazain'izy ireo ny teny rehetra izay efa nolazain'i Josefa taminy: ary rehefa hitany ny sariety izay efa nampitondrain'i Josefa hitondrana azy, dia izay vao velona indray ny fanahin'i Jakoba rainyAry hoy Isiraely: Aoka ary, fa mbola velona ihany Josefa zanako; handeha aho ka hahita azy, dieny tsy mbola maty aho."
mg_1,46,33,Ary raha hiantso anareo Farao ka hanao hoe : Inona no raharaha fanaonareo?,"Ary raha hiantso anareo Farao ka hanao hoe : Inona no raharaha fanaonareo?dia izao no havalinareo: Miompy omby aman'ondry no raharaha fanaon'ny mpanomponao, hatry ny fony vao zaza ka ambaraka ankehitriny, dia izahay sy ny razanay koa mba hahazoanareo monina ao amin'ny tany Gosena, satria fahavetavetana amin'ny Egyptiana ny mpiandry ondry rehetra."
mg_1,47,30,"Fa rehefa lasa mody mandry any amin'ny razako aho, dia ho entinao hiala aty Egypta ka halevinao ao amin'ny fasany. Dia hoy Josefa: Hanao araka ny teninao aho.","Fa rehefa lasa mody mandry any amin'ny razako aho, dia ho entinao hiala atỳ Egypta ka halevinao ao amin'ny fasany. Dia hoy Josefa: Hanao araka ny teninao aho.Ary hoy Jakoba: Mianiana ary amiko. Dia nianiana taminy izy. Dia niankohoka teo an-dohan'ny farafara Isiraely."
mg_1,48,21,"Ary hoy Isiraely tamin'i Josefa: Indro, ho faty aho, nefa Andriamanitra homba anareo ka hampody anareo indray ho any amin'ny tanindrazanareo.","Ary hoy Isiraely tamin'i Josefa: Indro, ho faty aho, nefa Andriamanitra homba anareo ka hampody anareo indray ho any amin'ny tanindrazanareo.Ary izaho manome anao zara-tany iray ho tombon-dahinao amin'ny rahalahinao, izay nalaiko tamin'ny sabatro sy ny tsipikako teo an-tànan'ny Amorita."
mg_1,49,32,ny saha sy ny zohy ao anatiny izay novidiny tamin'ny taranak'i Heta.,"ny saha sy ny zohy ao anatiny izay novidiny tamin'ny taranak'i Heta.<n>[Ny nahafatesan'i Jakoba sy ny nandevenana azy, ary ny nahafatesan'i Josefa]</n> Ary rehefa vitan'i Jakoba ny hafatra nataony tamin'ny zananilahy rehetra, dia navonkiny teo am-parafara ny tongony, dia niala aina izy ka voangona any amin'ny razany."
mg_1,50,25,"Ary Josefa dia nampianiana ny zanak'Isiraely ka nanao hoe: Hamangy anareo tokoa Andriamanitra, dia hitondra ny taolako hiala eto ianareo.","Ary Josefa dia nampianiana ny zanak'Isiraely ka nanao hoe: Hamangy anareo tokoa Andriamanitra, dia hitondra ny taolako hiala eto ianareo.Dia maty Josefa, rehefa folo amby zato taona; ary dia nohosorany zava-manitra izy ka napetrany tao anatin'ny vata tany Egypta."
mg_10,1,26,"Ory noho ny aminao aho, ry Jonatana rahalahiko; nahafinaritra ahy indrindra ianao; nahagaga ny fitiavanao ahy mihoatra noho ny fitiavan'ny vehivavy.","Ory noho ny aminao aho, ry Jonatana rahalahiko; nahafinaritra ahy indrindra ianao; nahagaga ny fitiavanao ahy mihoatra noho ny fitiavan'ny vehivavy.Endrey! lavo ny mahery, ary levona ny fiadiana!"
mg_10,2,31,Fa ny mpanompon'i Davida efa nahafaty enim-polo sy telon-jato lahy tamin'ny Benjamita sy ny olon'i Abnera.,"Fa ny mpanompon'i Davida efa nahafaty enim-polo sy telon-jato lahy tamin'ny Benjamita sy ny olon'i Abnera.Ary Asahela dia nentiny ka naleviny tao amin'ny fasan-drainy, izay tao Betlehema. Ary Joaba sy ny olony nandeha mandritra ny alina, dia tonga tao Hebrona raha vao nazava ratsy ny andro."
mg_10,3,38,Ary hoy ny mpanjaka tamin'ny mpanompony: Tsy fantatrareo va fa komandy sady lehilahy malaza no maty androany tamin'ny Isiraely?,"Ary hoy ny mpanjaka tamin'ny mpanompony: Tsy fantatrareo va fa komandy sady lehilahy malaza no maty androany tamin'ny Isiraely?Ary tsy mbola manan-kery loatra aho izao, na dia mpanjaka efa voahosotra aza; ary ireo zanak'i Zeroia ireo dia mahery sata loatra amiko; Jehovah anie hamaly izay nanao izao ratsy izao araka ny ratsy nataony."
mg_10,4,11,"koa mainka raha misy olon-dratsy mamono lehilahy marina ao an-tranony eo am-pandriany; koa tsy hadiniko eo an-tananareo va ny ràny, ary tsy hofongorako tsy ho amin'ny tany intsony va ianareo","koa mainka raha misy olon-dratsy mamono lehilahy marina ao an-tranony eo am-pandriany; koa tsy hadiniko eo an-tananareo va ny ràny, ary tsy hofongorako tsy ho amin'ny tany intsony va ianareoAry Davida nandidy ny zatovony, dia namono azy ireo, ka notapahiny ny tanany sy ny tongony, dia nahantony teo anilan'ny kamory tao Hebrona. Fa ny lohan'Isboseta kosa dia nentina ka nalevina tao am-pasan'i Abnera tao Hebrona."
mg_10,5,24,"Ary raha toa mahare fingadongadon'olona eny amin'ny tendron'ny hazo balsama ianao, dia faingàna; fa amin'izay no efa miainga mialoha anao Jehovah hamely ny miaramilan'ny Filistina.","Ary raha toa mahare fingadongadon'olona eny amin'ny tendron'ny hazo balsama ianao, dia faingàna; fa amin'izay no efa miainga mialoha anao Jehovah hamely ny miaramilan'ny Filistina.Ary dia nanao araka ny nandidian'i Jehovah azy Davida ka dia namely ny Filistina hatrany Geba ka hatrao akaikin'i Gazera izy."
mg_10,6,22,"Ary mbola hivazina kokoa noho izany aza aho, ka hataoko tsinontsinona ny tenako; nefa hiaraka hanam-boninahitra amin'ireo tovovavy nantsoinao ireo kosa aho.","Ary mbola hivazina kokoa noho izany aza aho, ka hataoko tsinontsinona ny tenako; nefa hiaraka hanam-boninahitra amin'ireo tovovavy nantsoinao ireo kosa aho.Ka dia tsy nanan-janaka intsony mandra-pahafatiny Mikala, zanakavavin'i Saoly."
mg_10,8,17,"ary Zadoka, zanak'i Ahitoba, sy Ahimeleka, zanak'i Abiatara, no mpisorona; ary Seraia no mpanoratra;","ary Zadoka, zanak'i Ahitoba, sy Ahimeleka, zanak'i Abiatara, no mpisorona; ary Seraia no mpanoratra;ary Benaia, zanak'i Joiada, no mpifehy ny mpiambina andriana; ary ny zanak'i Davida no mpanolo-tsaina. <n>[Heb. Kerenita sy Peletita]</n><n>[Na: mpisorona]</n>"
mg_10,9,12,"Ary Mefiboseta nanan-janakalahy tanora, Mika no anarany. Ary izay rehetra nitoetra tao an-tranon'i Ziba dia mpanompon'i Mefiboseta avokoa.","Ary Mefiboseta nanan-janakalahy tanora, Mika no anarany. Ary izay rehetra nitoetra tao an-tranon'i Ziba dia mpanompon'i Mefiboseta avokoa.Ary Mefiboseta nonina tany Jerosalema; fa teo amin'ny latabatry ny mpanjaka no nihinanany mandrakariva; ary nalemy ny tongony roa."
mg_10,10,18,"Ary vaky nandositra teo anoloan'ny Isiraely ny Syriana, ka nahafaty ny tao an-kalesy fiton-jato sy ny an-tsoavaly efatra alina tamin'ny Syriana Davida sady namely an'i Sobaka koa, ilay komandin'ny miaramila, ka nahafaty azy teo.","Ary vaky nandositra teo anoloan'ny Isiraely ny Syriana, ka nahafaty ny tao an-kalesy fiton-jato sy ny an-tsoavaly efatra alina tamin'ny Syriana Davida sady namely an'i Sobaka koa, ilay komandin'ny miaramila, ka nahafaty azy teo.Ary nony hitan'ny mpanjaka rehetra izay nanoa an'i Hadadezera fa resy teo anoloan'ny Isiraely izy, dia nanao fihavanana tamin'ny Isiraely izy ireo ka nanompo azy. Dia natahotra ny Syriana, ka tsy nety namonjy ny taranak'i Amona intsony."
mg_10,11,26,"Ary nony ren'ny vadin'i Oria fa maty ny lahy, dia nisaona azy izy.","Ary nony ren'ny vadin'i Oria fa maty ny lahy, dia nisaona azy izy.Ary rehefa afa-tsaona izy, dia nampanalain'i Davida ho any an-tranony, ary dia novadiny izy ka niteraka zazalahy taminy. Nefa tsy sitrak'i Jehovah izany nataon'i Davida izany."
mg_10,13,38,Ary Absaloma efa nandositra nankany Gesora ka nitoetra tany telo taona.,"Ary Absaloma efa nandositra nankany Gesora ka nitoetra tany telo taona.Ary Davida mpanjaka naniry hivoaka hankany amin'i Absaloma; fa nionona izy noho ny amin'i Amnona, satria efa maty izy.<n>[Na: Koa izany no nisakana an'i Davida mpanjaka tsy hivoaka hamely an'i Absaloma]</n>"
mg_10,14,32,"Fa hoy Absaloma tamin'i Joaba: Indro, naniraka tany aminao aho ka nanao hoe: Mankanesa aty hirahiko ho any amin'ny mpanjaka hanao hoe: Nahoana no niala tany Gesora aho? Tsara amiko raha nitoetra tany ihany mandraka ankehitriny. Koa ankehitriny, aoka re mba hahita ny tavan'ny mpanjaka aho, ka raha manan-keloka aho, dia aoka hovonoiny.","Fa hoy Absaloma tamin'i Joaba: Indro, naniraka tany aminao aho ka nanao hoe: Mankanesa atỳ hirahiko ho any amin'ny mpanjaka hanao hoe: Nahoana no niala tany Gesora aho? Tsara amiko raha nitoetra tany ihany mandraka ankehitriny. Koa ankehitriny, aoka re mba hahita ny tavan'ny mpanjaka aho, ka raha manan-keloka aho, dia aoka hovonoiny.Ary Joaba nankany amin'ny mpanjaka ka nanambara izany taminy: ary dia nampanalain'ny mpanjaka Absaloma, dia nankao aminy izy ka niondrika tamin'ny tany teo anatrehan'ny mpanjaka; ary dia nanoroka an'i Absaloma ny mpanjaka."
mg_10,15,36,"Indreo, any aminy ny zanany roa lahy, dia Ahimaza, zanak'i Zadoka, sy Jonatana, zanak'i Abiatara; ary izy no hampitondrainareo izay rehetra renareo ho aty amiko.","Indreo, any aminy ny zanany roa lahy, dia Ahimaza, zanak'i Zadoka, sy Jonatana, zanak'i Abiatara; ary izy no hampitondrainareo izay rehetra renareo ho atỳ amiko.Koa dia tonga tany an-tanàna Hosay, sakaizan'i Davida, tamin'ny nahatongavan'i Absaloma tany Jerosalema."
mg_10,16,22,Ary dia nanorin-day ho an'i Absaloma teo an-tampon-trano ny olona; ary Absaloma niditra tao amin'ny vaditsindranon-drainy teo imason'ny Isiraely rehetra.,"Ary dia nanorin-day ho an'i Absaloma teo an-tampon-trano ny olona; ary Absaloma niditra tao amin'ny vaditsindranon-drainy teo imason'ny Isiraely rehetra.Ary ny hevitr'i Ahitofela izay nataony tamin'izany dia hoatra ny manontany amin'Andriamanitra; toy izany avokoa ny hevitra rehetra nataon'i Ahitofela, na tamin'i Davida, na tamin'i Absaloma."
mg_10,18,31,"Ary, indro, avy ilay Kosita ka nanao hoe: Aoka ny mpanjaka tompoko hihaino teny mahafaly; fa Jehovah efa nanome anao ny rariny ka nahafaka anao ankehitriny tamin'izay rehetra nitsangana hikomy aminao.","Ary, indro, avy ilay Kosita ka nanao hoe: Aoka ny mpanjaka tompoko hihaino teny mahafaly; fa Jehovah efa nanome anao ny rariny ka nahafaka anao ankehitriny tamin'izay rehetra nitsangana hikomy aminao.Ary hoy ny mpanjaka tamin'ilay Kosita: Tsara ihany va Absaloma zatovo? Fa hoy ilay Kosita: Aoka ny fahavalon'ny mpanjaka tompoko sy izay rehetra mitsangana hanisy ratsy anao ho tahaka iny zatovo iny."
mg_10,20,25,ary Seva no mpanoratra; ary Zadoka sy Abiatara no mpisorona;,ary Seva no mpanoratra; ary Zadoka sy Abiatara no mpisorona;ary Ira Jairita kosa no mpanolo-tsaina an'i Davida.<n>[Na: mpisorona]</n>
mg_10,21,21,"Ary izy nihaika ny Isiraely, ka matin'i Jonatana, zanak'i Simea, rahalahin'i Davida.","Ary izy nihaika ny Isiraely, ka matin'i Jonatana, zanak'i Simea, rahalahin'i Davida.Ireo efatra ireo no teraky ny Refaita teo Gata, ka matin'ny tànan'i Davida sy ny tanan'ny mpanompony avokoa ireo."
mg_10,22,50,"Koa Izany no hiderako Anao eny amin'ny firenen-tsamy hafa, Jehovah o, sy hankalazako ny anaranao.","Koa Izany no hiderako Anao eny amin'ny firenen-tsamy hafa, Jehovah ô, sy hankalazako ny anaranao.Manao famonjen-dehibe ho an'ny mpanjaka voatendriny Izy ary mamindra fo amin'ny voahosony, dia amin'i Davida sy ny taranany mandrakizay."
mg_10,23,38,"Ira Jitrita, Gareba Jitrita,","Ira Jitrita, Gareba Jitrita,Oria Hetita; fito amby telo-polo no isan'izy rehetra."
mg_11,1,52,"Fa hoy Solomona: Raha hita fa lehilahy tsara fanahy izy, dia tsy hisy na dia singam-bolony iray akory aza ho latsaka amin'ny tany; fa raha misy heloka kosa ho hita aminy, dia ho faty ihany izy.","Fa hoy Solomona: Raha hita fa lehilahy tsara fanahy izy, dia tsy hisy na dia singam-bolony iray akory aza ho latsaka amin'ny tany; fa raha misy heloka kosa ho hita aminy, dia ho faty ihany izy.Dia naniraka Solomona mpanjaka nampidina azy hiala amin'ny alitara. Dia avy izy ka niankohoka teo anatrehan'i Solomona mpanjaka; ary dia hoy Solomona taminy: Modia any an-tranonao."
mg_11,2,45,"Fa hotahina kosa Solomona mpanjaka, ary ny seza fiandrianan'i Davida hampitoerina eo anatrehan'i Jehovah mandrakizay.","Fa hotahina kosa Solomona mpanjaka, ary ny seza fiandrianan'i Davida hampitoerina eo anatrehan'i Jehovah mandrakizay.Ary ny mpanjaka nandidy an'i Benaia, zanak'i Joiada, dia nivoaka izy ka namely an'i Simey ho faty. Ary ny fanjakana dia naorina teo an-tànan'i Solomona."
mg_11,3,27,"Dia namaly ny mpanjaka ka nanao hoe: Omeo itsy ny zaza velona, fa aoka tsy hovonoina; fa io mihitsy no reniny.","Dia namaly ny mpanjaka ka nanao hoe: Omeo itsy ny zaza velona, fa aoka tsy hovonoina; fa io mihitsy no reniny.Ary raha ren'ny Isiraely rehetra izany fitsarana nataon'ny mpanjaka izany, dia natahotra ny mpanjaka izy, satria hitany fa misy fahendren'Andriamanitra ao am-pony ho entiny mitsara."
mg_11,4,19,"Gabera, zanak'i Ory, tany amin'ny tany Gileada, tanin'i Sihona, mpanjakan'ny Amorita, sy Oga, mpanjakan'i Basana; ary izy ihany no voatendry ho amin'izany tany izany.","Gabera, zanak'i Ory, tany amin'ny tany Gileada, tanin'i Sihona, mpanjakan'ny Amorita, sy Oga, mpanjakan'i Basana; ary izy ihany no voatendry ho amin'izany tany izany.Ary ny Joda sy ny Isiraely dia maro, tahaka ny fasika amoron-dranomasina ny hamarony, sady mihinana sy misotro ary mifaly."
mg_11,5,31,Ary ny mpanjaka dia nandidy hanamboatra vato vaventy tsara sady voapaika hatao fanorenan'ny trano.,Ary ny mpanjaka dia nandidy hanamboatra vato vaventy tsara sady voapaika hatao fanorenan'ny trano.Ary ny mpiasan'i Solomona sy Hirama (indrindra fa ny avy any Gebala) no nipaika sy nanamboatra ny hazo sy ny vato hatao trano.
mg_11,6,37,"Tamin'ny volana Ziva tamin'ny taona fahefatra, no; nanaovany ny fanorenan'ny tranon'i Jehovah.","Tamin'ny volana Ziva tamin'ny taona fahefatra, no; nanaovany ny fanorenan'ny tranon'i Jehovah.Ary tamin'ny volana Bola (volana fahavalo izany), tamin'ny taona fahiraika ambin'ny folo, no nahavitany ny trano araka ny fombany rehetra sy izay rehetra nahamety azy. Dia fito taona no nanaovany azy."
mg_11,7,50,"ary ny vilia sy ny antsy sy ny lovia famafazana sy ny lovia kely sy ny fitoeran-davenon-jiro dia volamena tsara; ary ny vavin-tsavily ho amin'ny lela-varavaran'ny efitra anatiny, dia ny fitoerana masina indrindra, sy ho amin'ny lela-varavaran'ny efi-trano lehibe dia volamena avokoa.","ary ny vilia sy ny antsy sy ny lovia famafazana sy ny lovia kely sy ny fitoeran-davenon-jiro dia volamena tsara; ary ny vavin-tsavily ho amin'ny lela-varavaran'ny efitra anatiny, dia ny fitoerana masina indrindra, sy ho amin'ny lela-varavaran'ny efi-trano lehibe dia volamena avokoa.Toy izany no nahavitana ny asa nataon'i Solomona mpanjaka ho amin'ny tranon'i Jehovah; ary nampidirin'i Solomona ny zavatra izay efa nohamasinin'i Davida rainy, dia ny volafotsy sy ny volamena ary ny fanaka, sa nataony tao amin'ny rakitry ny tranon'i Jehovah."
mg_11,8,65,"Ary tamin'izany andro izany Solomona sy ny Isiraely rehetra teo aminy, dia fiangonana lehibe hatrany akaikin'i Hamata ka hatramin'ny lohasahan-driak'i Egypta, dia nitandrina ny andro firavoravoana teo anatrehan'i Jehovah Andriamanitsika hafitoana indroa, dia efatra ambin'ny folo andro.","Ary tamin'izany andro izany Solomona sy ny Isiraely rehetra teo aminy, dia fiangonana lehibe hatrany akaikin'i Hamata ka hatramin'ny lohasahan-driak'i Egypta, dia nitandrina ny andro firavoravoana teo anatrehan'i Jehovah Andriamanitsika hafitoana indroa, dia efatra ambin'ny folo andro.Ary nony tamin'ny andro fahavalo dia nampodiny ny olona, ary nisaotra andriana izy, dia lasa nandeha ho any an-dainy avy, sady faly no ravoravo ny fony noho ny soa rehetra nataon'i Jehovah tamin'i Davida mpanompony sy ny Isiraely olony."
mg_11,10,28,Ary avy any Egypta no nahazoan'i Solomona soavaly; ary ny iray toko tamin'ny mpandranton'ny mpanjaka dia naka ny andiany iray araka izay vidiny voatendry.,"Ary avy any Egypta no nahazoan'i Solomona soavaly; ary ny iray toko tamin'ny mpandranton'ny mpanjaka dia naka ny andiany iray araka izay vidiny voatendry.Ary ny vidin'ny kalesy iray nentiny niakatra avy tany Egypta dia sekely volafotsy enin-jato, ary ny soavaly dia dimam-polo amby zato avy; ary toy izany kosa no nitondrany ho an'ny mpanjakan'ny Hetita sy ny mpanjakan'ny Syriana."
mg_11,11,42,Ary ny andro nanjakan'i Solomona tamin'ny Isiraely rehetra tany Jerosalema dia efa-polo taona.,"Ary ny andro nanjakan'i Solomona tamin'ny Isiraely rehetra tany Jerosalema dia efa-polo taona.Ary Solomona lasa nodi-mandry any amin'ny razany, dia nalevina tao an-Tanànan'i Davida rainy izy; ary Rehoboama zanany no nanjaka nandimby azy."
mg_11,12,32,"Ary Jeroboama, nanendry andro firavoravoana tamin'ny andro fahadimy ambin'ny folo amin'ny volana fahavalo, tahaka ny andro firavoravoana tamin'ny Joda ihany, ka nanatitra fanatitra teo ambonin'ny alitara izy. Toy izany no nataony tao Betela, fa namono zavatra hatao fanatitra ho an'ireo ombilahy kely izay nataony izy; ary nampitoeriny tao Betela ireo mpisorona amin'ny fitoerana avo izay notendreny.","Ary Jeroboama, nanendry andro firavoravoana tamin'ny andro fahadimy ambin'ny folo amin'ny volana fahavalo, tahaka ny andro firavoravoana tamin'ny Joda ihany, ka nanatitra fanatitra teo ambonin'ny alitara izy. Toy izany no nataony tao Betela, fa namono zavatra hatao fanatitra ho an'ireo ombilahy kely izay nataony izy; ary nampitoeriny tao Betela ireo mpisorona amin'ny fitoerana avo izay notendreny.Ary nanatitra fanatitra teo ambonin'ny alitara izay nataony tao Betela izy tamin'ny andro fahadimy ambin'ny folo amin'ny volana fahavalo, volana izay notendreny araka ny sitrapony ihany; ary nanao andro firavoravoana ho an'ny Zanak'Isiraely izy sady nanatitra fanatitra teo ambonin'ny alitara sy nandoro ditin-kazo manitra."
mg_11,14,30,Ary niady mandrakariva Rehoboama sy Jeroboama.,"Ary niady mandrakariva Rehoboama sy Jeroboama.Ary Rehoboama lasa nodi-mandry any amin'ny razany, dia nalevina tao amin'ny razany tao an-Tanànan'i Davida. Ary ny anaran-dreniny dia Nama Amonita. Ary Abia zanany no nanjaka nandimby azy."
mg_11,15,33,"Tamin'ny taona fahatelo nanjakan'i Asa, mpanjakan'ny Joda, no vao nanjakan'i Basa, zanak'i Ahia, tamin'ny Isiraely rehetra tao Tirza; ary mpanjaka efatra amby roa-polo taona izy.","Tamin'ny taona fahatelo nanjakan'i Asa, mpanjakan'ny Joda, no vao nanjakan'i Basa, zanak'i Ahia, tamin'ny Isiraely rehetra tao Tirza; ary mpanjaka efatra amby roa-polo taona izy.Ary nanao izay ratsy eo imason'i Jehovah izy, fa nandeha tamin'ny lalan'i Jeroboama sy tamin'ny fahotany izay nampanotany ny Isiraely."
mg_11,16,33,"Ary Ahaba nanao ny Aseraha ka nampahatezitra an'i Jehovah, Andriamanitry ny Isiraely, mihoatra noho ny mpanjakan'ny Isiraely rehetra izay teo alohany.","Ary Ahaba nanao ny Aseraha ka nampahatezitra an'i Jehovah, Andriamanitry ny Isiraely, mihoatra noho ny mpanjakan'ny Isiraely rehetra izay teo alohany.Tamin'ny andron'i Ahaba no nanorenan'i Hiela Betelita an'i Jeriko; ny ain'i Abìrama lahimatoany no sazin'ny nanorenany ny fanambaniny, ary ny ain'i Segoba faralahiny no sazin'ny nananganany ny vavahadiny, araka ny tenin'i Jehovah izay nampilazainy an'i Josoa, zanak'i Nona."
mg_11,17,23,"Ary Elia nandray ny zaza ka nitondra azy nidina avy tao an-efi-trano ambony ho ao anaty trano, dia natolony an-dreniny, ka hoy izy: Inty, fa velona ny zanakao.","Ary Elia nandray ny zaza ka nitondra azy nidina avy tao an-efi-trano ambony ho ao anaty trano, dia natolony an-dreniny, ka hoy izy: Inty, fa velona ny zanakao..Ary hoy ravehivavy tamin'i Elia: Ankehitriny izao dia fantatro fa lehilahin'Andriamanitra tokoa ianao, ary marina ny tenin'i Jehovah aloaky ny vavanao."
mg_11,18,45,"Ary vetivety dia maintin'ny rahona sy ny rivotra ny lanitra, ka nisy ranonorana be. Ary Ahaba niakatra tamin'ny kalesy ka nankany Jezirela.","Ary vetivety dia maintin'ny rahona sy ny rivotra ny lanitra, ka nisy ranonorana be. Ary Ahaba niakatra tamin'ny kalesy ka nankany Jezirela.Ary ny tànan'i Jehovah dia tao amin'i Elia, dia nisikina izy ka nihazakazaka teo alohan i Ahaba mandra-pahatongany tany Jezirela."
mg_11,19,20,"Dia nandao ny omby izy ka nihazakazaka nanaraka an'i Elia ary niteny hoe: Masïna ianao, avelao aho aloha hanoroka an'ikaky sy ineny vao manaraka anao. Ary hoy izy taminy: Mandehana miverina, fa naninona anao moa aho?","Dia nandao ny omby izy ka nihazakazaka nanaraka an'i Elia ary niteny hoe: Masìna ianao, avelao aho aloha hanoroka an'ikaky sy ineny vao manaraka anao. Ary hoy izy taminy: Mandehana miverina, fa naninona anao moa aho?Dia niverina niala taminy indray izy ka naka ny omby roa mikambana, dia namono azy, ary nandrahoiny tamin'ny hazo fiasàn'ny omby ny henany ka nomeny ny olona, dia nihinana ireo; ary niainga izy ka nanaraka an'i Elia, dia nanompo azy.<n>[Na: natonony]</n>"
mg_11,21,28,Ary ny tenin'i Jehovah tonga tamin'i Elia Tisbita ka nanao hoe:,Ary ny tenin'i Jehovah tonga tamin'i Elia Tisbita ka nanao hoe:Hitanao va ny nanetren'i Ahaba tena teo anatrehako? Satria nanetry tena teo anatrehako izy. dia tsy hahatonga loza aminy Aho amin'ny androny; fa any amin'ny andron'ny zanany vao hahatonga loza amin'ny taranany Aho.
mg_11,22,53,"Ary nanao izay ratsy eo imason'i Jehovah izy, fa nandeha tamin'ny lalan'ny rainy sy ny reniny ary tamin'ny lalan'i Jeroboama, zanak'i Nebata, izay nampanota ny Isiraely;","Ary nanao izay ratsy eo imason'i Jehovah izy, fa nandeha tamin'ny lalan'ny rainy sy ny reniny ary tamin'ny lalan'i Jeroboama, zanak'i Nebata, izay nampanota ny Isiraely;ary nanompo an'i Bala izy, dia niankohoka teo anatrehany ka nampahatezitra an'i Jehovah, Andriamanitry ny Isiraely, tahaka izay rehetra nataon-drainy."
mg_12,1,17,"Ka dia maty izy araka ny tenin'i Jehovah izay nolazain'i Elia. Ary satria tsy nanan-janaka izy, dia Jorama no nanjaka nandimby azy tamin'ny taona faharoa nanjakan'i Jehorama, zanak'i Josafata, mpanjakan'ny Joda.","Ka dia maty izy araka ny tenin'i Jehovah izay nolazain'i Elia. Ary satria tsy nanan-janaka izy, dia Jorama no nanjaka nandimby azy tamin'ny taona faharoa nanjakan'i Jehorama, zanak'i Josafata, mpanjakan'ny Joda.Ary ny asan'i Ahazia sisa izay nataony, tsy efa voasoratra ao amin'ny bokin'ny tantaran'ny mpanjakan'ny Isiraely va izany?"
mg_12,2,24,"Ary nitodika izy ka nahita azy, dia nanozona azy tamin'ny anaran'i Jehovah. Ary dia nisy beravavy roa avy tany an'ala namiravira roa amby efa-polo tamin'ireo ankizilahy madinika ireo.","Ary nitodika izy ka nahita azy, dia nanozona azy tamin'ny anaran'i Jehovah. Ary dia nisy beravavy roa avy tany an'ala namiravira roa amby efa-polo tamin'ireo ankizilahy madinika ireo.Dia niala teo Elisa ka nankany an-tendrombohitra Karmela, ary avy tao no niverenany any Samaria."
mg_12,3,26,"Ary rehefa hitan'ny mpanjakan'i Moaba fa tsy tohany ny ady, dia nitondra fiton-jato lahy nahay sabatra nomba azy izy mba hanivakivaka hitsin'ny mpanjakan'i Edoma; nefa tsy afaka izy.","Ary rehefa hitan'ny mpanjakan'i Moaba fa tsy tohany ny ady, dia nitondra fiton-jato lahy nahay sabatra nomba azy izy mba hanivakivaka hitsin'ny mpanjakan'i Edoma; nefa tsy afaka izy.Ary nalainy ny zanany lahimatoa, izay natao hanjaka handimby azy, ka nateriny ho fanatitra dorana teo ambonin'ny manda. Dia niharan'ny fahatezerana mafy ny Isiraely, dia niala taminy ary niverina ho any amin'ny taniny izy."
mg_12,4,43,"Fa hoy kosa ny mpanompony: Hataoko ahoana no fametraka ity eo anoloan'ny zato lahy? Ary hoy indray Elisa: Omeo ihany ny olona hohaniny; fa izao no lazain'i Jehovah: Hihinana izy, ary mbola hisy sisa tsy lany.","Fa hoy kosa ny mpanompony: Hataoko ahoana no fametraka ity eo anoloan'ny zato lahy? Ary hoy indray Elisa: Omeo ihany ny olona hohaniny; fa izao no lazain'i Jehovah: Hihinana izy, ary mbola hisy sisa tsy lany.Dia narosony teo anoloany, ka dia nihinana izy, ary mbola nisy sisa tsy lany aza araka ny tenin'i Jehovah."
mg_12,5,26,"Fa hoy kosa Elisa taminy: Tsy niaraka taminao ihany va ny foko tamin'ilay nihodina niala tamin'ny kalesy hitsena anao ralehilahy? Moa andro fandraisam-bola, na fandraisana fitafiana, na tanin'oliva, na tanim-boaloboka, na ondry aman'osy, na omby, na ankizilahy, na ankizivavy va izao?","Fa hoy kosa Elisa taminy: Tsy niaraka taminao ihany va ny foko tamin'ilay nihodina niala tamin'ny kalesy hitsena anao ralehilahy? Moa andro fandraisam-bola, na fandraisana fitafiana, na tanin'oliva, na tanim-boaloboka, na ondry aman'osy, na omby, na ankizilahy, na ankizivavy va izao?Koa ny habokan'i Namàna dia hiraikitra aminao sy ny taranakao mandrakizay. Ary niala teo anatrehany izy ka, indro, boka fotsy toy ny oram-panala."
mg_12,6,32,"Fa Elisa nipetraka tao an-tranony, ary ny loholona nipetraka tao aminy; ary ny mpanjaka naniraka olona avy teo aminy; fa raha tsy mbola tonga tany amin'i Elisa iny iraka iny, dia hoy izy tamin'ny loholona: Hitanareo va ny nanirahan'ity zanaky ny mpamono olona ity hanapaka ny lohako? Izahao, ka raha avy ny iraka, dia arindrino ny varavarana, ary atoseho mafy hisakana azy; tsy eo aoriany koa va ny fingadongadon'ny tongotry ny tompony?","Fa Elisa nipetraka tao an-tranony, ary ny loholona nipetraka tao aminy; ary ny mpanjaka naniraka olona avy teo aminy; fa raha tsy mbola tonga tany amin'i Elisa iny iraka iny, dia hoy izy tamin'ny loholona: Hitanareo va ny nanirahan'ity zanaky ny mpamono olona ity hanapaka ny lohako? Izahao, ka raha avy ny iraka, dia arindrino ny varavarana, ary atoseho mafy hisakana azy; tsy eo aoriany koa va ny fingadongadon'ny tongotry ny tompony?Ary raha mbola niresaka taminy izy, indro, nidina nankao aminy ny iraka ka nanao hoe: Indro, izao loza izao avy amin'i Jehovah; ka inona intsony no anantenako an'i Jehovah?"
mg_12,7,19,"ka izany mpanafika malaza izany no namaly ilay lehilahin'Andriamanitra hoe: Indro, na dia hanao varavarankely amin'ny lanitra aza Jehovah, dia hisy izany zavatra izany va? Fa hoy Elisa: Indro, ho hitan'ny masonao indrindra izany, fa tsy mba hihinananao.","ka izany mpanafika malaza izany no namaly ilay lehilahin'Andriamanitra hoe: Indro, na dia hanao varavarankely amin'ny lanitra aza Jehovah, dia hisy izany zavatra izany va? Fa hoy Elisa: Indro, ho hitan'ny masonao indrindra izany, fa tsy mba hihinananao.Ary dia toy izany no nanjo azy, fa ny olona nanitsaka azy teo am-bavahady, ka dia maty izy."
mg_12,8,28,"Ary niaraka tamin'i Jorama, zanak'i Ahaba, izy mba hiady amin'i Hazaela, mpanjakan'i Syria, tany Ramota-gileada; ary ny Syriana nahavoa an'i Jorama.","Ary niaraka tamin'i Jorama, zanak'i Ahaba, izy mba hiady amin'i Hazaela, mpanjakan'i Syria, tany Ramota-gileada; ary ny Syriana nahavoa an'i Jorama.Dia niverina Jorama mpanjaka mba hotsaboina tao Jezirela amin'ny feriny tamin'ny nahavoazan'ny Syriana azy tao Rama, fony izy niady tamin'i Hazaela, mpanjakan'i Syria. Ary Ahazia, zanak'i Jehorama, mpanjakan'ny Joda, nidina hamangy an'i Jorama, zanak'i Ahaba, teo Jezirela, satria narary izy."
mg_12,9,36,"Ary niverina ireo ka nanambara taminy. Ary hoy Jeho: Araka ny tenin'i Jehovah izany, dia ilay nampilazainy an'i Elia Tisbita mpanompony hoe: Ao amin'ny tany Jezirela no hihinanan'ny alika ny nofon'i Jezebela,","Ary niverina ireo ka nanambara taminy. Ary hoy Jeho: Araka ny tenin'i Jehovah izany, dia ilay nampilazainy an'i Elia Tisbita mpanompony hoe: Ao amin'ny tany Jezirela no hihinanan'ny alika ny nofon'i Jezebela,Ary ny fatiny ho toy ny zezika any an-tsaha, ny amin'ny tany Jezirela, ka tsy hisy hahazo milaza hoe Jezebela ity."
mg_12,10,35,"Ary Jeho lasa nodi-mandry any amin'ny razany, dia nalevina tao Samaria izy. Ary Joahaza zanany no nanjaka nandimby azy.","Ary Jeho lasa nodi-mandry any amin'ny razany, dia nalevina tao Samaria izy. Ary Joahaza zanany no nanjaka nandimby azy.Ary ny andro izay nanjakan'i Jeho tamin'ny Isiraely tao Samaria dia valo amby roa-polo taona."
mg_12,11,19,"Ary nalainy ny kapiteny sy ny anjolofo sy ny mpiambina mbamin'ny vahoaka rehetra ary nentina nidina avy tao an-tranon'i Jehovah ny mpanjaka, ka teo am-bavahadin'ny mpiambina no nalehany hankao an-tranon'ny mpanjaka. Ary nipetraka tamin'ny seza fiandrianan'ny mpanjaka izy.","Ary nalainy ny kapiteny sy ny anjolofo sy ny mpiambina mbamin'ny vahoaka rehetra ary nentina nidina avy tao an-tranon'i Jehovah ny mpanjaka, ka teo am-bavahadin'ny mpiambina no nalehany hankao an-tranon'ny mpanjaka. Ary nipetraka tamin'ny seza fiandrianan'ny mpanjaka izy.Dia nifaly ny vahoaka rehetra, ary nandry fahizay ny tanàna Ary Atalia novonoiny tamin'ny sabatra tao an-tranon'ny mpanjaka."
mg_12,13,24,"Ary maty Hazaela, mpanjakan'i Syria; ary Beni-hadada zanany no nanjaka nandimby azy.","Ary maty Hazaela, mpanjakan'i Syria; ary Beni-hadada zanany no nanjaka nandimby azy.Ary Joasy, zanak'i Joahaza, naka indray teo an-tànan'i Beni-hadada, zanak'i Hazaela, ny tanàna izay efa nalain'i Hazaela teo an-tànan'i Joahaza, rain'i Joasy, tamin'ny ady. Intelo no nandresen'i Joasy azy, ka dia azony indray ny tanànan'ny Isiraely."
mg_12,14,28,"Ary ny tantaran'i Jeroboama sisa mbamin'izay nataony sy ny hery izay niadiany ary ny nampodiany an'i Damaskosy sy Hamata, izay an'ny Joda fahiny, ho an'ny Isiraely, tsy efa voasoratra ao amin'ny tantaran'ny mpanjakan'ny Isiraely va izany?","Ary ny tantaran'i Jeroboama sisa mbamin'izay nataony sy ny hery izay niadiany ary ny nampodiany an'i Damaskosy sy Hamata, izay an'ny Joda fahiny, ho an'ny Isiraely, tsy efa voasoratra ao amin'ny tantaran'ny mpanjakan'ny Isiraely va izany?Ary Jeroboama lasa nodi-mandry any amin'ny razany, dia tao amin'ny mpanjakan'ny Isiraely; ary Zakaria zanany no nanjaka nandimby azy."
mg_12,15,37,"Tamin'izany andro Izany no vao nampandehanan'i Jehovah an'i Rezina, mpanjakan'i Syria, sy Peka, zanak'i Remalia, hanafika an'i Joda.","Tamin'izany andro Izany no vao nampandehanan'i Jehovah an'i Rezina, mpanjakan'i Syria, sy Peka, zanak'i Remalia, hanafika an'i Joda.Ary Jotama lasa nodi-mandry any amin'ny razany, dia nalevina tao amin'ny razany tao an-Tanànan'i Davida rainy izy; ary Ahaza zanany no nanjaka nandimby azy."
mg_12,16,19,"Ary ny tantaran'i Ahaza sisa, tsy efa voasoratra ao amin'ny bokin'ny tantaran'ny mpanjakan'ny Joda va izany?","Ary ny tantaran'i Ahaza sisa, tsy efa voasoratra ao amin'ny bokin'ny tantaran'ny mpanjakan'ny Joda va izany?Ary Ahaza lasa nodi-mandry any amin'ny razany, dia nalevina tao amin'ny razany tao an-Tanànan'i Davida izy; ary Hezekia zanany nanjaka nandimby azy."
mg_12,17,40,"Nefa tsy nety nihaino izy, fa nanao tahaka ny fanaony taloha ihany.","Nefa tsy nety nihaino izy, fa nanao tahaka ny fanaony taloha ihany.Ka dia natahotra an'i Jehovah ihany ireo firenena ireo, kanefa nanompo ny sarin-javatra voasokitra izy hatramin'ny zanany sy ny zafiny koa aza; tahaka ny fanaon'ny razany ihany no nataon'ireny mandraka androany."
mg_12,18,36,"Nefa nangina ny olona, ka tsy nisy namaly azy na dia teny indraim-bava akory aza, satria ny mpanjaka efa nandidy hoe: Aza misy mamaly azy.","Nefa nangina ny olona, ka tsy nisy namaly azy na dia teny indraim-bava akory aza, satria ny mpanjaka efa nandidy hoe: Aza misy mamaly azy.Ary Eliakima, zanak'i Hilkia izay lehiben'ny tao an-dapa, sy Sebna mpanoratra ary Joa, zanak'i Asafa, mpitadidy ny raharaham-panjakana, dia niditra nankao amin'i Hezekia, sady voatriatra ny fitafiany, ary nilaza taminy ny tenin-dRabsake izy."
mg_12,19,36,"Dia niainga Sankeriba, mpanjakan'i Asyria, ka lasa nody ary nitoetra tany Ninive.","Dia niainga Sankeriba, mpanjakan'i Asyria, ka lasa nody ary nitoetra tany Ninive.Ary raha niankohoka tao an-tranon'i Nisroka andriamaniny izy, dia nasian'i Adrameleka sy Sarezera zananilahy ny sabatra izy; ary dia afaka nandositra nankany amin'ny tany Ararata izy mirahalahy. Ary Esara-hadona zananilahy no nanjaka nandimby azy."
mg_12,20,20,"Ary ny tantaran'i Hezekia sisa sy ny heriny rehetra mbamin'ny nanaovany ny kamory sy ny lakan-drano nitarihany rano ho ao an-tanàna, tsy efa voasoratra ao amin'ny bokin'ny tantaran'ny mpanjakan'ny Joda va izany?","Ary ny tantaran'i Hezekia sisa sy ny heriny rehetra mbamin'ny nanaovany ny kamory sy ny lakan-drano nitarihany rano ho ao an-tanàna, tsy efa voasoratra ao amin'ny bokin'ny tantaran'ny mpanjakan'ny Joda va izany?Ary Hezekia lasa nodimandry any amin'ny razany; ary Manase zanany no nanjaka nandimby azy"
mg_12,21,25,"Ary ny tantaran'i Amona sisa, tsy efa voasoratra ao amin'ny bokin'ny tantaran'ny mpanjakan'ny Joda va izany?","Ary ny tantaran'i Amona sisa, tsy efa voasoratra ao amin'ny bokin'ny tantaran'ny mpanjakan'ny Joda va izany?Ary nalevina tao amin'ny fasany tao amin'ny sahan'i Oza izy; ary Josia zanany no nanjaka nandimby azy."
mg_12,22,19,"satria nino anatra ianao ka nanetry tena teo anatrehan'i Jehovah, raha nandre izay nolazaiko ny amin'izay hanjo ity tanàna ity sy ny mponina eto dia ny handravana azy sy ny hahatongavany ho fanozonana ka nandriatra ny fitafianao sady nitomany teo anatrehako ianao, dia Izaho kosa efa nihaino, hoy Jehovah.","satria nino anatra ianao ka nanetry tena teo anatrehan'i Jehovah, raha nandre izay nolazaiko ny amin'izay hanjo ity tanàna ity sy ny mponina eto dia ny handravana azy sy ny hahatongavany ho fanozonana ka nandriatra ny fitafianao sady nitomany teo anatrehako ianao, dia Izaho kosa efa nihaino, hoy Jehovah.Koa, indro, hangoniko any amin'ny razanao ianao ary hangonina any amin'ny fasanao amin'ny fiadanana; ary ny masonao tsy mba hahita izay loza rehetra ho entiko mamaly ity tanàna ity. Dia nitondra valiny ho any amin'ny mpanjaka izy ireo."
mg_12,23,36,"Dimy amby roa-polo taona Joiakima, fony izy vao nanjaka, ary nanjaka iraika ambin'ny folo taona tany Jerosalema izy. Ary ny anaran-dreniny dia Zebida, zanakavavin'i Pedaia, avy any Romaha.","Dimy amby roa-polo taona Joiakima, fony izy vao nanjaka, ary nanjaka iraika ambin'ny folo taona tany Jerosalema izy. Ary ny anaran-dreniny dia Zebida, zanakavavin'i Pedaia, avy any Romaha.Ary nanao izay ratsy eo imason'i Jehovah izy tahaka izay nataon'ny razany."
mg_12,24,19,"Ary nanao izay ratsy eo imason'i Jehovah izy, tahaka izay rehetra nataon'i Joiakima.","Ary nanao izay ratsy eo imason'i Jehovah izy, tahaka izay rehetra nataon'i Joiakima.Fa ny fahatezeran'i Jehovah no nahatongavan'izany tamin'i Jerosalema sy ny Joda ambara-pandroakany azy tsy ho eo anatrehany. Ary Zedekia niodina tamin'ny mpanjakan'i Babylona."
mg_12,25,29,Ka dia novan'i Joiakina ny fitafiany fony mbola tao an-trano-maizina; ary nihinan-kanina teo anatrehany mandrakariva izy tamin'ny andro niainany rehetra.,Ka dia novan'i Joiakina ny fitafiany fony mbola tao an-trano-maizina; ary nihinan-kanina teo anatrehany mandrakariva izy tamin'ny andro niainany rehetra.Ary ny hanina nohaniny dia hanina nomena avy amin'ny mpanjaka araka ny tokony ho anjarany isan'andro isan'andro tamin'ny andro rehetra niainany.
mg_13,1,53,"Kenaza loham-pireneny, Temana loham-pireneny, Mibzara loham-pireneny,","Kenaza loham-pireneny, Temana loham-pireneny, Mibzara loham-pireneny,Magdiela loham-pireneny, Irama loham-pireneny. Ireo no loham-pirenen'i Edoma."
mg_13,2,54,Ny zanakalahin'i Salma dia Betlehema sy ny Netofatita sy Atrota-beti-joaba ary Hatsi-hamanatita sy ny Zoraita,"Ny zanakalahin'i Salma dia Betlehema sy ny Netofatita sy Atrota-beti-joaba ary Hatsi-hamanatita sy ny Zoraitaary ny fokon'ny mpanoratra izay nonina tany Jabeza, dia ny Tiratita sy ny Simeatita ary ny Sokatita. Ireo no Kenita avy tamin'i Hamata, rain'ny taranak'i Rekaba."
mg_13,3,23,Ary ny zanakalahin'i Nearia dia Elioenay sy Hezekia ary Azrikama; telo izy.,Ary ny zanakalahin'i Nearia dia Elioenay sy Hezekia ary Azrikama; telo izy.Ary ny zanakalahin'i Elioenay dia Hodaia sy Eliasiba sy Pelaia sy Akoba sy Johanana sy Delaia ary Anany; fito izy.
mg_13,4,42,"Ary nisy lehilahy dimam-jato tamin'ny taranak'i Simeona nankany amin'ny tendrombohitra Seira ka nanana an'i Peletia sy Nearia sy Refaia ary Oziela, zanakalahin'i Jisy, ho mpifehy azy.","Ary nisy lehilahy dimam-jato tamin'ny taranak'i Simeona nankany amin'ny tendrombohitra Seira ka nanana an'i Peletia sy Nearia sy Refaia ary Oziela, zanakalahin'i Jisy, ho mpifehy azy.Ary namely ny sisa afaka tamin'ny Amalekita izy, ka dia monina ao mandraka androany."
mg_13,5,40,ary Azaria niteraka an'i Seraia; ary Seraia niteraka an'i Jozadaka;,"ary Azaria niteraka an'i Seraia; ary Seraia niteraka an'i Jozadaka;ary dia lasan-ko babo Jozadaka, nony voatolotr'i Jehovah ho babon'i Nebokadnezara ny Joda sy Jerosalema."
mg_13,6,65,ary avy tamin'ny firenen'i Gada dia Ramota-gileada sy ny tany manodidina azy ary Mahanaima sy ny tany manodidina azy,ary avy tamin'ny firenen'i Gada dia Ramota-gileada sy ny tany manodidina azy ary Mahanaima sy ny tany manodidina azyary Hesbona sy ny tany manodidina azy ary Jazera sy ny tany manodidina azy.
mg_13,7,39,Ary ny zanakalahin'i Ola dia Ara sy Haniela ary Rizia.,"Ary ny zanakalahin'i Ola dia Ara sy Haniela ary Rizia.Ireo zanakalahin'i Asera rehetra ireo dia samy lohan'ny fianakaviany, olom-boafidy sady mahery ary lehiben'ny loham-pireneny avy. Ary ny nanisana azy, araka ny firazanany, dia enina arivo amby roa alina no isan'ny azo nalefa hanafika."
mg_13,8,39,"Ary ny zanakalahin'i Eseka rahalahiny dia Olama, lahimatoa, sy Jeosy, lahiaivo, ary Elifeleta, faralahy.","Ary ny zanakalahin'i Eseka rahalahiny dia Olama, lahimatoa, sy Jeosy, lahiaivo, ary Elifeleta, faralahy.Ary ny zanakalahin'i Olama dia lehilahy mahery sady mpandefa zana-tsipìka, ary nanana zanakalahy sy zafy maro izy, dia dimam-polo amby zato. Ireo rehetra ireo no taranak'i Benjamina."
mg_13,9,43,"ary Moza niteraka an'i Binea; ary Refaia no zanakalahin'i Binea, Elasa no zanakalahin'i Refaia, Azela no zanakalahin'i Elasa.","ary Moza niteraka an'i Binea; ary Refaia no zanakalahin'i Binea, Elasa no zanakalahin'i Refaia, Azela no zanakalahin'i Elasa.Ary Azela nanana zanaka enina mirahalahy ka izao no anarany avy: Azrikama sy Bokero sy Isimaela sy Searia sy Obadia ary Hanana; ireo no zanakalahin'i Azela."
mg_13,10,13,"Eny, maty Saoly noho ny nivadihany tamin'i Jehovah, dia noho ny tsy nitandremany ny tenin'i Jehovah sy noho ny nakany saina tamin'izay nanao azy ho tsindrian-javatra","Eny, maty Saoly noho ny nivadihany tamin'i Jehovah, dia noho ny tsy nitandremany ny tenin'i Jehovah sy noho ny nakany saina tamin'izay nanao azy ho tsindrian-javatraary noho ny tsy nanontaniany tamin'i Jehovah; ka dia novonoiny izy, ary nafindrany ho an'i Davida, zanak'i Jese, ny fanjakana."
mg_13,11,46,"sy Eliala Mahavita sy Jeribay sy Josavia, zanak'i Elnama, sy Jitma Moabita","sy Eliala Mahavita sy Jeribay sy Josavia, zanak'i Elnama, sy Jitma Moabitasy Eliala sy Obeda ary Jasiela Mezobaita."
mg_13,12,39,Ary tao amin'i Davida hateloana izy sady nihinana sy nisotro; fa efa nanao nahandro ho azy ny rahalahiny.,"Ary tao amin'i Davida hateloana izy sady nihinana sy nisotro; fa efa nanao nahandro ho azy ny rahalahiny.Ary izay teo akaikiny koa hatramin'ny Isakara sy ny Zebolona ary ny Naftaly dia samy nampitondra hanina samy hafa nentin'ny boriky sy rameva sy ampondra ary omby, dia koba sy ampempan'aviavy sy voaloboka maina sy divay sy diloilo, ary omby sy ondry aman'osy betsaka koa; fa nisy fifaliana tamin'ny Isiraely."
mg_13,13,13,"Dia tsy nafindran'i Davida ho ao aminy ao an-tanànan'i Davida ny fiara, fa naviliny ho ao an-tranon'i Obededoma Gatita.","Dia tsy nafindran'i Davida ho ao aminy ao an-tanànan'i Davida ny fiara, fa naviliny ho ao an-tranon'i Obededoma Gatita.Ary nipetraka telo volana tao amin'ny ankohonan'i Obed-edoma tao an-tranony ny fiaran'Andriamanitra; ka dia notahin'i Jehovah ny ankohonan'i Obed-edoma sy izay rehetra nananany."
mg_13,14,16,"Ary dia nanao araka izay nandidian'Andriamanitra azy Davida, ka dia namely ny miaramilan'ny Filistina hatrany Gibeona ka hatrany Gazera izy.","Ary dia nanao araka izay nandidian'Andriamanitra azy Davida, ka dia namely ny miaramilan'ny Filistina hatrany Gibeona ka hatrany Gazera izy.Ary ny lazan'i Davida niely teny amin'ny tany rehetra; ary nataon'i Jehovah nahazo ny firenena rehetra ny tahotra an'i Davida."
mg_13,15,28,Toy izany no nampakaran'ny Isiraely rehetra ny fiaran'ny faneken'i Jehovah tamin'ny fihobiana sy ny feon'ny anjomara sy ny trompetra ary ny kipantsona sy tamin'ny fitendrena ny valiha sy ny lokanga.,"Toy izany no nampakaran'ny Isiraely rehetra ny fiaran'ny faneken'i Jehovah tamin'ny fihobiana sy ny feon'ny anjomara sy ny trompetra ary ny kipantsona sy tamin'ny fitendrena ny valiha sy ny lokanga.Ary nony tonga tao an-Tanànan'i Davida ny fiaran'ny faneken'i Jehovah, dia nitsirika teo am-baravarankely Mikala, zanakavavin'i Saoly, ka nahita an'i Davida mpanjaka nibitaka sy nitsinjaka; ka dia nikizaka azy tao am-pony izy."
mg_13,16,42,Ary tao amin'i Hemana sy Jedotona nisy trompetra sy kipantsona ho an'izay mampaneno ary ny fomban'ny zava-manenon'Andriamanitra. Ary ny zanak'i Jedotona no mpiandry varavarana.,"Ary tao amin'i Hemana sy Jedotona nisy trompetra sy kipantsona ho an'izay mampaneno ary ny fomban'ny zava-manenon'Andriamanitra. Ary ny zanak'i Jedotona no mpiandry varavarana.Ary dia samy nody tany an-tranony avy ny olona rehetra, ary Davida koa lasa nody mba hitso-drano ny ankohonany."
mg_13,18,16,"Ary Zadoka, zanak'i Ahitoba, sy Abimeleka, zanak'i Abiatara, no mpisorona; ary Saosa no mpanoratra.","Ary Zadoka, zanak'i Ahitoba, sy Abimeleka, zanak'i Abiatara, no mpisorona; ary Saosa no mpanoratra.Ary Benaia, zanak'i Joiada, no mpifehy ny miaramila mpiambina andriana; ary ny zanak'i Davida no lehibe tamin'izay nanolotra ny mpanjaka.<n>[Heb. Keretita sy Peletita]</n>"
mg_13,19,18,"Fa vaky nandositra teo anoloan'ny Isiraely ny Syriana, ka nahafaty ny teo amin'ny kalesy fito arivo sy miaramila an-tongotra efatra alina tamin'ny Syriana Davida; ary matiny koa Sobaka, komandin'ny miaramila.","Fa vaky nandositra teo anoloan'ny Isiraely ny Syriana, ka nahafaty ny teo amin'ny kalesy fito arivo sy miaramila an-tongotra efatra alina tamin'ny Syriana Davida; ary matiny koa Sobaka, komandin'ny miaramila.Ary nony hitan'ireo nanoa an'i Hadarezera fa resy teo anoloan'ny Isiraely izy, dia nanao fihavanana tamin'i Davida izy ka nanompo azy; ary tsy nety nanampy ny taranak'i Amona intsony ny Syriana."
mg_13,20,7,"Ary nony nihaika ny Isiraely izy, dia nahafaty azy Jonatana, zanak'i Simea, rahalahin'i Davida.","Ary nony nihaika ny Isiraely izy, dia nahafaty azy Jonatana, zanak'i Simea, rahalahin'i Davida.Ireo no taranaky ny Refaita tao Gata, ka matin'ny tànan'i Davida sy ny tanan'ny mpanompony ireo."
mg_13,22,18,Tsy momba anareo va Jehovah Andriamanitrareo ka efa nampiadana anareo amin'ny manodidina? Fa efa natolony teo an-tanako ny mponina amin'ny tany; ary ny tany efa resy teo anoloan'i Jehovah sy teo anoloan'ny olony.,"Tsy momba anareo va Jehovah Andriamanitrareo ka efa nampiadana anareo amin'ny manodidina? Fa efa natolony teo an-tanako ny mponina amin'ny tany; ary ny tany efa resy teo anoloan'i Jehovah sy teo anoloan'ny olony.Koa ankehitriny ampitadiavo an'i Jehovah Andriamanitrareo ny fonareo sy ny fanahinareo, ka mitsangàna, ary manaova ny fitoerana masina ho an'i Jehovah Andriamanitra, hampidirana ny fiaran'ny faneken'i Jehovah sy ny fanaka masin'Andriamanitra ho ao amin'ny trano izay hatao ho an'ny anaran'i Jehovah."
mg_13,23,31,"ary ny hanatitra ny fanatitra dorana rehetra ho an'i Jehovah na amin'ny Sabata, na amin'ny voaloham-bolana, na amin'ny fotoam-pivavahana hafa dia araka ny isany avy, sy araka ny fanao voatendry hanaovana azy mandrakariva eo anatrehan'i Jehovah.","ary ny hanatitra ny fanatitra dorana rehetra ho an'i Jehovah na amin'ny Sabata, na amin'ny voaloham-bolana, na amin'ny fotoam-pivavahana hafa dia araka ny isany avy, sy araka ny fanao voatendry hanaovana azy mandrakariva eo anatrehan'i Jehovah.Aoka ho toy izany no hitandremany ny anjara-raharahany ny amin'ny trano-lay fihaonana sy ny anjara-raharahany ny amin'ny fitoerana masina ary ny anjara-raharahany ny amin'ny taranak'i Arona rahalahiny ho fanompoana ao an-tranon'i Jehovah."
mg_13,24,30,Ary ny zanakalahin'i Mosy dia Maly sy Edera ary Jerimota. Ireo no taranaky ny Levita araka ny fianakaviany avy.,"Ary ny zanakalahin'i Mosy dia Maly sy Edera ary Jerimota. Ireo no taranaky ny Levita araka ny fianakaviany avy.Ary ireo dia mba niara-niloka tamin'ny rahalahiny, taranak'i Arona, teo anatrehan'i Davida mpanjaka sy Zadota sy Ahimeleka sy ny lohan'ny fianakavian'ny mpisorona sy ny Levita: niara-niloka avokoa na ny zokiny na ny zandriny."
mg_13,25,30,"ny fahatelo amby roa-polo an'i Mahaziota, izy mbamin'ny zanany sy ny rahalahiny, dia roa ambin'ny folo;","ny fahatelo amby roa-polo an'i Mahaziota, izy mbamin'ny zanany sy ny rahalahiny, dia roa ambin'ny folo;ny fahefatra amby roa-polo an'i Romamti-ezera, izy mbamin'ny zanany sy ny rahalahiny, dia roa ambin'ny folo."
mg_13,26,31,"Ny Hebronita dia Jeria lohany (tamin'ny taona fahefa-polo nanjakan'i Davida no nitadiavana ny Hebronita araka ny fianakaviany avy, ka nisy lehilahy mahay hita tao aminy tao Jazera any Gileada)","Ny Hebronita dia Jeria lohany (tamin'ny taona fahefa-polo nanjakan'i Davida no nitadiavana ny Hebronita araka ny fianakaviany avy, ka nisy lehilahy mahay hita tao aminy tao Jazera any Gileada)sy ny rahalahiny fiton-jato amby roa arivo, samy lehilahy mahay, lohan'ny fianakaviany avy. Ary Davida nanendry ireo ho mpifehy ny Robenita sy ny Gadita ary ny antsasaky firenen'i Manase, ny amin'ny raharahan'Andriamanitra sy ny mpanjaka."
mg_13,27,32,"Ary Jonatana, rahalahin-drain'i Davida, dia mpanolo-tsaina, lehilahy hendry sady be fahalalana izy; ary Jehiela, zanak'i Hakmony, dia teo amin'ny zanaky ny mpanjaka;","Ary Jonatana, rahalahin-drain'i Davida, dia mpanolo-tsaina, lehilahy hendry sady be fahalalana izy; ary Jehiela, zanak'i Hakmony, dia teo amin'ny zanaky ny mpanjaka;ary Ahitofela dia mpanolo-tsaina ny mpanjaka; ary Hosay Arkita no sakaizan'ny mpanjaka; ary ny manarakaraka an'i Ahitofela dia Joiada, zanak'i Benaia, sy Abiatara; ary ny komandin'ny miaramilan'ny mpanjaka dia Joaba."
mg_13,28,20,"Ary hoy koa Davida tamin'i Solomona zanany: Mahereza sy matanjaha ka mahefà; aza matahotra na mivadi-po; fa Jehovah Andriamanitra, dia Andriamanitro, no momba anao; tsy handao na hahafoy anao Izy ambara-pahavitanao ny asa rehetra hanaovana ny tranon'i Jehovah.","Ary hoy koa Davida tamin'i Solomona zanany: Mahereza sy matanjaha ka mahefà; aza matahotra na mivadi-po; fa Jehovah Andriamanitra, dia Andriamanitro, no momba anao; tsy handao na hahafoy anao Izy ambara-pahavitanao ny asa rehetra hanaovana ny tranon'i Jehovah.Ary indreo ny antokon'ny mpisorona sy ny Levita hanao ny fanompoana rehetra ao an-tranon'Andriamanitra; ary ao aminao hanampy amin'ny asa samy hafa rehetra ny olon-kendry izay manolo-tena mba hahavita ny fanompoana rehetra sy ny mpifehy ary ny vahoaka rehetra hankatò ny didinao."
mg_13,29,29,"Ary ny tantaran'i Davida mpanjaka, na ny voalohany na ny farany, indro fa efa voasoratra ao amin'ny bokin'i Samoela mpahita sy ao amin'ny bokin'i Natana mpaminany ary ao amin'ny bokin'i Gada mpahita izany,","Ary ny tantaran'i Davida mpanjaka, na ny voalohany na ny farany, indro fa efa voasoratra ao amin'ny bokin'i Samoela mpahita sy ao amin'ny bokin'i Natana mpaminany ary ao amin'ny bokin'i Gada mpahita izany,mbamin'ny nanjakany rehetra sy ny heriny, ary izay niseho tamin'ny ary tamin'ny Isiraely sy tamin'ny fanjakana rehetra tamin'ny tany.<n>[Heb. ny andro niseho taminy]</n>"
mg_14,1,17,"Ary ny vidin'ny kalesy iray nentiny niakatra avy tany Egypta dia sekely volafotsy enin-jato, ary ny soavaly dia dimam-polo amby zato avy; ary toy izany koa no nitondrany ho an'ny mpanjakan'ny Hetita sy ny mpanjakan'ny Syriana.","Ary ny vidin'ny kalesy iray nentiny niakatra avy tany Egypta dia sekely volafotsy enin-jato, ary ny soavaly dia dimam-polo amby zato avy; ary toy izany koa no nitondrany ho an'ny mpanjakan'ny Hetita sy ny mpanjakan'ny Syriana.<n>[Ny niomanan'i Solomona hanao ny tempoly]</n> Ary Solomona nilaza fa hanao trano ho an'ny anaran'i Jehovah sy lapa ho an'ny tenany."
mg_14,3,16,"Ary nanao tongalika tao amin'ny efitra anatiny izy, ka nataony teo an-tampon'ny andry ireo; ary nanao sarin'apongaben-danitra zato izy, ka nataony teo amin'ny tongalika ireo.","Ary nanao tongalika tao amin'ny efitra anatiny izy, ka nataony teo an-tampon'ny andry ireo; ary nanao sarin'apongaben-danitra zato izy, ka nataony teo amin'ny tongalika ireo.Ary ny andry natsangany teo anoloan'ny tempoly, ny iray tamin'ny ankavanana, ary ny iray tamin'ny ankavia; ary ny anaran'ny teo amin'ny ankavanana nanao ny hoe Jakina, ary ny anaran'ny teo amin'ny ankavia kosa natao hoe Boaza.<n>[Jakina = Hampiorina izy]</n><n>[Boaza = Ao aminy no misy hery (?)]</n>"
mg_14,4,21,ny voniny sy ny lela fanaovan-jiro ary ny hetin-jiro dia samy volamena tsara indrindra avokoa;,"ny voniny sy ny lela fanaovan-jiro ary ny hetin-jiro dia samy volamena tsara indrindra avokoa;ary ny antsy sy ny lovia famafazana sy ny lovia kely sy ny fitoeran-davenon-jiro dia samy volamena tsara; ary ny lela-varavarana teo anatin'ny trano, dia ny mankao amin'ny fitoerana masina indrindra, sy ny lela-varavarana ho amin'ny ati-trano lehibe dia samy volamena avokoa."
mg_14,5,13,"ary efa toy ny feo iray no fandrenesana ny mpitsoka trompetra sy ny mpihira, raha nidera sy nisaotra an'i Jehovah izy; ka nony nanandratra ny feony izy sady nampaneno ny trompetra sy ny kipantsona sy ny zava-maneno isan-karazany ka nidera an'i Jehovah fa tsara Izy, fa mandrakizay ny famindram-pony, dia feno rahona ny tranon'i Jehovah;","ary efa toy ny feo iray no fandrenesana ny mpitsoka trompetra sy ny mpihira, raha nidera sy nisaotra an'i Jehovah izy; ka nony nanandratra ny feony izy sady nampaneno ny trompetra sy ny kipantsona sy ny zava-maneno isan-karazany ka nidera an'i Jehovah fa tsara Izy, fa mandrakizay ny famindram-pony, dia feno rahona ny tranon'i Jehovah;ka dia tsy nahajanona hanao fanompoam-pivavahana ny mpisorona noho ny rahona; fa feno ny voninahitr'i Jehovah ny tranon'Andriamanitra."
mg_14,7,21,"Ary na dia avo aza ity trano ity, dia ho fitalanjonan'izay rehetra mandalo azy ka hatao hoe: Naninona re no dia nataon'i Jehovah toy izao ity tany sy ity trano ity?","Ary na dia avo aza ity trano ity, dia ho fitalanjonan'izay rehetra mandalo azy ka hatao hoe: Naninona re no dia nataon'i Jehovah toy izao ity tany sy ity trano ity?Ary hisy hamaly hoe: Satria nahafoy an'i Jehovah, Andriamanitry ny razany, Izay nitondra azy nivoaka avy tany amin'ny tany Egypta izy ka nikikitra tamin'andriamani-kafa sady niankohoka teo anatrehany sy nanompo azy, koa izany no nampidirany izao loza rehetra izao taminy."
mg_14,8,17,"Ary tamin'izay Solomona dia nankany Ezion-gebera sy Elota eo amoron'ny ranomasina any amin'ny tany Edoma,","Ary tamin'izay Solomona dia nankany Ezion-gebera sy Elota eo amoron'ny ranomasina any amin'ny tany Edoma,ary ny mpanompon'i Hirama dia nampandehaniny hitondra sambo sy mpanompo izay mahay ranomasina; ary niara-nandeha tamin'ny mpanompon'i Solomona ho any Ofira ireo ka nahazo talenta volamena dimam-polo amby efa-jato tany izy, dia nentiny tany amin'i Solomona mpanjaka izany."
mg_14,9,30,Ary Solomona nanjaka efa-polo taona tamin'ny Isiraely rehetra tany Jerosalema.,"Ary Solomona nanjaka efa-polo taona tamin'ny Isiraely rehetra tany Jerosalema.Ary Solomona lasa nodimandry any amin'ny razany, dia nalevina tao an-Tanànan'i Davida rainy izy; ary Rehoboama zanany no nanjaka nandimby azy."
mg_14,10,18,"Ary dia naniraka an'i Adorama, komandin'ny mpanao fanompoana, Rehoboama mpanjaka, nefa ny Zanak'isiraely nitora-bato azy, ka maty izy. Dia niezaka faingana nankeo amin'ny kalesiny Rehoboama mpanjaka handositra ho any Jerosalema.","Ary dia naniraka an'i Adorama, komandin'ny mpanao fanompoana, Rehoboama mpanjaka, nefa ny Zanak'isiraely nitora-bato azy, ka maty izy. Dia niezaka faingana nankeo amin'ny kalesiny Rehoboama mpanjaka handositra ho any Jerosalema.Ka dia niodina tamin'ny taranak'i Davida ny Isiraely mandraka androany."
mg_14,11,22,"Ary Abia, zanakalahin'Imaka, no nataon-dRehoboama lohany ho mpanapaka ny rahalahiny; fa izy no efa nokasainy hampanjakaina.","Ary Abia, zanakalahin'Imaka, no nataon-dRehoboama lohany ho mpanapaka ny rahalahiny; fa izy no efa nokasainy hampanjakaina.Ary hendry izy ka nampiely ny zanany eran'ny tanin'ny Joda sy ny Benjamina rehetra, dia tany amin'ny tanàna mimanda rehetra, ka nomeny hanina betsaka sady nitadiavany vady maro."
mg_14,12,15,"Ary ny tantaran-dRehoboama, na ny voalohany na ny farany, tsy efa voasoratra ao amin'ny bokin'i Semaia mpaminany sy Ido mpahita ny amin'ny firazanana va izany? Ary niady mandrakariva Rehoboama sy Jeroboama.","Ary ny tantaran-dRehoboama, na ny voalohany na ny farany, tsy efa voasoratra ao amin'ny bokin'i Semaia mpaminany sy Ido mpahita ny amin'ny firazanana va izany? Ary niady mandrakariva Rehoboama sy Jeroboama.Ary Rehoboama lasa nodimandry any amin'ny razany, dia nalevina tao an-Tanànan'i Davida izy; ary Abia zanany no nanjaka nandimby azy."
mg_14,13,22,Ary ny tantaran'i Abia sisa mbamin'ny nataony sy ny teniny dia efa voasoratra ao amin'ny bokin'Ido mpaminany.,"Ary ny tantaran'i Abia sisa mbamin'ny nataony sy ny teniny dia efa voasoratra ao amin'ny bokin'Ido mpaminany.<n>[Ny niandohan'ny nanjakan'i Asa, sy ny nandravany ny fombam-pivavahana tsy marina, ary ny nandreseny ny Etiopiana]</n> Ary Abia lasa nodi-mandry any amin'ny razany, dia nalevina tao an-tanànan'i Davida izy; ary Asa zanany no nanjaka nandimby azy. Ary tamin'ny andron'i Asa dia nandry folo taona ny tany."
mg_14,14,13,"Ary namely ny tanàna rehetra manodidina an'i Gerara izy; fa ny fahatahorana an'i Jehovah nahazo ireo, ka nobaboiny ny tanana rehetra, fa be ny babo tao.","Ary namely ny tanàna rehetra manodidina an'i Gerara izy; fa ny fahatahorana an'i Jehovah nahazo ireo, ka nobaboiny ny tanana rehetra, fa be ny babo tao.Ary namely ny vala izy ka nahazo babo betsaka, dia ondry aman'osy sy rameva, ary dia niverina ho any Jerosalema izy."
mg_14,15,18,"Ary nampidiriny ho ao an-tranon'i Jehovah ny zavatra izay nohamasinin-drainy mbamin'izay nohamasinin'ny tenany, dia volafotsy sy volamena ary fanaka.","Ary nampidiriny ho ao an-tranon'i Jehovah ny zavatra izay nohamasinin-drainy mbamin'izay nohamasinin'ny tenany, dia volafotsy sy volamena ary fanaka.Ary tsy nisy ady intsony hatramin'ny taona fahadimy amby telo-polo nanjakan'i Asa."
mg_14,16,13,Ary Asa lasa nodi-mandry any amin'ny razany; maty izy tamin'ny taona fahiraika amby efa-polo nanjakany.,"Ary Asa lasa nodi-mandry any amin'ny razany; maty izy tamin'ny taona fahiraika amby efa-polo nanjakany.Dia nalevina tao amin'ny fasany ihany izy, izay nolavahany tao an-Tanànan'i Davida, ka nampandrina teo amin'ny fandriana efa nofenoina zava-manitra samy hafa voaharoharo araka ny fanaon'ny mpangaroharo zava-manitra, ary nandoroany zavatra betsaka ho fisaonana azy."
mg_14,17,18,"ary nanarakaraka azy dia Jozabada, ary ny fehiny dia valo alina amby iray hetsy efa voaomana hiady.","ary nanarakaraka azy dia Jozabada, ary ny fehiny dia valo alina amby iray hetsy efa voaomana hiady.Ireo no mpitoetra tamin'ny mpanjaka, afa-tsy izay nampitoerin'ny mpanjaka tany amin'ny tanàna mimanda eran'i Joda rehetra."
mg_14,18,33,"Ary nisy lehilahy anankiray nandefa zana-tsipïka kitoatoa ka nahavoa ny mpanjakan'ny Isiraely teo anelenalen'ny fiarovan-tratrany sy ny eo ambaniny, ka dia hoy izy tamin'ny mpampandeha ny kalesiny: Ahodino, ka ento miala eto amin'ny mpiady aho, fa voa.","Ary nisy lehilahy anankiray nandefa zana-tsipìka kitoatoa ka nahavoa ny mpanjakan'ny Isiraely teo anelenalen'ny fiarovan-tratrany sy ny eo ambaniny, ka dia hoy izy tamin'ny mpampandeha ny kalesiny: Ahodino, ka ento miala eto amin'ny mpiady aho, fa voa.Ary nihamafy ny ady tamin'izany andro izany; ary ny mpanjakan'ny Isiraely nihafy nitsangana teo amin'ny kalesiny tandrifin'ny Syriana mandra-paharivan'ny andro; fa nony efa hilentika ny masoandro, dia maty izy."
mg_14,19,10,"Na inona na inona no ady avy amin'ny rahalahinareo izay monina amin'ny tanànany, na ny amin'ny mahafaty aina, na ny amin'ny hevitry ny lalàna sy ny didy ary ny fitsipika samy hafa, dia anaro izy mba tsy ho meloka amin'i Jehovah, fandrao iharan'ny fahatezerana ianareo sy ny rahalahinareo; izany no ataovy, dia tsy ho meloka ianareo.","Na inona na inona no ady avy amin'ny rahalahinareo izay monina amin'ny tanànany, na ny amin'ny mahafaty aina, na ny amin'ny hevitry ny lalàna sy ny didy ary ny fitsipika samy hafa, dia anaro izy mba tsy ho meloka amin'i Jehovah, fandrao iharan'ny fahatezerana ianareo sy ny rahalahinareo; izany no ataovy, dia tsy ho meloka ianareo.Ary, indro, Amaria mpisoronabe no ho lehibenareo amin'ny raharahan'i Jehovah rehetra; ary Zebadia, zanak'Isimaela, mpanapaka ny taranak'i Joda, ho lehibenareo amin'ny raharahan'ny mpanjaka rehetra kosa; ary ny Levita ho mpifehy hanampy anareo. Mahereza, ka mahefà; ary Jehovah anie homba izay tsara."
mg_14,20,36,"ary nikambana taminy hanao sambo hankany Tarsisy izy, ka tao Ezion-gebera no nanaovany azy.","ary nikambana taminy hanao sambo hankany Tarsisy izy, ka tao Ezion-gebera no nanaovany azy.Ary Eliezera, zanak'i Dodavaho, avy any Maresa, naminany ny amin'i Josafata hoe: Noho ny nikambananao tamin'i Ahazia dia horavan'i Jehovah ny asanao. Ary nahavakiana ny sambo ka tsy nahazo nankany Tarsisy."
mg_14,21,19,"Ary rehefa ela, nony afaka roa taona, dia nialàla ny tsinainy azon'ny aretiny; ka dia maty tamin'ny fangirifiriana mafy izy. Ary ny vahoakany tsy mba nandoro zavatra ho fisaonana azy toy ny nataony tamin'ny razany.","Ary rehefa ela, nony afaka roa taona, dia nialàla ny tsinainy azon'ny aretiny; ka dia maty tamin'ny fangirifiriana mafy izy. Ary ny vahoakany tsy mba nandoro zavatra ho fisaonana azy toy ny nataony tamin'ny razany.Roa amby telo-polo taona izy, fony vao nanjaka, ary valo taona no nanjakany tany Jerosalema; koa lasa tsy nisy nalahelo azy izy. Ary nalevina tao an-Tanànan'i Davida ihany izy, nefa tsy mba tao amin'ny fasan'ny mpanjaka."
mg_14,22,11,"Fa Joseba, zanakavavin'ny mpanjaka, dia naka an'i Joasy, zanak'i Ahazia, ka namonjy azy avy teo amin'ny zanaky ny mpanjaka izay novonoina, dia nampiditra azy sy ny mpitaiza azy ho ao an-trano fitehirizam-pandriana. Ary nafenin'i Joseba, zanakavavin'i Jehorama mpanjaka, vadin'i Joiada mpisorona, izy (fa anabavin'i Ahazia ravehivavy) mba tsy ho hitan'i Atalia, ka dia tsy mba voavonony izy.","Fa Joseba, zanakavavin'ny mpanjaka, dia naka an'i Joasy, zanak'i Ahazia, ka namonjy azy avy teo amin'ny zanaky ny mpanjaka izay novonoina, dia nampiditra azy sy ny mpitaiza azy ho ao an-trano fitehirizam-pandriana. Ary nafenin'i Joseba, zanakavavin'i Jehorama mpanjaka, vadin'i Joiada mpisorona, izy (fa anabavin'i Ahazia ravehivavy) mba tsy ho hitan'i Atalia, ka dia tsy mba voavonony izy.Ary niery enin-taona tao aminy tao an-tranon'Andriamanitra izy. Ary Atalia no nanjaka tamin'ny tany"
mg_14,23,20,"Dia nalainy ny mpifehy zato sy ny olona manan-kaja sy ny mpanapaka ny olona ary ny vahoaka rehetra; ary dia nentiny nidina avy tao an-tranon'i Jehovah ny mpanjaka, ka ny vavahady ambony no nalehany hankao an-tranon'ny mpanjaka; ary nametraka ny mpanjaka teo amin'ny seza fiandrianan'ny fanjakana izy.","Dia nalainy ny mpifehy zato sy ny olona manan-kaja sy ny mpanapaka ny olona ary ny vahoaka rehetra; ary dia nentiny nidina avy tao an-tranon'i Jehovah ny mpanjaka, ka ny vavahady ambony no nalehany hankao an-tranon'ny mpanjaka; ary nametraka ny mpanjaka teo amin'ny seza fiandrianan'ny fanjakana izy.Dia nifaly ny vahoaka rehetra; ary nandry fahizay ny tanana, fa Atalia efa novonoiny tamin'ny sabatra."
mg_14,24,26,"Ary izao no niodina taminy: Zabada, zanak'i Simata Amonita, sy Jozabada, zanak'i Simrita Moabita.","Ary izao no niodina taminy: Zabada, zanak'i Simata Amonita, sy Jozabada, zanak'i Simrita Moabita.Ary ny amin'ny zanany sy ny hamafin'ny faminaniana nilaza ny loza hanjo azy ary ny nanamboarany ny tranon'Andriamanitra, indro, efa voasoratra ao amin'ny bokin'ny tantaran'ny mpanjaka izany. Ary Amazia zanany no nanjaka nandimby azy."
mg_14,25,27,"Ary hatramin'ny andro nihemoran'i Amazia tsy nanaraka an'i Jehovah dia niodina taminy tany Jerosalema ny olona, ka dia nandositra nankany Lakisy izy; fa naniraka nanaraka azy tany ny olona ka namono azy tany.","Ary hatramin'ny andro nihemoran'i Amazia tsy nanaraka an'i Jehovah dia niodina taminy tany Jerosalema ny olona, ka dia nandositra nankany Lakisy izy; fa naniraka nanaraka azy tany ny olona ka namono azy tany.Ary nasampiny tamin'ny soavaly ny fatiny, dia naleviny tao amin'ny razany tao an-tanànan'ny Joda."
mg_14,26,22,"Ary ny tantaran'i Ozia sisa, na ny voalohany na ny farany, dia efa nosoratan'Isaia mpaminany, zanak'i Amoza;","Ary ny tantaran'i Ozia sisa, na ny voalohany na ny farany, dia efa nosoratan'Isaia mpaminany, zanak'i Amoza;Ary Ozia lasa nodi-mandry any amin'ny razany, dia nalevina tao amin'ny razany tao an-tsaha fandevenana izay an'ny mpanjaka, satria hoy ny olona: Boka izy. Ary Jotama zanany no nanjaka nandimby azy."
mg_14,27,8,"Dimy amby roa-polo taona izy, fony vao nanjaka, ary enina ambin'ny folo taona no nanjakany tany Jerosalema.","Dimy amby roa-polo taona izy, fony vao nanjaka, ary enina ambin'ny folo taona no nanjakany tany Jerosalema.Ary Jotama lasa nodi-mandry any amin'ny razany, dia nalevina tany an-Tanànan'i Davida izy; ary Ahaza zanany no nanjaka nandimby azy."
mg_14,28,26,"Ary ny tantarany sisa sy ny fanaony rehetra, na ny voalohany na ny farany, indreo, efa voasoratra ao amin'ny bokin'ny mpanjakan'ny Joda sy ny Isiraely izany.","Ary ny tantarany sisa sy ny fanaony rehetra, na ny voalohany na ny farany, indreo, efa voasoratra ao amin'ny bokin'ny mpanjakan'ny Joda sy ny Isiraely izany.Ary Ahaza lasa nodi-mandry any amin'ny razany, dia nalevina tao an-tanàna Jerosalema izy, fa tsy mba natao tao amin'ny fasan'ny mpanjakan'ny Isiraely. Ary Hezekia zanany no nanjaka nandimby azy."
mg_14,29,35,Ary be koa ny fanatitra dorana sy ny saboran'ny fanati-pihavanana sy ny fanatitra aidina momba ny fanatitra dorana. Izany no nanavaozany ny fanompoana tao an-tranon'i Jehovah.,"Ary be koa ny fanatitra dorana sy ny saboran'ny fanati-pihavanana sy ny fanatitra aidina momba ny fanatitra dorana. Izany no nanavaozany ny fanompoana tao an-tranon'i Jehovah.Ary faly Hezekia sy ny vahoaka rehetra noho izay namboarin'Andriamanitra ho an'ny olona, satria tampoka izany raharaha izany."
mg_14,30,26,"Koa nisy fifaliana be tany Jerosalema; fa hatramin'ny andron'i Solomona, zanak'i Davida, mpanjakan'ny Isiraely, dia tsy mbola nisy tahaka izany tany Jerosalema.","Koa nisy fifaliana be tany Jerosalema; fa hatramin'ny andron'i Solomona, zanak'i Davida, mpanjakan'ny Isiraely, dia tsy mbola nisy tahaka izany tany Jerosalema.Dia nitsangana ny Levita sy ny mpisorona ka nitso-drano ny olona; ary nohenoin'Andriamanitra ny feony, ka niakatra ho any an-danitra, fonenany masina, ny fivavany."
mg_14,31,20,Ary toy izany no nataon'i Hezekia eran'i Joda rehetra; fa nanao izay tsara sy mety ary marina eo anatrehan'i Jehovah Andriamaniny izy.,"Ary toy izany no nataon'i Hezekia eran'i Joda rehetra; fa nanao izay tsara sy mety ary marina eo anatrehan'i Jehovah Andriamaniny izy.Ary ny raharaha rehetra izay natombony ny amin'ny fanompoana ao an-tranon'Andriamanitra sy ny lalàna ary ny didy hitadiavana an'Andriamaniny dia nataony tamin'ny fony rehetra, fa nambinina izy"
mg_14,32,32,"Ary ny tantaran'i Hezekia sisa mbamin'ny soa nataony, indro, efa voasoratra ao amin'ny fahitan'Isaia mpaminany, zanak'i Amoza, sy ao amin'ny bokin'ny mpanjakan'ny Joda sy ny Isiraely izany.","Ary ny tantaran'i Hezekia sisa mbamin'ny soa nataony, indro, efa voasoratra ao amin'ny fahitan'Isaia mpaminany, zanak'i Amoza, sy ao amin'ny bokin'ny mpanjakan'ny Joda sy ny Isiraely izany.Ary Hezekia lasa nodi-mandry any amin'ny razany, dia nalevina tao amin'ny fiakarana ho any amin'ny fasan'ny zanak'i Davida izy; ary ny Joda rehetra sy ny mponina rehetra tany Jerosalema nanome voninahitra azy tamin'ny nahafatesany. Ary Manase zanany no nanjaka nandimby azy."
mg_14,33,24,Dia nikomy taminy ny mpanompony ka namono azy tao an-tranony.,"Dia nikomy taminy ny mpanompony ka namono azy tao an-tranony.Fa ny vahoaka kosa namono izay rehetra efa nikomy tamin'i Amona mpanjaka, dia nampanjaka an'i Josia zanany hisolo azy."
mg_14,34,32,"sady nampifikiriny tsara koa ny olona rehetra tany Jerosalema sy ny Benjamina. Ary ny mponina tany Jerosalema dia nanao araka ny faneken'Andriamanitra, dia Andriamanitry ny razany","sady nampifikiriny tsara koa ny olona rehetra tany Jerosalema sy ny Benjamina. Ary ny mponina tany Jerosalema dia nanao araka ny faneken'Andriamanitra, dia Andriamanitry ny razanyAry Josia nanaisotra ny fahavetavetana rehetra tamin'ny tany rehetra izay an'ny Zanak'isiraely sady nandidy izay rehetra teo amin'ny Isiraely hanompo an'i Jehovah Andriamaniny. Tamin'ny andro rehetra niainan'i Josia dia tsy mba niala tamin'ny fanarahana an'i Jehovah, Andriamanitry ny razany, ny olona."
mg_14,35,26,"Ary ny tantaran'i Josia sisa mbamin'ny soa nataony, araka izay efa voasoratra ao amin'ny lalàn'i Jehovah,","Ary ny tantaran'i Josia sisa mbamin'ny soa nataony, araka izay efa voasoratra ao amin'ny lalàn'i Jehovah,dia ny asany voalohany sy farany, indro, efa voasoratra ao amin'ny bokin'ny mpanjakan'ny Isiraely sy ny Joda izany."
mg_15,1,10,"kapoaka volamena misarona telo-polo, lovia volafotsy manarakaraka folo amby efa-jato, ary lovia hafa koa arivo;","kapoaka volamena misarona telo-polo, lovia volafotsy manarakaraka folo amby efa-jato, ary lovia hafa koa arivo;efa-jato amby dimy arivo no isan'ny fanaka volamena sy volafotsy rehetra. Ireo rehetra ireo dia nentin'i Sesbazara niaraka nankany Jerosalema tamin'ny babo izay niverina avy tany Babylona."
mg_15,3,12,"Nefa maro ny mpisorona sy ny Levita ary ny lohan'ny fianakaviana, dia ny antitra izay efa nahita ny trano voalohany, no nitomany mafy dia mafy, nony naorina teo imasony izany trano izany; nefa maro kosa no nanandratra ny feony nihoby sy nifaly;","Nefa maro ny mpisorona sy ny Levita ary ny lohan'ny fianakaviana, dia ny antitra izay efa nahita ny trano voalohany, no nitomany mafy dia mafy, nony naorina teo imasony izany trano izany; nefa maro kosa no nanandratra ny feony nihoby sy nifaly;ka dia tsy fantatry ny olona izay fifaliana na izay fitomaniana noho izany horakoraka be izany, fa nihoby mafy ny olona, ka re lavitra ny horakoraka."
mg_15,5,16,"Dia avy Sesbazara ka nanao ny fanorenan'ny tranon'Andriamanitra any Jerosalema; ary hatramin'izany andro izany ka mandraka ankehitriny dia efa natao ihany izy, saingy tsy mbola vita.","Dia avy Sesbazara ka nanao ny fanorenan'ny tranon'Andriamanitra any Jerosalema; ary hatramin'izany andro izany ka mandraka ankehitriny dia efa natao ihany izy, saingy tsy mbola vita.Koa raha sitraky ny mpanjaka, aoka hizahana ny trano firaketan'ny mpanjaka, izay any Babylona, na misy didy nataon'i Kyrosy mpanjaka hanaovana io tranon'Andriamanitra any Jerosalema io, na tsia; ary aoka ny sitrapon'ny mpanjaka hambarany aminay ny amin'izany zavatra izany."
mg_15,6,21,"Dia nihinana izany ny Zanak'Isiraely izay efa nody avy tamin'ny fahababoana mbamin'izay rehetra niavaka ho namany ka niala tamin'ny fahalotoan'ny firenena tompon-tany hitady an'i Jehovah, Andriamanitry ny Isiraely,","Dia nihinana izany ny Zanak'Isiraely izay efa nody avy tamin'ny fahababoana mbamin'izay rehetra niavaka ho namany ka niala tamin'ny fahalotoan'ny firenena tompon-tany hitady an'i Jehovah, Andriamanitry ny Isiraely,ka dia nitandrina ny andro firavoravoana fihinanana ny mofo tsy misy masirasira hafitoana tamin'ny fifaliana izy; fa Jehovah efa nampifaly azy ary efa nampiova ny fon'ny mpanjakan'i Asyria hamindra fo aminy ka hampahery ny tànany tamin'ny nanaovany ny tranon'Andriamanitra, dia Andriamanitry ny Isiraely."
mg_15,7,27,"Isaorana anie Jehovah, Andriamanitry ny razantsika, Izay efa nanisy izany tao am-pon'ny mpanjaka hahatsara tarehy ny tranon'i Jehovah any Jerosalema.","Isaorana anie Jehovah, Andriamanitry ny razantsika, Izay efa nanisy izany tao am-pon'ny mpanjaka hahatsara tarehy ny tranon'i Jehovah any Jerosalema.sady efa nampahazo ahy famindram-po teo anatrehan'ny mpanjaka sy ireo mpanolo-tsainy ary ny mpanapaka lehibe rehetra ao amin'ny mpanjaka. Ary dia nampaherezina aho araka ny nomban'ny tanan'i Jehovah Andriamanitro ahy ka nahangona loholona tamin'ny Isiraely mba hiara-miakatra amiko."
mg_15,8,35,"Ary ny olona izay niverina avy tamin'ny fahababoana dia nanatitra fanatitra dorana ho an'Andriamanitry ny Isiraely, dia vantotr'ombilahy roa ambin'ny folo ho an'ny Isiraely rehetra sy ondrilahy enina amby sivifolo sy zanak'ondry fito amby fito-polo ary osilahy roa ambin'ny folo ho fanatitra noho ny ota: fanatitra dorana ho an'i Jehovah ireo rehetra ireo.","Ary ny olona izay niverina avy tamin'ny fahababoana dia nanatitra fanatitra dorana ho an'Andriamanitry ny Isiraely, dia vantotr'ombilahy roa ambin'ny folo ho an'ny Isiraely rehetra sy ondrilahy enina amby sivifolo sy zanak'ondry fito amby fito-polo ary osilahy roa ambin'ny folo ho fanatitra noho ny ota: fanatitra dorana ho an'i Jehovah ireo rehetra ireo.Ary ny didin'ny mpanjaka dia natolony tamin'ny solo-mpanjaka sy ny mpanapaka tamin'ny etỳ an-dafin'ny ony etỳ; ary izy ireo nampandroso ny olona sy ny tranon'Andriamanitra."
mg_15,10,43,ny avy tamin'ny taranak'i Nebo dia Jeiela sy Matitia sy Zabada sy Zebina sy Jadao sy Joela ary Benaia.,"ny avy tamin'ny taranak'i Nebo dia Jeiela sy Matitia sy Zabada sy Zebina sy Jadao sy Joela ary Benaia.Ireny rehetra ireny no samy efa naka vehivavy hafa firenena ho vadiny avokoa, sady efa niteraka ny vehivavy sasany tamin'ireny"
mg_16,1,10,"Ary ireo dia mpanomponao sy olonao, izay navotanao tamin'ny herinao lehibe sy ny tananao mahery.","Ary ireo dia mpanomponao sy olonao, izay navotanao tamin'ny herinao lehibe sy ny tananao mahery.Koa mitaraina aminao aho, ry Jehovah ô, mihainoa ny fivavaky ny mpanomponao sy ny fivavaky ny mpanomponao rehetra izay faly amin'ny fahatahorana ny anaranao; ary hambinina anie ny mpanomponao anio, ary aoka hahazo famindram-po eo imason'io lehilahy io aho. Fa mpitondra kapoaky ny mpanjaka aho."
mg_16,2,19,"Fa nony ren'i Sanbala Horonita sy Tobia Amonita mpanompo ary Gasema Arabo izany, dia nanaraby sy nanevateva anay izy nanao hoe: Inona izao zavatra ataonareo izao? Hikomy amin'ny mpanjaka angaha ianareo?","Fa nony ren'i Sanbala Horonita sy Tobia Amonita mpanompo ary Gasema Arabo izany, dia nanaraby sy nanevateva anay izy nanao hoe: Inona izao zavatra ataonareo izao? Hikomy amin'ny mpanjaka angaha ianareo?Dia namaly azy aho ka nanao taminy hoe: Andriamanitry ny lanitra, Izy no hanambina anay, ka dia hitsangana handrafitra izahay mpanompony; fa ianareo tsy manana anjara. na rariny, na fahatsiarovana akory, atỳ Jerosalema."
mg_16,3,37,"Aza manarona ny helony, ary aza vonoina tsy ho eo anatrehanao ny fahotany; fa efa nampahatezitra Anao teo anatrehan'ireo mandrafitra izy.","Aza manarona ny helony, ary aza vonoina tsy ho eo anatrehanao ny fahotany; fa efa nampahatezitra Anao teo anatrehan'ireo mandrafitra izy.Ka dia narafitray ihany ny manda ka tafakambana avokoa hatramin'ny antsasany miakatra; fa nazoto niasa ny olona."
mg_16,4,16,"Ary tamin'izany andro izany dia hoy koa aho tamin'ny olona: Samia mitoetra ato Jerosalema ianareo mbamin'ny zatovonareo, mba hiambina antsika raha alina ireo ary hiasa raha antoandro.","Ary tamin'izany andro izany dia hoy koa aho tamin'ny olona: Samia mitoetra ato Jerosalema ianareo mbamin'ny zatovonareo, mba hiambina antsika raha alina ireo ary hiasa raha antoandro.Fa izaho sy ny rahalahiko mbamin'ny zatovoko sy ny mpiambina, izay nanaraka ahy, dia samy tsy niala akanjo, sady tsy nisy nandro akory."
mg_16,5,18,"Ary ny namboarina ho ahy isan'andro dia omby iray sy ondry matavy enina ary vorona koa, ary indray mandeha isan-kafoloana dia nasiana divay samy hafa betsaka; nefa na dia izany aza, ny anjara-fiveloman'ny governora dia tsy mba nilaiko, satria nahavesatra ny olona ny fanompoana.","Ary ny namboarina ho ahy isan'andro dia omby iray sy ondry matavy enina ary vorona koa, ary indray mandeha isan-kafoloana dia nasiana divay samy hafa betsaka; nefa na dia izany aza, ny anjara-fiveloman'ny governora dia tsy mba nilaiko, satria nahavesatra ny olona ny fanompoana.Tsarovy aho ka hasoavy, ry Andriamanitro ô, araka izay rehetra nataoko ho an'ity firenena ity."
mg_16,6,18,"Fa nisy maro tany Joda efa nianiana niray tetika taminy, satria vinanton'i Sekania, zanak'i Ara, izy; ary Johanana zananilahy efa nanambady ny zanakavavin'i Mesolama, zanak'i Berekia.","Fa nisy maro tany Joda efa nianiana niray tetika taminy, satria vinanton'i Sekania, zanak'i Ara, izy; ary Johanana zananilahy efa nanambady ny zanakavavin'i Mesolama, zanak'i Berekia.Ary nisy koa teo anatrehako nilaza ny soa nataony ary nilaza ny teniko tany aminy kosa. Ary Tobia kosa nampitondra taratasy hampitahotra ahy."
mg_16,7,72,Ary izay nomen'ny olona sisa dia darika volamena roa alina sy mane volafotsy roa arivo ary akanjo-mpisorona fito amby enim-polo.,"Ary izay nomen'ny olona sisa dia darika volamena roa alina sy mane volafotsy roa arivo ary akanjo-mpisorona fito amby enim-polo.Ary samy tafapetraka teny an-tanànany avy ny mpisorona sy ny Levita sy ny mpiandry varavarana sy ny mpihira sy ny sasany amin'ny vahoaka ary ny Netinima, dia ny Isiraely rehetra."
mg_16,8,17,"Eny, nanao trano rantsan-kazo avokoa ny fiangonana rehetra izay efa niverina avy tamin'ny fahababoana, ka nipetraka tao anatiny izy; fa tsy mbola nanao toy izany ny Zanak'Isiraely hatramin'ny andron'i Josoa, zanak'i Nona, ka hatramin'izany andro izany. Ary dia nisy fifaliana lehibe indrindra.","Eny, nanao trano rantsan-kazo avokoa ny fiangonana rehetra izay efa niverina avy tamin'ny fahababoana, ka nipetraka tao anatiny izy; fa tsy mbola nanao toy izany ny Zanak'Isiraely hatramin'ny andron'i Josoa, zanak'i Nona, ka hatramin'izany andro izany. Ary dia nisy fifaliana lehibe indrindra.Ary namaky ny teny tao amin'ny bokin'ny lalàn'Andriamanitra isan'andro isan'andro izy hatramin'ny andro voalohany ka hatramin'ny andro farany. Ary nanao andro firavoravoana hafitoana izy; ary tamin'ny andro fahavalo dia fara-fivoriana araka ny fanao."
mg_16,9,36,"Koa, indreto, andevo izahay izao, ary ny amin'ny tany izay nomenao ny razanay hihinanany ny vokatra sy ny soa avy aminy, indreto, andevo eto izahay;","Koa, indreto, andevo izahay izao, ary ny amin'ny tany izay nomenao ny razanay hihinanany ny vokatra sy ny soa avy aminy, indreto, andevo eto izahay;ary mahavokatra be izy, kanefa ho an'ireo mpanjaka izay notendrenao hanapaka anay noho ny fahotanay ihany izany; eny, manapaka ny tenanay sy ny biby fiompinay araka ny sitrapony izy, ka ozoim-pahoriana mafy izahay."
mg_16,10,39,"Ary hisy mpisorona anankiray, taranak'i Arona, hiaraka amin'ny Levita, raha mandray ny fahafolon-karena izy; ary ny ampahafolon'ny fahafolon-karena dia ho entin'ny Levita miakatra ho ao an-tranon'Andriamanitsika, ho ao amin'ny efi-trano ao an-trano fitehirizan-drakitra.","Ary hisy mpisorona anankiray, taranak'i Arona, hiaraka amin'ny Levita, raha mandray ny fahafolon-karena izy; ary ny ampahafolon'ny fahafolon-karena dia ho entin'ny Levita miakatra ho ao an-tranon'Andriamanitsika, ho ao amin'ny efi-trano ao an-trano fitehirizan-drakitra.Fa ho ao amin'ireo efi-trano ireo no hitondran'ny Zanak'Isiraely sy ny Levita ny fanatitra asandratra, dia vary sy ranom-boaloboka ary diloilo, dia ho ao amin'ilay itoeran'ny fanaky ny fitoerana masina sy ny mpisorona izay manao fanompoam-pivavahana sy ny mpiandry varavarana ary ny mpihira; ary tsy hahafoy ny tranon'Andriamanitsika izahay."
mg_16,11,35,"sy Loda sy Ono, lohasahan'ny mahay tao-zavatra.","sy Loda sy Ono, lohasahan'ny mahay tao-zavatra.Ary tao amin'ny Benjamina nisy Levita, izay isan'ny antokon'ny Joda."
mg_16,12,46,Fa fahiny tamin'ny andron'i Davida sy Asafa aza dia efa nisy lohan'ny mpihira sy hira fiderana ary fisaorana an'Andriamanitra.,"Fa fahiny tamin'ny andron'i Davida sy Asafa aza dia efa nisy lohan'ny mpihira sy hira fiderana ary fisaorana an'Andriamanitra.Ary ny Isiraely rehetra tamin'ny andron'i Zerobabela sy Nehemia nanome ny anaran'ny mpihira sy ny mpiandry varavarana, dia ny anjarany isan'andro; ary nanokana izay ho an'ny Levita izy; ary ny Levita kosa nanokana izay ho an'ny taranak'i Arona."
mg_16,13,30,"Toy izany no nanadiovako azy ho afaka amin'ny tamin'ny olona hafa firenena rehetra, sy nanendreko ny anjara-raharahan'ny mpisorona sy ny Levita samy ho amin'ny raharahany avy,","Toy izany no nanadiovako azy ho afaka amin'ny tamin'ny olona hafa firenena rehetra, sy nanendreko ny anjara-raharahan'ny mpisorona sy ny Levita samy ho amin'ny raharahany avy,ary ny amin'ny fanaterana ny kitay hazo tamin'izay fotoan'androny sy ny voaloham-bokatra. Tsarovy aho ka hasoavy, ry Andriamanitro ô."
mg_17,1,21,"Dia sitraky ny mpanjaka sy ny mpanapaka izany teny izany; ka dia nanao araka ny tenin'i Memokana ny mpanjaka,","Dia sitraky ny mpanjaka sy ny mpanapaka izany teny izany; ka dia nanao araka ny tenin'i Memokana ny mpanjaka,ka nampitondra taratasy izy ho any amin'ny isan-tokony amin'ny fanjakan'ny mpanjaka, dia isan-tokony araka ny sorany avy, ary isam-pirenena araka ny fiteniny avy, mba hahatapaka ny ao an-tranony avy ny lehilahy rehetra, ary samy hiteny araka ny fiteniny avy isam-pirenena."
mg_17,2,22,"Ary fantatr'i Mordekay izany ka nambarany tamin'i Estera, vadin'ny mpanjaka; dia nambaran'i Estera tamin'ny mpanjaka kosa izany araka ny nampilazain'i Mordekay azy.","Ary fantatr'i Mordekay izany ka nambarany tamin'i Estera, vadin'ny mpanjaka; dia nambaran'i Estera tamin'ny mpanjaka kosa izany araka ny nampilazain'i Mordekay azy.Atỳ rehefa nodinihina izany zavatra izany, dia, indro, marina; ka dia nahantona tamin'ny hazo izy roa lahy; ary nosoratana tao amin'ny bokin'ny tantara teo anatrehan'ny mpanjaka izany."
mg_17,5,13,"Nefa na dia izany rehetra izany aza, dia tsy mbola mahafa-po ahy ihany, raha mbola mahita an'i Mordekay Jiosy mipetraka eo am-bavahadin'ny mpanjaka aho.","Nefa na dia izany rehetra izany aza, dia tsy mbola mahafa-po ahy ihany, raha mbola mahita an'i Mordekay Jiosy mipetraka eo am-bavahadin'ny mpanjaka aho.Dia hoy Zaresy vadiny sy ny sakaizany rehetra taminy: Aoka hanaovana hazo, dimam-polo hakiho ny hahavony, ary raha maraina dia lazao amin'ny mpanjaka mba hahantona eo Mordekay; fa mandehana miaraka amin'ny mpanjaka amin'ny hafaliana ho any amin'ny fanasana ianao. Ary sitrak'i Hamana izany zavatra izany, ka dia nampanao ilay hazo izy."
mg_17,6,13,"Dia nolazain'i Hamana tamin'i Zaresy vadiny sy ny sakaizany rehetra izay zavatra nanjo azy. Ary hoy ny olon-kendry rehetra sy Zaresy vadiny taminy: Raha avy amin'ny taranaky ny Jiosy Mordekay, izay efa niantomboka nandavo anao teo anatrehany, dia tsy haharesy azy mihitsy ianao, fa ho lavo eo anatrehany tokoa.","Dia nolazain'i Hamana tamin'i Zaresy vadiny sy ny sakaizany rehetra izay zavatra nanjo azy. Ary hoy ny olon-kendry rehetra sy Zaresy vadiny taminy: Raha avy amin'ny taranaky ny Jiosy Mordekay, izay efa niantomboka nandavo anao teo anatrehany, dia tsy haharesy azy mihitsy ianao, fa ho lavo eo anatrehany tokoa.Ary raha mbola niresaka taminy ihany ireo, dia tonga ny tsindranolahin' ny mpanjaka ka naka faingana an'i Hamana ho ny amin'ny fanasana izay efa namboarin'i Estera.<n>[Heb. ionoka]</n>"
mg_17,8,16,Ny Jiosy dia nahazo fahazavana sy faharavoravoana sy fifaliana ary voninahitra.,"Ny Jiosy dia nahazo fahazavana sy faharavoravoana sy fifaliana ary voninahitra.Ary teo amin'ny isan-tokony eran'ny fanjakana sy teny an-tanàna rehetra izay nahatongavan'ny didin'ny mpanjaka sy ny teniny dia nahazo hafaliana sy faharavoravoana ny Jiosy sady nanao fanasana sy andro mahafaly. Ary maro ny olona tompon-tany no tonga Jiosy, satria nahazo azy ny fahatahorana ny Jiosy."
mg_17,9,31,"mba hampitandrina azy Ireo andro Porima ireo amin'ny fotoany, araka izay nandidian'i Mordekay Jiosy sy Estera, vadin'ny mpanjaka. azy sy araka izay efa nekeny ho an'ny tenany sy ny taranany koa ny amin'ny fifadian-kaniny sy ny fitarainany.","mba hampitandrina azy Ireo andro Porima ireo amin'ny fotoany, araka izay nandidian'i Mordekay Jiosy sy Estera, vadin'ny mpanjaka. azy sy araka izay efa nekeny ho an'ny tenany sy ny taranany koa ny amin'ny fifadian-kaniny sy ny fitarainany.Ary ny tenin'i Estera dia nanamafy izany teny milaza ny Porima izany; ary voasoratra tao amin'ny boky izany."
mg_17,10,2,"Ary izay rehetra nataony araka ny fahefany sy ny heriny mbamin'ny filazana ny fahalehibiazan'i Mordekay, araka izay nanandratan'ny mpanjaka azy, tsy efa voasoratra ao amin'ny bokin'ny tantaran'ny mpanjakan'i Media sy Persia va izany?","Ary izay rehetra nataony araka ny fahefany sy ny heriny mbamin'ny filazana ny fahalehibiazan'i Mordekay, araka izay nanandratan'ny mpanjaka azy, tsy efa voasoratra ao amin'ny bokin'ny tantaran'ny mpanjakan'i Media sy Persia va izany?Fa Mordekay Jiosy no nanarakaraka an'i Ahasoerosy mpanjaka sady nalaza tamin'ny Jiosy ka nankasitrahan'ny rahalahiny maro, satria nitady hihasoa ny fireneny izy sady nilaza fiadanana tamin'ny olona rehetra iray firazanana aminy."
mg_18,1,21,"sady nanao hoe: Nitanjaka no nivoahako avy tany an-kibon'ineny, ary mitanjaka no hiverenako any; Jehovah no nanome, ary Jehovah no nanaisotra; isaorana anie ny anaran'i Jehovah","sady nanao hoe: Nitanjaka no nivoahako avy tany an-kibon'ineny, ary mitanjaka no hiverenako any; Jehovah no nanome, ary Jehovah no nanaisotra; isaorana anie ny anaran'i JehovahTamin'izany rehetra izany dia tsy nanota Joba, na nanome tsiny an'Andriamanitra."
mg_18,2,12,"Ary nanopy ny masony teny lavidavitra eny izy telo lahy ka tsy nahafantatra azy, dia nanandratra ny feony izy ka nitomany; ary samy nandriatra ny lambany avy koa izy rehetra, dia nanopy vovoka ho amin'ny lanitra hiraraka amin'ny lohany.","Ary nanopy ny masony teny lavidavitra eny izy telo lahy ka tsy nahafantatra azy, dia nanandratra ny feony izy ka nitomany; ary samy nandriatra ny lambany avy koa izy rehetra, dia nanopy vovoka ho amin'ny lanitra hiraraka amin'ny lohany.Ary niara-nipetraka teo aminy tamin'ny tany hafitoan'andro sy hafitoan'alina izy, nefa tsy nisy niteny taminy na dia indraim-bava akory aza, satria hitany fa mafy loatra ny fahoriany."
mg_18,3,25,"Fa Izay atahorako no mahazo ahy, ary izay angovitako no manjo ahy.","Fa Izay atahorako no mahazo ahy, ary izay angovitako no manjo ahy.Tsy mbola nahita fiadanana na fitsaharana na fakàna aina akory aza aho, dia tonga indray ny tebiteby."
mg_18,4,20,"Indray andro monja dia montsana izy; Tsy misy misaina azy, na dia levona mandrakizay aza izy.","Indray andro monja dia montsana izy; Tsy misy misaina azy, na dia levona mandrakizay aza izy.Tsy voaongotra va ny kofehin-dainy ao aminy? Maty izy, nefa tsy mbola nanam-pahendrena."
mg_18,5,26,"Haharitra ianao ambara-piditrao any am-pasana, raha mbola henjana, dia tahaka ny amboaram-bary akarina amin'ny fotoana.","Haharitra ianao ambara-piditrao any am-pasana, raha mbola henjana, dia tahaka ny amboaram-bary akarina amin'ny fotoana.Izany ary no izy, fa efa nandinika azy izahay; Hevero ary izany, ka fantaro tsara."
mg_18,6,29,"Masïna ianareo, diniho indray aho, ary aoka tsy hisy fitsarana tsy marina; eny, diniho indray aho, fa mbola ao ihany ny fahamarinako.","Masìna ianareo, diniho indray aho, ary aoka tsy hisy fitsarana tsy marina; eny, diniho indray aho, fa mbola ao ihany ny fahamarinako.Moa misy heloka va eo amin'ny lelako?"
mg_18,7,20,"Na dia ho nanota aza aho, nampaninona Anao moa izany, ry Mpandinika ny olombelona? Nahoana no dia nataonao fikendry aho, ka efa tonga enta-mavesatra amiko aho?","Na dia ho nanota aza aho, nampaninona Anao moa izany, ry Mpandinika ny olombelona? Nahoana no dia nataonao fikendry aho, ka efa tonga enta-mavesatra amiko aho?Ary nahoana no tsy mamela ny fahadisoako sy manaisotra ny heloko Hianao? Fa izao dia efa handry any amin'ny vovoka aho; ary hitady ahy fatratra Hianao, fa tsy ho atỳ intsony aho."
mg_18,8,21,Mbola hofenoiny hehy ny vavanao sy hoby ny molotrao.,Mbola hofenoiny hehy ny vavanao sy hoby ny molotrao.Izay mankahala anao hitafy henatra; Ary tsy hisy intsony ny lain'ny ratsy fanahy.
mg_18,9,34,"Aoka hanaisotra ny tsorakazony amiko Izy, ary aoka tsy hampahatsiravina ahy ny fampitahorany,","Aoka hanaisotra ny tsorakazony amiko Izy, ary aoka tsy hampahatsiravina ahy ny fampitahorany,Dia hiteny aho ka tsy hatahotra Azy; Fa fantatro fa tsy hatahotra foana aho."
mg_18,10,21,"Dieny tsy mbola lasa tsy hiverina aho, dia ho any amin'ny tanin'ny aizina sy ny aloky ny fahafatesana,","Dieny tsy mbola lasa tsy hiverina aho, dia ho any amin'ny tanin'ny aizina sy ny aloky ny fahafatesana,Ho any amin'ny tany maizim-pito, dia ny an'ny aloky ny fahafatesana sy ny fikorontanana, sady maizim-pito ny famirapiratana any."
mg_18,11,19,"Dia ho tafandry ianao, fa tsy hisy hanaitaitra; Ary maro no hila sitraka aminao.","Dia ho tafandry ianao, fa tsy hisy hanaitaitra; Ary maro no hila sitraka aminao.Fa ny mason'ny ratsy fanahy kosa ho pahina, ka ho very avokoa ny fiarovana azy, ary ny fialàna aina ihany no hany sisa azony antenaina."
mg_18,14,21,"Omem-boninahitra ny zanany nefa tsy fantany; Ary mietry ireo, nefa tsy hitany.","Omem-boninahitra ny zanany nefa tsy fantany; Ary mietry ireo, nefa tsy hitany.Ny mihatra amin'ny tenany ihany no mampanaintaina azy, ary ny mihatra amin'ny tenany ihany no mampalahelo ny fanahiny."
mg_18,17,15,Fa aiza ary ny fanantenako? Ary iza no mahita azy?,"Fa aiza ary ny fanantenako? Ary iza no mahita azy?Midina any amin'ny vavahadin'ny fiainan-tsi-hita izany, raha mba hahita fitsaharana ao amin'ny vovoka aho.<n>[Heb. Sheola]</n>"
mg_18,18,20,"Ny manjo azy dia italanjonan'ny any andrefana, ary ny any atsinanana raiki-tahotra.","Ny manjo azy dia italanjonan'ny any andrefana, ary ny any atsinanana raiki-tahotra.Izany tokoa no anjaran'ny ratsy fanahy, ary izany no manjo ny tsy mahalala an'Andriamanitra."
mg_18,20,28,"Ho lasa ny harena tafiditra ao an-tranony; Eny, ho levona izany amin'ny andro fahatezerany.","Ho lasa ny harena tafiditra ao an-tranony; Eny, ho levona izany amin'ny andro fahatezerany.Izany no anjaran'ny ratsy fanahy avy amin'Andriamanitra, sy lova voatendrin'Andriamanitra ho azy."
mg_18,21,33,"Ho mamy aminy ny bainga any an-dohasaha, ary ny olona rehetra hanaraka azy, toy ny nandehanan'ny maro tany alohany.","Ho mamy aminy ny bainga any an-dohasaha, ary ny olona rehetra hanaraka azy, toy ny nandehanan'ny maro tany alohany.Endrey! ity ianareo mba mampionona ahy foana! Ary ny famalianareo anefa, raha voasana tsara, dia lainga ihany!"
mg_18,24,24,"Nasandratra izy, kanjo vetivety dia tsy ao intsony, dia mihalevona izy ka otazana tahaka ny olona rehetra, ary tangosana tahaka ny salohim-bary.","Nasandratra izy, kanjo vetivety dia tsy ao intsony, dia mihalevona izy ka otazana tahaka ny olona rehetra, ary tangosana tahaka ny salohim-bary.Raha tsy izany, dia aoka hisy hamaky lainga ahy ka hampiseho ny teniko ho tsinontsinona."
mg_18,25,5,"Indro, ny volana aza tsy mangarangarana, ary ny kintana aza tsy madio eo imasony;","Indro, ny volana aza tsy mangarangarana, ary ny kintana aza tsy madio eo imasony;Koa mainka fa ny olombelona, izay kankana, ary ny zanak'olombelona, izay olitra."
mg_18,26,13,Ny fanahiny no mahatsara tarehy ny lanitra; Ny tanany no nitomboka ny menarana mandositra.,"Ny fanahiny no mahatsara tarehy ny lanitra; Ny tànany no nitomboka ny menarana mandositra.Indro, ireny dia vao ny sisintsisin'ny alehany ihany aza, ary siosion-teny mamelovelo no andrenesantsika Azy; Fa raha ny fikotrokotroky ny heriny, iza moa no mahatakatra izany?"
mg_18,28,27,"Dia nahita ka nanambara azy Izy; Eny, nanorina azy Izy sady namantatra azy;","Dia nahita ka nanambara azy Izy; Eny, nanorina azy Izy sady namantatra azy;Dia hoy Izy tamin'ny olona: Indro, ny fahatahorana ny Tompo no fahendrena. Ary ny fialàna amin'ny ratsy no fahalalana."
mg_18,29,24,"Raha nisy nila ho ketraka, dia mbola niseho miramirana taminy ihany ny tarehiko, ary tsy nahamaloka ny fahazavan'ny tavako ireo.","Raha nisy nila ho ketraka, dia mbola niseho miramirana taminy ihany ny tarehiko, ary tsy nahamaloka ny fahazavan'ny tavako ireo.Nifidy ny lalan-kalehany aho ka nipetraka ho lohany, eny, nitoetra toy ny mpanjaka teo amin'ny miaramila sy toy ny mpampionona ny misaona aho."
mg_18,32,21,"Aoka tsy hizaha tavan'olona akory aho, ary aoka tsy handrobo olona.","Aoka tsy hizaha tavan'olona akory aho, ary aoka tsy handrobo olona.Fa tsy mba mahay mandrobo aho; Raha izany, dia halain'ny Mpanao ahy faingana aho."
mg_18,33,32,"Raha manan-kavaly ianao, dia mamalia ahy ihany; Mitenena, fa ta-hanamarina anao aho;","Raha manan-kavaly ianao, dia mamalia ahy ihany; Mitenena, fa ta-hanamarina anao aho;Fa raha tsy manan-kavaly ianao, dia mihainoa ahy kosa; Mangina tsara, fa hampianariko fahendrena ianao."
mg_18,34,36,Enga anie ka hizahan-toetra mandrakariva Joba noho ny famaliana ataony araka ny fanaon'ny ratsy fanahy!,Enga anie ka hizahan-toetra mandrakariva Joba noho ny famaliana ataony araka ny fanaon'ny ratsy fanahy!Fa ampiany fihaikana koa ny fahotany; Miteha-tanana eto amintsika izy ka manao teny maro ho enti-miady amin'Andriamanitra.
mg_18,35,15,"Koa raha saingy tsy mihatra ny fahatezerany, moa dia tsy fantany tsara koa va ny fihaikana?","Koa raha saingy tsy mihatra ny fahatezerany, moa dia tsy fantany tsara koa va ny fihaikana?Mba miloa-bava foana anefa Joba ary manao teny maro tsy amim-pahalalana."
mg_18,38,40,Raha mamitsaka ao amin'ny fitoerany izy ary manotrika ao amin'ny kirihitrala?,"Raha mamitsaka ao amin'ny fitoerany izy ary manotrika ao amin'ny kirihitrala?Iza moa no manome hanina ny goaika, raha mitaraina amin'Andriamanitra ny zanany ka mirenireny tsy mahita hanina?"
mg_18,39,29,Any no itazanany remby; Mahatsinjo lavitra ny masony.,"Any no itazanany remby; Mahatsinjo lavitra ny masony.Mitsentsitra rà ny zanany, ary izay itoeran'ny faty dia any izy."
mg_18,40,31,"Mahafeno lefom-pohy ny hodiny va ianao, na firombaka amin'ny lohany?","Mahafeno lefom-pohy ny hodiny va ianao, na firombaka amin'ny lohany?Atehefo aminy ange ny tananao; Raha tsaroanao ny ady, dia tsy hanindroa intsony ianao."
mg_18,41,25,"Tsy misy tahaka azy eny ambonin'ny tany, izay voaforona tsy hahalala tahotra.","Tsy misy tahaka azy eny ambonin'ny tany, izay voaforona tsy hahalala tahotra.Ny avo rehetra jereny avokoa; Mpanjakan'ny bibi-dia rehetra izy"
mg_18,42,16,Ary mbola velona efa-polo amby zato taona Joba taorian'izany ka nahita ny zananilahy sy ny zafiny ka hatramin'ny zafin-dohaliny aza.,"Ary mbola velona efa-polo amby zato taona Joba taorian'izany ka nahita ny zananilahy sy ny zafiny ka hatramin'ny zafin-dohaliny aza.Dia maty Joba, rehefa tratrantitra ka ela niainana.<n>[Heb. voky andro]</n>"
mg_19,1,5,"Ary noho izany ny ratsy fanahy dia tsy hahajanona eo amin'ny fitsarana, na ny mpanota eo amin'ny fiangonan'ny marina.","Ary noho izany ny ratsy fanahy dia tsy hahajanona eo amin'ny fitsarana, na ny mpanota eo amin'ny fiangonan'ny marina.Fa fantatr'i Jehovah ny lalan'ny marina, fa ny lalan'ny ratsy fanahy kosa dia mankany amin'ny fahaverezana."
mg_19,2,11,"Manompoa an'i Jehovah amin'ny fahatahorana, ary mifalia amin'ny fangovitana.","Manompoa an'i Jehovah amin'ny fahatahorana, ary mifalia amin'ny fangovitana.Manoroha ny zanaka, fandrao ho tezitra izy, ka ho very eny an-dalana ianareo; fa vetivety dia hirehitra ny fahatezerany. Sambatra izay rehetra mialoka aminy."
mg_19,4,7,Efa nasianao fifaliana ny foko mihoatra noho ny tamin'ny taona nahabetsahan'ny variny sy ny ranom-boalobony.,"Efa nasianao fifaliana ny foko mihoatra noho ny tamin'ny taona nahabetsahan'ny variny sy ny ranom-boalobony.Handry amin'ny fiadanana aho, ka dia hatory miaraka amin'izay, satria Hianao, Jehovah ô, no mampitoetra ahy mitokana irery tsy manana ahiahy."
mg_19,6,9,Jehovah efa nandre ny fangatahako; Jehovah no handray ny fivavahako.,Jehovah efa nandre ny fangatahako; Jehovah no handray ny fivavahako.Ho menatra sy hangovitra indrindra ny fahavaloko rehetra; hihodina izy ka ho menatra tampoka.
mg_19,7,16,Mitsingerina ho eo an-dohany ihany ny fampahoriany; ary eo an-tampon-dohany ihany no ianjeran'ny loza nataony.,"Mitsingerina ho eo an-dohany ihany ny fampahoriany; ary eo an-tampon-dohany ihany no ianjeran'ny loza nataony.Hidera an'i Jehovah araka ny fahamarinany aho, ary hankalaza ny anaran'i Jehovah Avo Indrindra."
mg_19,9,19,"Mitsangàna, Jehovah o, aoka tsy hahery ny olona; aoka hotsaraina eo anatrehanao ny jentilisa.","Mitsangàna, Jehovah ô, aoka tsy hahery ny olona; aoka hotsaraina eo anatrehanao ny jentilisa.Asio fampahatahorana izy, Jehovah ô; aoka ho fantatry ny jentilisa fa olona ihany izy. <n>[Na: fampianarana]</n>"
mg_19,11,6,Handatsaka fandrika amin'ny ratsy fanahy Izy tahaka ny fandatsaka ranonorana; afo sy solifara ary rivo-mahamay no ho anjara kapoakany.,"Handatsaka fandrika amin'ny ratsy fanahy Izy tahaka ny fandatsaka ranonorana; afo sy solifara ary rivo-mahamay no ho anjara kapoakany.Fa marina Jehovah, ka fahamarinana no tiany; ny mahitsy no hahita ny tavany.<n>[Na: Ny mahitsy no hitan'ny tavany]</n>"
mg_19,13,5,"Fa raha izaho kosa, dia ny famindram-ponao no itokiako; ho faly amin'ny famonjenao ny foko.","Fa raha izaho kosa, dia ny famindram-ponao no itokiako; ho faly amin'ny famonjenao ny foko.Hihira ho an'i Jehovah aho, satria nanisy soa ahy Izy;"
mg_19,14,6,"Na dia foananareo aza ny fisainan'ny ory, Jehovah kosa no arony.","Na dia foananareo aza ny fisainan'ny ory, Jehovah kosa no arony.Enga anie ka hivoaka avy ao Ziona ny famonjena ny Isiraely! Raha ampodin'i Jehovah avy amin'ny fahababoana ny olony, dia ho faly Jakoba, ary ho ravoravo Isiraely."
mg_19,17,14,"Vonjeo amin'ny tananao aho, Jehovah o, mba tsy ho azon'ny olon'izao tontolo izao, izay manana ny anjarany amin'izao fiainana izao, sady fenoinao ny harenao ny kibony; Maro anaka izy, dia mamela ny fananany be ho an'ny zanany madinika.","Vonjeo amin'ny tananao aho, Jehovah ô, mba tsy ho azon'ny olon'izao tontolo izao, izay manana ny anjarany amin'izao fiainana izao, sady fenoinao ny harenao ny kibony; Maro anaka izy, dia mamela ny fananany be ho an'ny zanany madinika.Fa izaho kosa, dia aoka hahita ny tavanao amin'ny fahamarinana; aoka ny endrikao no hahafa-po ahy, raha mifoha."
mg_19,18,49,"Koa izany no hiderako Anao eny amin'ny firenen-tsamy hafa, Jehovah o, sy hankalazako ny anaranao.","Koa izany no hiderako Anao eny amin'ny firenen-tsamy hafa, Jehovah ô, sy hankalazako ny anaranao.Manao famonjen-dehibe ho an'ny mpanjaka voatendriny Izy, ary mamindra fo amin'ny voahosony, dia amin'i Davida sy ny taranany mandrakizay."
mg_19,19,13,Arovy ny mpanomponao tsy ho azon'ny ota sahisahy; aoka tsy hanapaka ahy izany; dia ho marina tokoa aho ka tsy hanan-tsiny ny amin'izay fahadisoana lehibe.,"Arovy ny mpanomponao tsy ho azon'ny ota sahisahy; aoka tsy hanapaka ahy izany; dia ho marina tokoa aho ka tsy hanan-tsiny ny amin'izay fahadisoana lehibe.Aoka ny tenin'ny vavako sy ny fisainan'ny foko samy hankasitrahana eo imasonao, Jehovah ô, Vatolampiko sy Mpanavotra ahy."
mg_19,20,8,"Ireo dia reraka sady lavo; fa izahay kosa efa mitsangana sy mijoro,","Ireo dia reraka sady lavo; fa izahay kosa efa mitsangana sy mijoro,Jehovah ô, vonjeo ny mpanjaka; hamaly anay anie Izy amin'izay andro iantsoanay Azy.<n>[Na: Jehovah ô, vonjeo! Hamaly anay anie ny Mpanjaka]</n>"
mg_19,21,12,Fa hampiamboho azy ianao; ny tsipïkanao no ikendrenao ny tavany.,"Fa hampiamboho azy ianao; ny tsipìkanao no ikendrenao ny tavany.Misandrata amin'ny herinao, Jehovah ô, hihira sy hankalaza ny herinao izahay."
mg_19,22,30,Hisy taranaka hanompo Azy; ary ny Tompo dia holazaina amin'ny taranaka ho avy.,"Hisy taranaka hanompo Azy; ary ny Tompo dia holazaina amin'ny taranaka ho avy.Hisy ho avy ka hanambara ny fahamarinany, amin'ny olona izay mbola hateraka, fa Izy no nanao izany."
mg_19,26,11,Fa izaho kosa dia mandeha amin'ny fahamarinako; avoty sy amindrao fo aho.,Fa izaho kosa dia mandeha amin'ny fahamarinako; avoty sy amindrao fo aho.Ny tongotro mijoro eo amin'ny tany marina; eo am-piangonana no isaorako an'i Jehovah.
mg_19,27,13,Raha izay re aho no tsy nanantena hahita ny fahasoavan'i Jehovah amin'ny tanin'ny velona.,"Raha izay re aho no tsy nanantena hahita ny fahasoavan'i Jehovah amin'ny tanin'ny velona.Miandrasa an'i Jehovah ianao; matokia, ary aoka hahery ny fonao; eny, miandrasa an'i Jehovah."
mg_19,28,8,"Jehovah no heriny, ary Izy no fiarovana mafy hamonjena ny voahosony.","Jehovah no heriny, ary Izy no fiarovana mafy hamonjena ny voahosony.Vonjeo ny olonao, ary tahio ny lovanao; andraso izy, ka tezao mandrakizay.<n>[Heb: ento]</n>"
mg_19,29,10,"Jehovah nipetraka teo ambonin'ny safo-drano; eny, Jehovah mipetraka ho Mpanjaka mandrakizay.","Jehovah nipetraka teo ambonin'ny safo-drano; eny, Jehovah mipetraka ho Mpanjaka mandrakizay.Jehovah hanome hery ny olony; Jehovah hitahy ny olony amin'ny fiadanana."
mg_19,31,23,"Tiava an'i Jehovah, ry olony masina rehetra; miaro ny marina Jehovah, ary mamaly dia mamaly ny mpiavonavona Izy.","Tiava an'i Jehovah, ry olony masina rehetra; miaro ny marina Jehovah, ary mamaly dia mamaly ny mpiavonavona Izy.Mahereza, ary aoka hatanjaka ny fonareo, dia ianareo rehetra izay manantena an'i Jehovah."
mg_19,32,10,"Be ny fanaintainan'ny ratsy fanahy, fa izay matoky an'i Jehovah kosa dia ho hodidinin'ny famindram-po.","Be ny fanaintainan'ny ratsy fanahy, fa izay matoky an'i Jehovah kosa dia ho hodidinin'ny famindram-po.Mifalia amin'i Jehovah, ary ravoravoa, ianareo olo-marina, ary mihobia, ianareo mahitsy fo rehetra."
mg_19,33,21,"Fa Izy no ifalian'ny fontsika, satria ny anarany masina no itokiantsika.","Fa Izy no ifalian'ny fontsika, satria ny anarany masina no itokiantsika.Jehovah ô, aoka ny famindram-ponao hitoetra aminay araka ny anantenanay Anao."
mg_19,34,21,Hahafaty ny ratsy fanahy ny fahoriana; ary ny mankahala ny olo-marina hohelohina.,"Hahafaty ny ratsy fanahy ny fahoriana; ary ny mankahala ny olo-marina hohelohina.Fa Jehovah manavotra ny fanahin'ny mpanompony, ka tsy mba hisy hohelohina izay rehetra mialoka aminy."
mg_19,35,27,"Aoka hihoby sy hifaly izay mankasitraka ny fahamarinako; ary aoka izy hanao mandrakariva hoe: hankalazaina anie Jehovah, Izay mankasitraka ny fiadanan'ny mpanompony.","Aoka hihoby sy hifaly izay mankasitraka ny fahamarinako; ary aoka izy hanao mandrakariva hoe: hankalazaina anie Jehovah, Izay mankasitraka ny fiadanan'ny mpanompony.Ary ny lelako hilaza ny fahamarinanao; ny fiderana Anao no hataoko mandrakariva."
mg_19,36,11,"Aoka tsy hanitsaka ahy ny tongotry ny mpiavonavona, na hampandositra ahy ny tanan'ny ratsy fanahy.","Aoka tsy hanitsaka ahy ny tongotry ny mpiavonavona, na hampandositra ahy ny tanan'ny ratsy fanahy.Indreo! efa lavo ny mpanao ratsy; naripaka izy ka tsy maharina."
mg_19,37,39,Fa ny famonjena ny marina dia avy amin'i Jehovah; Fiarovana mafy ho azy amin'ny andro fahoriana Izy.,"Fa ny famonjena ny marina dia avy amin'i Jehovah; Fiarovana mafy ho azy amin'ny andro fahoriana Izy.Ary Jehovah mamonjy azy sy manafaka azy; eny, manafaka azy amin'ny ratsy fanahy Izy ka mamonjy azy, satria nialoka taminy izy."
mg_19,40,16,Aoka ho faly sy ho ravoravo aminao izay rehetra mitady Anao; aoka izay rehetra tia ny famonjenao hanao mandrakariva hoe: hankalazaina anie Jehovah.,"Aoka ho faly sy ho ravoravo aminao izay rehetra mitady Anao; aoka izay rehetra tia ny famonjenao hanao mandrakariva hoe: hankalazaina anie Jehovah.Fa na dia ory sy malahelo aza aho, ny Tompo no mihevitra ahy; Mpamonjy sy Mpanafaka ahy Hianao; aza ela, Andriamanitro ô."
mg_19,42,10,"Toy ny zavatra mahatorotoro ny taolako no fandatsan'ny fahavaloko ahy, ka hoy izy isan'andro: Aiza izay Andriamanitrao?","Toy ny zavatra mahatorotoro ny taolako no fandatsan'ny fahavaloko ahy, ka hoy izy isan'andro: Aiza izay Andriamanitrao?Nahoana no mitanondrika ianao, ry fanahiko? ary nahoana no mitoloko ato anatiko ianao? Manantenà an'Andriamanitra, fa mbola hidera Azy ihany aho, Izy no famonjena ny tavako sady Andriamanitro."
mg_19,43,4,"Dia hankany amin'ny alitaran'Andriamanitra aho, dia any amin'Andriamanitry ny fifaliako indrindra; ary hidera Anao amin'ny lokanga aho, ry Andriamanitra o, dia Andriamanitro.","Dia hankany amin'ny alitaran'Andriamanitra aho, dia any amin'Andriamanitry ny fifaliako indrindra; ary hidera Anao amin'ny lokanga aho, ry Andriamanitra ô, dia Andriamanitro.Nahoana no mitanondrika ianao ry fanahiko? ary nahoana no mitoloko ato anatiko ianao? manantenà an'Andriamanitra, fa mbola hidera Azy ihany aho. Izy no famonjena ny tavako sady Andriamanitro."
mg_19,44,25,"Fa miankohoka amin'ny vovoka ny fanahinay, miraikitra amin'ny tany ny kibonay.","Fa miankohoka amin'ny vovoka ny fanahinay, miraikitra amin'ny tany ny kibonay.Mitsangàna hamonjy anay, ary avoty izahay araka ny famindram-ponao."
mg_19,45,16,"Ho solon-drainao ny zanakao, hotendrenao ho mpanapaka eny amin'ny tany rehetra izy.","Ho solon-drainao ny zanakao, hotendrenao ho mpanapaka eny amin'ny tany rehetra izy.Hampahatsiaro ny anaranao hatramin'ny taranaka fara mandimby aho. Izany rehetra izany no hideran'ny firenena anao mandrakizay doria."
mg_19,46,10,"Mitsahara, ka aoka ho fantatrareo fa Izaho no Andriamanitra; hisandratra amin'ny firenen-tsamy hafa Aho, hisandratra amin'ny tany Aho.","Mitsahara, ka aoka ho fantatrareo fa Izaho no Andriamanitra; hisandratra amin'ny firenen-tsamy hafa Aho, hisandratra amin'ny tany Aho.Jehovah, Tompon'ny maro, no momba antsika; Andriamanitr'i Jakoba no aro ho antsika."
mg_19,47,8,Andriamanitra manjaka amin'ny firenen-tsamy hafa; Andriamanitra mipetraka eo ambonin'ny seza fiandrianany masina.,Andriamanitra manjaka amin'ny firenen-tsamy hafa; Andriamanitra mipetraka eo ambonin'ny seza fiandrianany masina.Ny mpanapaka ny firenen-tsamy hafa miangona ho olon'Andriamanitr'i Abrahama; fa an'Andriamanitra ny ampingan'ny tany; Avo indrindra Izy.
mg_19,48,13,"Hevero tsara ny mandany, diniho ny tranon'andrianany, mba hambaranareo amin'ny taranaka mandimby.","Hevero tsara ny mandany, diniho ny tranon'andrianany, mba hambaranareo amin'ny taranaka mandimby.Fa izany no Andriamanitra, dia Andriamanitsika mandrakizay doria; Izy no hitarika antsika na dia hatramin'ny fahafatesana aza."
mg_19,49,19,"Dia hankany amin'ny razany izy, tsy hahita ny mazava intsony mandrakizay ireny.","Dia hankany amin'ny razany izy, tsy hahita ny mazava intsony mandrakizay ireny.Izay olona manana voninahitra, nefa tsy manan-tsaina, dia tahaka ny biby izay samy tsy maintsy ho faty."
mg_19,50,22,"Mihevera izany ankehitriny, ianareo izay manadino an'Andriamanitra, fandrao hamiravira Aho, ka tsy hisy hamonjy.","Mihevera izany ankehitriny, ianareo izay manadino an'Andriamanitra, fandrao hamiravira Aho, ka tsy hisy hamonjy.Izay manatitra fanati-pisaorana no manome voninahitra Ahy; ary izay mitandrina ny lalany no hanehoako ny famonjen'Andriamanitra."
mg_19,51,18,Manaova soa amin'i Ziona araka ny fahasoavanao; ataovy ny mandan'i Jerosalema.,Manaova soa amin'i Ziona araka ny fahasoavanao; ataovy ny mandan'i Jerosalema.Dia ho sitrakao ny fanati-pahamarinana sy ny fanatitra dorana ary ny fanatitra levonina amin'ny afo; dia hanatitra vantotr'ombilahy eo amin'ny alitaranao ny olona.
mg_19,52,8,Fa izaho dia tahaka ny hazo oliva maitso ao an-tranon'Andriamanitra. Matoky ny famindram-pon'Andriamanitra mandrakizay doria aho.,"Fa izaho dia tahaka ny hazo oliva maitso ao an-tranon'Andriamanitra. Matoky ny famindram-pon'Andriamanitra mandrakizay doria aho.Hidera Anao mandrakizay aho, fa efa nataonao izany; ary hiandry ny anaranao eo anatrehan'ny olonao masina aho, fa tsara izany."
mg_19,53,5,"Indreo, matahotra dia matahotra ireny, nefa tsy nisy tokony hatahorany; fa Andriamanitra efa nanely ny taolan'izay nitoby hamely anao; nampahamenatra azy ianao, satria efa narian'Andriamanitra izy.","Indreo, matahotra dia matahotra ireny, nefa tsy nisy tokony hatahorany; fa Andriamanitra efa nanely ny taolan'izay nitoby hamely anao; nampahamenatra azy ianao, satria efa narian'Andriamanitra izy.Enga anie ka hivoaka avy ao Ziona ny famonjena ny Isiraely! raha ampodin'Andriamanitra avy amin'ny fahababoana ny olony, dia ho faly Jakoba, ary ho ravoravo Isiraely."
mg_19,54,6,"Sitrapoko ihany no hanaterako fanatitra ho Anao; hidera ny anaranao aho, Jehovah o, fa tsara izy.","Sitrapoko ihany no hanaterako fanatitra ho Anao; hidera ny anaranao aho, Jehovah ô, fa tsara izy.Fa efa namonjy ahy ho afaka tamin'ny fahoriana rehetra Izy; ary ny masoko dia faly mijery ny amin'ny fahavaloko."
mg_19,55,22,"Apetraho amin'i Jehovah ny entanao, ary Izy no hanohana anao; tsy havelany hangozohozo mandrakizay ny marina.","Apetraho amin'i Jehovah ny entanao, ary Izy no hanohana anao; tsy havelany hangozohozo mandrakizay ny marina.Fa Hianao, Andriamanitra ô, no hampidina ireo any an-davaka fanimbana; ny mpandatsa-drà sy mpamitaka tsy hahatratra ny an-tsasaky ny androny; fa izaho kosa dia hatoky Anao."
mg_19,56,12,"Nivoady taminao aho, Andriamanitra o, dia hanatitra fanati-pisaorana ho Anao.","Nivoady taminao aho, Andriamanitra ô, dia hanatitra fanati-pisaorana ho Anao.Fa efa nanafaka ny fanahiko tamin'ny fahafatesana Hianao; eny, nanafaka ny tongotro Hianao mba tsy ho solafaka. Handehanako eo anatrehan'Andriamanitra amin'ny fahazavan'ny velona.<n>[Na: fahazavan'aina]</n>"
mg_19,57,10,"Fa lehibe mihatra amin'ny lanitra ny famindram-ponao, ary mihatra amin'ny rahona ny fahamarinanao.","Fa lehibe mihatra amin'ny lanitra ny famindram-ponao, ary mihatra amin'ny rahona ny fahamarinanao.Misandrata any ambonin'ny lanitra Hianao, Andriamanitra ô; aoka ho ambonin'ny tany rehetra ny voninahitrao."
mg_19,58,10,"Hifaly ny marina, raha mahita ny famaliana; hanasa ny tongony amin'ny ran'ny ratsy fanahy izy;","Hifaly ny marina, raha mahita ny famaliana; hanasa ny tongony amin'ny ran'ny ratsy fanahy izy;Dia hiteny ny olona ka hanao hoe: misy valiny tokoa ho an'ny marina; misy tokoa Andriamanitra Izay mitsara etỳ ambonin'ny tany.<n>[Heb: vokatra]</n>"
mg_19,60,11,Vonjeo amin'ny mpandrafy izahay; fa zava-poana ny famonjena ataon'ny olona.,Vonjeo amin'ny mpandrafy izahay; fa zava-poana ny famonjena ataon'ny olona.Andriamanitra no haherezantsika; fa Izy no hanitsakitsaka ny fahavalontsika.
mg_19,61,7,Aoka hitoetra eo anatrehan'Andriamanitra mandrakizay izy; famindram-po sy fahamarinana no tendreo hiaro azy;,"Aoka hitoetra eo anatrehan'Andriamanitra mandrakizay izy; famindram-po sy fahamarinana no tendreo hiaro azy;Ka dia izany no hankalazako ny anaranao mandrakizay, mba hanefako isan'andro ny voadiko."
mg_19,62,11,Indray mandeha no nitenenan'Andriamanitra; indroa no nandrenesako hoe: an'Andriamanitra ny hery.,"Indray mandeha no nitenenan'Andriamanitra; indroa no nandrenesako hoe: an'Andriamanitra ny hery.Ary Anao koa, ry Tompo ô, ny famindram-po, fa Hianao no mamaly ny olona rehetra araka ny asany avy."
mg_19,64,9,Dia matahotra ny olona rehetra ka manambara ny ataon'Andriamanitra sady mandinika tsara ny asany.,"Dia matahotra ny olona rehetra ka manambara ny ataon'Andriamanitra sady mandinika tsara ny asany.Mifaly amin'i Jehovah ny marina ka mialoka aminy; eny, mifaly tena ny mahitsy fo rehetra."
mg_19,66,19,Kanefa efa nihaino tokoa Andriamanitra; efa nihaino ny feon'ny fivavako Izy.,"Kanefa efa nihaino tokoa Andriamanitra; efa nihaino ny feon'ny fivavako Izy.Isorana anie Andriamanitra, izay tsy nandà ny fivavako, na nanaisotra ny famindram-pony tamiko."
mg_19,67,6,"Ny tany efa nahavokatra; mitahy antsika Andriamanitra, dia Andriamanitsika.","Ny tany efa nahavokatra; mitahy antsika Andriamanitra, dia Andriamanitsika.Mitahy antsika Andriamanitra; ary hatahotra Azy ny vazan-tany rehetra."
mg_19,68,34,"Ekeo ho an'Andriamanitra ny hery; ambonin'ny Isiraely ny voninahiny, ary ny heriny any amin'ny lanitra.","Ekeo ho an'Andriamanitra ny hery; ambonin'ny Isiraely ny voninahiny, ary ny heriny any amin'ny lanitra.Mahatahotra Hianao, Andriamanitra ô, ao amin'ny fitoeranao masina; Andriamanitry ny Isiraely no manome hery sy tanjaka ho an'ny olona. Isaorana anie Andriamanitra."
mg_19,69,35,Fa Andriamanitra hamonjy an'i Ziona sady hanangana ny tanànan'ny Joda; ary hitoetra ao ny olony ka ho tompony;,Fa Andriamanitra hamonjy an'i Ziona sady hanangana ny tanànan'ny Joda; ary hitoetra ao ny olony ka ho tompony;Dia handova azy ny taranaky ny mpanompony; ary hitoetra ao izay tia ny anarany.
mg_19,70,4,Aoka hifaly sy ho ravoravo aminao izay rehetra mitady Anao; ary aoka izay tia ny famonjenao hanao mandrakariva hoe: hankalazaina anie Andriamanitra.,"Aoka hifaly sy ho ravoravo aminao izay rehetra mitady Anao; ary aoka izay tia ny famonjenao hanao mandrakariva hoe: hankalazaina anie Andriamanitra.Fa izaho dia ory sy malahelo; faingàna hankatỳ amiko, Andriamanitra ô; Mpamonjy sy Mpanafaka ahy Hianao; aza ela, Jehovah ô."
mg_19,71,23,Hihoby ny molotro raha mankalaza Anao; ny fanahiko koa izay efa navotanao;,Hihoby ny molotro raha mankalaza Anao; ny fanahiko koa izay efa navotanao;Ary ny lelako hitory ny fahamarinanao mandrakariva; fa efa menatra sy mangaihay izay mitady hanisy ratsy ahy.
mg_19,72,19,Ary isaorana mandrakizay anie ny anarany malaza; ary aoka ny tany rehetra ho henika ny voninahiny. Amena dia Amena.,"Ary isaorana mandrakizay anie ny anarany malaza; ary aoka ny tany rehetra ho henika ny voninahiny. Amena dia Amena.Tapitra ny fivavak'i Davida, zanak'i Jese."
mg_19,73,27,"Fa, indro, very izay lavitra Anao; aringanao izay rehetra mijangajanga mahafoy Anao.","Fa, indro, very izay lavitra Anao; aringanao izay rehetra mijangajanga mahafoy Anao.Fa, izaho, dia ny ho akaikin'Andriamanitra no mahatsara ahy; Hianao, Jehovah Tompo ô, no nataoko aroko, mba hilaza ny asanao rehetra aho."
mg_19,74,22,"Mitsangàna, Andriamanitra o, efao ny adinao; tsarovy ny fanaratsian'ny adala Anao isan'andro.","Mitsangàna, Andriamanitra ô, efao ny adinao; tsarovy ny fanaratsian'ny adala Anao isan'andro.Aza manadino ny feon'ny rafinao, dia ny fitabataban'ny mpanohitra Anao, izay miakatra mandrakariva."
mg_19,75,9,"Fa izaho hanambara izany mandrakizay, ka hankalaza an'Andriamanitr'i Jakoba.","Fa izaho hanambara izany mandrakizay, ka hankalaza an'Andriamanitr'i Jakoba.Ary ny tandroky ny ratsy fanahy rehetra hotapahiko; fa ny tandroky ny marina kosa no hasandratra."
mg_19,76,11,"Mivoadia, ka efao ny voadinareo amin'i Jehovah Andriamanitrareo; aoka izay rehetra manodidina Azy hitondra fanatitra ho an'Izay mahatahotra.","Mivoadia, ka efao ny voadinareo amin'i Jehovah Andriamanitrareo; aoka izay rehetra manodidina Azy hitondra fanatitra ho an'Izay mahatahotra.Manapaka ny reharehan'ny lehibe Izy sady tahotry ny mpanjakan'ny tany."
mg_19,77,19,"Tany amin'ny ranomasina ny lalanao, ary ny nalehanao dia tany amin'ny rano mandriaka, ka tsy fantatra ny dian-tongotrao.","Tany amin'ny ranomasina ny lalanao, ary ny nalehanao dia tany amin'ny rano mandriaka, ka tsy fantatra ny dian-tongotrao.Ny tanan'i Mosesy sy Arona no nitondranao ny olonao toy ny ondry."
mg_19,78,71,"Tany amin'ny fiandrasany ny ondry ampianahana no nakàny azy, mba hiandry an'i Jakoba olony sy Isiraely lovany;","Tany amin'ny fiandrasany ny ondry ampianahana no nakàny azy, mba hiandry an'i Jakoba olony sy Isiraely lovany;Dia niandry ireo araka ny hitsin'ny fony izy, ka nitondra azy araka ny fahaizan'ny tànany."
mg_19,79,12,"Ary valio impito heny ho ao an-tratran'ny mifanila fonenana aminay ny fanaratsiana izay nanaratsiany Anao, Tompo o.","Ary valio impito heny ho ao an-tratran'ny mifanila fonenana aminay ny fanaratsiana izay nanaratsiany Anao, Tompo ô.Fa izahay, olonao sy ondry fiandrinao, dia hisaotra Anao mandrakizay; hatramin'ny taranaka fara mandimby no hilazanay ny fideràna Anao."
mg_19,80,18,"Dia tsy hihemotra hiala aminao izahay; velomy izahay, dia hiantso ny anaranao.","Dia tsy hihemotra hiala aminao izahay; velomy izahay, dia hiantso ny anaranao.Ry Jehovah, Andriamanitry ny maro ô, ampodio izahay; ampamirapirato ny tavanao, ary aoka hovonjena Izahay."
mg_19,81,15,"Izay mankahala an'i Jehovah dia hikoy aminy, ka dia haharitra mandrakizay ny andron'ny oloko;","Izay mankahala an'i Jehovah dia hikoy aminy, ka dia haharitra mandrakizay ny andron'ny oloko;Ary hampihinana azy vary tsara indrindra Izy; eny, tantely avy amin'ny vatolampy no hamokisako anao."
mg_19,82,7,"Kanjo ho faty tahaka ny olona ihany ianareo, ary samy ho lavo tahaka ny anankiray amin'ny lehibe.","Kanjo ho faty tahaka ny olona ihany ianareo, ary samy ho lavo tahaka ny anankiray amin'ny lehibe.Mitsangàna, Andriamanitra ô, tsarao ny tany; fa Hianao no handova ny firenena rehetra."
mg_19,83,17,"Aoka ho menatra sy ho amin-tahotra mandrakizay izy; eny, aoka hangaihay sy haringana izy.","Aoka ho menatra sy ho amin-tahotra mandrakizay izy; eny, aoka hangaihay sy haringana izy.Ary aoka ho fantany fa Hianao irery ihany, Izay atao hoe Jehovah, no ilay Avo Indrindra ambonin'ny tany rehetra."
mg_19,84,11,Fa Masoandro sy Ampinga Jehovah Andriamanitra; fahasoavana sy voninahitra no homen'i Jehovah; tsy hiaro zava-tsoa amin'izay mandeha amin'ny fahitsiana izy.,"Fa Masoandro sy Ampinga Jehovah Andriamanitra; fahasoavana sy voninahitra no homen'i Jehovah; tsy hiaro zava-tsoa amin'izay mandeha amin'ny fahitsiana izy.Jehovah, Tompon'ny maro ô, sambatra izay olona matoky Anao."
mg_19,85,12,"Eny, Jehovah hanome ny tsara Ary ny tanintsika hahavoka-javatra.","Eny, Jehovah hanome ny tsara Ary ny tanintsika hahavoka-javatra.Ny rariny no hialoha Azy, Sady hizotra hanaraka ny diany eny an-dalana."
mg_19,86,16,"Todiho aho ka amindrao fo; Omeo ny herinao ny mpanomponao, Ary vonjeo ny zanaky ny ankizivavinao.","Todiho aho ka amindrao fo; Omeo ny herinao ny mpanomponao, Ary vonjeo ny zanaky ny ankizivavinao.Anehoy famantarana ny ho soa aho, Mba ho hitan'izay mankahala ahy, ka ho menatra izy; Fa Hianao Jehovah ô, no namonjy sy nampionona ahy."
mg_19,87,6,"Jehovah hanisa, raha manoratra ny firenena Izy: Ity no efa teraka teo.","Jehovah hanisa, raha manoratra ny firenena Izy: Ity no efa teraka teo.Hoy izay mihira sy mandihy: Ny loharanoko rehetra dia ao aminao."
mg_19,88,17,Mandifotra ahy mandrakariva tahaka ny rano ireny; Miara-manodidina ahy izy.,Mandifotra ahy mandrakariva tahaka ny rano ireny; Miara-manodidina ahy izy.Efa nampanalavirinao ahy ny olona tia ahy sy ny sakaizako; Ireo nahazatra ahy dia fahamaizinana.
mg_19,89,51,"Dia ny nandatsan'ny fahavalonao, Jehovah o, Eny, ny nandatsany ny dian'ny voahosotrao.","Dia ny nandatsan'ny fahavalonao, Jehovah ô, Eny, ny nandatsany ny dian'ny voahosotrao.Isaorana mandrakizay anie Jehovah. Amena dia Amena."
mg_19,90,16,"Aoka hiseho amin'ny mpanomponao ny asanao, Ary ny voninahitrao amin'ny zanany.","Aoka hiseho amin'ny mpanomponao ny asanao, Ary ny voninahitrao amin'ny zanany.Ary aoka ho aminay ny fahasoavan'ny Tompo Andriamanitray; Ary ampitoero aminay ny asan'ny tananay; Eny, ny asan'ny tananay, ampitoero izy."
mg_19,91,15,"Hiantso Ahy izy, dia hamaly azy Aho; Ho eo aminy Aho, raha ory izy; Hamonjy sy hanome voninahitra azy Aho.","Hiantso Ahy izy, dia hamaly azy Aho; Ho eo aminy Aho, raha ory izy; Hamonjy sy hanome voninahitra azy Aho.Hovokisako fahela-velona izy Ary hasehoko azy ny famonjeko."
mg_19,92,14,"Mbola manorobona ihany izy, na dia efa antitra aza; Dofodofotra sy maitso izy,","Mbola manorobona ihany izy, na dia efa antitra aza; Dofodofotra sy maitso izy,Mba hanambara fa mahitsy Jehovah, Vatolampiko Izay tsy misy tsiny."
mg_19,93,4,"Mihoatra noho ny rano sady be no mahery, Eny, mihoatra noho ny onjan-dranomasina lehibe, Ny voninahitr'i Jehovah any amin'ny avo.","Mihoatra noho ny rano sady be no mahery, Eny, mihoatra noho ny onjan-dranomasina lehibe, Ny voninahitr'i Jehovah any amin'ny avo.Ny teni-vavolombelonao dia marina indrindra; Fahamasinana no mendrika ny tranonao mandritra ny andro maro, Jehovah ô."
mg_19,94,22,Fa tonga fiarovana avo ho ahy Jehovah; Ary vatolampy fialofako Andriamanitro.,"Fa tonga fiarovana avo ho ahy Jehovah; Ary vatolampy fialofako Andriamanitro.Dia ampanodiaviny azy ireo ny helony ka aringany noho ny faharatsiany izy; Eny, aringan'i Jehovah Andriamanitsika izy."
mg_19,95,10,"Efa-polo taona no nahamonamonaina Ahy tamin'izany taranaka izany, Ka hoy Izaho: Olona maniasia amin'ny fony izy Ka tsy mahalala ny lalako;","Efa-polo taona no nahamonamonaina Ahy tamin'izany taranaka izany, Ka hoy Izaho: Olona maniasia amin'ny fony izy Ka tsy mahalala ny lalako;Ka dia nianiana tamin'ny fahatezerako Aho hoe: Tsy hiditra amin'ny fitsaharako mihitsy izy."
mg_19,96,12,Aoka ho faly ny saha sy izay rehetra eo aminy; Dia hihoby amin'izay ny hazo rehetra any an'ala,"Aoka ho faly ny saha sy izay rehetra eo aminy; Dia hihoby amin'izay ny hazo rehetra any an'alaEo anatrehan'i Jehovah, fa avy Izy, Eny, avy hitsara ny tany Izy; Hitsara izao tontolo izao araka ny rariny Izy Ary ny firenena amin'ny fahamarinany."
mg_19,98,8,Aoka hiteha-tanana ny riaka; Aoka hiara-mihoby aminy koa ny tendrombohitra,"Aoka hiteha-tanana ny riaka; Aoka hiara-mihoby aminy koa ny tendrombohitraEo anatrehan'i Jehovah, fa avy hitsara ny tany Izy; Hitsara izao rehetra izao amin'ny fahamarinana Izy Ary ny firenena amin'ny fahitsiana."
mg_19,100,4,"Midira eo amin'ny vavahadiny amin'ny fisaorana, Ary eo an-kianjany amin'ny fiderana; Misaora Azy, mankalazà ny anarany,","Midira eo amin'ny vavahadiny amin'ny fisaorana, Ary eo an-kianjany amin'ny fiderana; Misaora Azy, mankalazà ny anarany,Fa tsara Jehovah; Mandrakizay ny famindram-pony, Ary mihatra amin'ny taranaka fara mandimby ny fahamarinany."
mg_19,101,7,Tsy mba hitoetra ao anatin'ny tranoko izay manao fitaka; Tsy mba hijanona eo anoloan'ny masoko izay milaza lainga.,"Tsy mba hitoetra ao anatin'ny tranoko izay manao fitaka; Tsy mba hijanona eo anoloan'ny masoko izay milaza lainga.Haringako isa-maraina ny ratsy fanahy rehetra amin'ny tany, Mba hofongorako ny mpanao ratsy rehetra tsy ho ao an-tanànan'i Jehovah."
mg_19,103,21,"Misaora an'i Jehovah, ny miaramilany rehetra, Dia ny mpanompony izay manao ny sitrapony.","Misaora an'i Jehovah, ny miaramilany rehetra, Dia ny mpanompony izay manao ny sitrapony.Misaora an'i Jehovah, ny asany rehetra eran'ny fanjakany; Misaora an'i Jehovah, ry fanahiko."
mg_19,104,34,Ho maminy anie ny fisainako Azy; Izaho no hifaly amin'i Jehovah.,"Ho maminy anie ny fisainako Azy; Izaho no hifaly amin'i Jehovah.Ho lany ringana tsy ho etỳ amin'ny tany ny mpanota, Ary ny ratsy fanahy tsy ho etỳ intsony. Misaora an'i Jehovah, ry fanahiko. Haleloia."
mg_19,105,44,"Ka dia nanome azy ny tanin'ny jentilisa Izy; Ary nandova ny vitan'ny firenena maro ireny,","Ka dia nanome azy ny tanin'ny jentilisa Izy; Ary nandova ny vitan'ny firenena maro ireny,Mba hitandremany ny didiny, Sy hankatoavany ny lalàny. Haleloia."
mg_19,107,42,Hahita izany ny marina ka ho faly; Fa hihombom-bava kosa ny ratsy fanahy rehetra.,Hahita izany ny marina ka ho faly; Fa hihombom-bava kosa ny ratsy fanahy rehetra.Izay hendry dia aoka hahafantatra izany Ka hahalala ny famindram-pon'i Jehovah.
mg_19,108,12,Vonjeo amin'ny fahavalo izahay; Fa zava-poana ny famonjena ataon'ny olona.,Vonjeo amin'ny fahavalo izahay; Fa zava-poana ny famonjena ataon'ny olona.Andriamanitra no haharezan-tsika; Fa Izy no hanitsakitsaka ny fahavalontsika.
mg_19,109,30,"Hidera an'i Jehovah indrindra amin'ny vavako aho; Eny, eo amin'ny olona maro no hiderako Azy.","Hidera an'i Jehovah indrindra amin'ny vavako aho; Eny, eo amin'ny olona maro no hiderako Azy.Fa mitsangana eo an-kavanan'ny malahelo Izy Mba hamonjy azy amin'izay manameloka ny fanahiny."
mg_19,111,9,Manatitra fanavotana ho an'ny olony Izy; Efa nanorina ny fanekeny ho mandrakizay Izy; Masina sy mahatahotra ny anarany.,Manatitra fanavotana ho an'ny olony Izy; Efa nanorina ny fanekeny ho mandrakizay Izy; Masina sy mahatahotra ny anarany.Ny fahatahorana an'i Jehovah no fiandoham-pahendrena; Fahalalana tsara no ananan'izay rehetra mankatò izany; Maharitra mandrakizay ny fiderana Azy.<n>[Heb. ireo]</n>
mg_19,112,9,"Namafy izy, eny, nanome ho an'ny malahelo; Ny fahamarinany maharitra mandrakizay; Hisandratra amim-boninahitra ny tandrony.","Namafy izy, eny, nanome ho an'ny malahelo; Ny fahamarinany maharitra mandrakizay; Hisandratra amim-boninahitra ny tandrony.Ny ratsy fanahy hahita ka ho sosotra; Hihidy vazana izy ka ho levona; Ho foana ny fanirian'ny ratsy fanahy."
mg_19,113,8,Mba hametraka azy ho naman'ny mpanapaka ny olony.,"Mba hametraka azy ho naman'ny mpanapaka ny olony.Mampitoetra tsara ny momba Izy, Fa mahatonga azy ho renin-jaza mifaly. Haleloia."
mg_19,114,7,"Mihorohoroa eo anatrehan'ny Tompo, ry tany, Dia eo anatrehan'Andriamanitr'i Jakoba.","Mihorohoroa eo anatrehan'ny Tompo, ry tany, Dia eo anatrehan'Andriamanitr'i Jakoba.Izay mampody ny vatolampy ho rano monina Ary ny afovato ho loharano."
mg_19,115,17,Ny maty tsy mba hidera an'i Jehovah. Na izay midina any amin'ny mangingina;,Ny maty tsy mba hidera an'i Jehovah. Na izay midina any amin'ny mangingina;Fa izahay hisaotra an'i Jehovah Hatramin'izao ka ho mandrakizay. Haleloia.
mg_19,116,18,"Hanefa ny voadiko amin'i Jehovah aho, Eny, eo anatrehan'ny olony rehetra,","Hanefa ny voadiko amin'i Jehovah aho, Eny, eo anatrehan'ny olony rehetra,Dia eo an-kianjan'ny tranon'i Jehovah, Eo afovoanao, ry Jerosalema ô. Haleloia."
mg_19,117,1,"Miderà an'i Jehovah ry firenena rehetra; Miderà Azy, ry olona rehetra.","Miderà an'i Jehovah ry firenena rehetra; Miderà Azy, ry olona rehetra.Fa lehibe ny famindram-pony amintsika; Ary mandrakizay ny fahamarinan'i Jehovah. Haleloia."
mg_19,119,175,Aoka anie ho velona ny fanahiko ka hidera Anao; Ary aoka anie hamonjy ahy ny fitsaranao.,Aoka anie ho velona ny fanahiko ka hidera Anao; Ary aoka anie hamonjy ahy ny fitsaranao.Efa nania aho; tadiavo ny mpanomponao toy ny fitady ondry very; Fa ny didinao tsy mba hadinoiko.
mg_19,120,6,Ela loatra izay no nitoeran'ny fanahiko teo amin'Izay tsy tia fihavanana.,"Ela loatra izay no nitoeran'ny fanahiko teo amin'Izay tsy tia fihavanana.Raha izaho, dia fihavanana; Kanjo nony miteny aho, dia mila ady kosa ireny."
mg_19,121,7,"Jehovah hiaro anao amin'ny ratsy rehetra; Eny, hiaro ny fanahinao Izy.","Jehovah hiaro anao amin'ny ratsy rehetra; Eny, hiaro ny fanahinao Izy.Jehovah hiaro anao, na mivoaka na miditra, Hatramin'izao ka ho mandrakizay."
mg_19,122,8,Noho ny rahalahiko sy ny namako No hanaovako hoe Fiadanana anie ho ao anatinao.,Noho ny rahalahiko sy ny namako No hanaovako hoe Fiadanana anie ho ao anatinao.Noho ny tranon'i Jehovah Andriamanitsika Dia hitady izay hahatsara anao aho.
mg_19,123,3,"Mamindrà fo aminay, Jehovah o, mamindrà fo aminay; Fa tototry ny fanamavoana loatra izahay;","Mamindrà fo aminay, Jehovah ô, mamindrà fo aminay; Fa tototry ny fanamavoana loatra izahay;Eny, tototry ny famingavingan'ny miadana ny fanahinay, Sy tototry ny fanamavoan'ny mpiavonavona."
mg_19,124,7,"Ny fanahintsika dia efa afaka tahaka ny vorona afaka tamin'ny fandriky ny mpihaza: Tapaka ny fandrika, ka afaka isika.","Ny fanahintsika dia efa afaka tahaka ny vorona afaka tamin'ny fandriky ny mpihaza: Tapaka ny fandrika, ka afaka isika.Ny famonjena antsika dia amin'ny anaran'i Jehovah, Mpanao ny lanitra sy ny tany."
mg_19,125,4,"Jehovah o, manaova soa amin'ny tsara Sy ny mahitsy fo.","Jehovah ô, manaova soa amin'ny tsara Sy ny mahitsy fo.Fa izay mivily ho amin'ny sakeli-dalana mivilivily Dia horoahin'i Jehovah miaraka amin'ny mpanao ratsy anie. Fiadanana anie ho amin'ny Isiraely."
mg_19,126,5,Izay mamafy am-pitomaniana Dia hijinja am-pifaliana.,"Izay mamafy am-pitomaniana Dia hijinja am-pifaliana.Mandeha mitomany mitondra ny voa afafiny izy, Fa hiverina mitondra ny amboarany amin'ny fihobiana kosa."
mg_19,127,4,Tahaka ny zana-tsipïka eo an-tanan'ny mahery Ny zanaky ny fahatanorana.,"Tahaka ny zana-tsipìka eo an-tànan'ny mahery Ny zanaky ny fahatanorana.Sambatra izay mameno ny tranon-jana-tsipìkany amin'ireny; Tsy ho menatra ireny, raha mifamaly amin'ny fahavalo eo am-bavahady."
mg_19,128,5,Hitahy anao avy any Ziona anie Jehovah; Ary ho faly hahita ny fahasoavan'i Jerosalema anie ianao Amin'ny andro rehetra hiainanao.,"Hitahy anao avy any Ziona anie Jehovah; Ary ho faly hahita ny fahasoavan'i Jerosalema anie ianao Amin'ny andro rehetra hiainanao.Eny, hahita ny zafinao anie ianao; Fiadanana anie ho amin'ny Isiraely."
mg_19,129,7,Tsy misy mpijinja mameno tanana Na mpamehy amboara mameno tratra amin'izany;,"Tsy misy mpijinja mameno tanana Na mpamehy amboara mameno tratra amin'izany;Ka dia tsy hisy mpandalo hanao hoe: Hotahin'i Jehovah anie ianareo; Eny, ny anaran'i Jehovah no itsofanay rano anareo."
mg_19,130,7,"Manantenà an'i Jehovah, ry Isiraely; Fa eo amin'i Jehovah no misy famindram-po sy fanavotana be;","Manantenà an'i Jehovah, ry Isiraely; Fa eo amin'i Jehovah no misy famindram-po sy fanavotana be;Ary Izy no hanavotra ny Isiraely Ho afaka amin'ny helony rehetra."
mg_19,131,2,Fa nampionona sy nampangina ny fanahiko aho; Tahaka ny zaza efa maoty eo amin-dreniny. Dia tahaka Izany ny fanahiko ato anatiko.,"Fa nampionona sy nampangina ny fanahiko aho; Tahaka ny zaza efa maoty eo amin-dreniny. Dia tahaka Izany ny fanahiko ato anatiko.Ry Isiraely ô, manantenà an'i Jehovah Hatramin'izao ka ho mandrakizay."
mg_19,132,17,Ao no hampitsimohako tandroka ho an'i Davida Sy hanamboarako jiro ho an'ny voahosotro.,Ao no hampitsimohako tandroka ho an'i Davida Sy hanamboarako jiro ho an'ny voahosotro.Ny fahavalony hampitafiko henatra; Fa eo aminy kosa no hamirapiratra ny satro-boninahiny.
mg_19,136,25,Izay manome hanina ny nofo rehetra (Fa mandrakizay ny famindram-pony),Izay manome hanina ny nofo rehetra (Fa mandrakizay ny famindram-pony);Miderà an'Andriamanitry ny lanitra; Fa mandrakizay ny famindram-pony.
mg_19,139,23,"Diniho aho, Andriamanitra o, ary fantaro ny foko; Izahao toetra aho, ary fantaro ny eritreritro;","Diniho aho, Andriamanitra ô, ary fantaro ny foko; Izahao toetra aho, ary fantaro ny eritreritro;Ary izahao na misy lalana mampahory ato anatiko, Dia tariho amin'ny lalana mandrakizay aho."
mg_19,140,12,Fantatro fa Jehovah no handahatra ny tenin'ny mahantra Sady hanome rariny ho an'ny malahelo.,"Fantatro fa Jehovah no handahatra ny tenin'ny mahantra Sady hanome rariny ho an'ny malahelo.Eny tokoa, ny marina hisaotra ny anaranao; Hitoetra eo anatrehanao ny mahitsy."
mg_19,141,9,Arovy aho amin'ny fandrika amandrihany ahy Sy amin'ny tadivavaran'ny mpanao ratsy.,"Arovy aho amin'ny fandrika amandrihany ahy Sy amin'ny tadivavaran'ny mpanao ratsy.Aoka ny ratsy fanahy ho latsaka eo anatin'ny fandriny ihany, Fa izaho kosa handalo fotsiny."
mg_19,142,6,"Henoy ny fitarainako, Fa reraka indrindra aho; Vonjeo aho amin'ny mpanenjika ahy, Fa tsy leoko ireny.","Henoy ny fitarainako, Fa reraka indrindra aho; Vonjeo aho amin'ny mpanenjika ahy, Fa tsy leoko ireny.Avoahy hiala amin'ny tranomaizina ny fanahiko, Mba hiderako ny anaranao; Hanodidina ahy ny marina, Satria manisy soa ahy Hianao."
mg_19,143,11,"Noho ny anaranao, Jehovah o, velomy aho; Araka ny fahamarinanao avoahy ny fanahiko ho afaka amin'ny fahoriana.","Noho ny anaranao, Jehovah ô, velomy aho; Araka ny fahamarinanao avoahy ny fanahiko ho afaka amin'ny fahoriana.Ary araka ny famindram-ponao fongory ny fahavaloko, Ka aringano izay rehetra mampahory ny fanahiko; Fa mpanomponao aho."
mg_19,144,14,"Hahazaka be ny ombinay, Ary tsy hisy ho rava, na ho lasan-ko babo, Sady tsy hisy fitarainana any an-dalambenay.","Hahazaka be ny ombinay, Ary tsy hisy ho rava, na ho lasan-ko babo, Sady tsy hisy fitarainana any an-dalambenay.Sambatra ny firenena izay tahaka izany; Eny, sambatra ny firenena izay manana an'i Jehovah ho Andriamaniny."
mg_19,145,20,Miaro izay rehetra tia Azy Jehovah; Fa ny ratsy fanahy rehetra kosa haringany.,Miaro izay rehetra tia Azy Jehovah; Fa ny ratsy fanahy rehetra kosa haringany.Ny fiderana an'i Jehovah no hotenenin'ny vavako; Ary aoka ny nofo rehetra hankalaza ny anarany masina mandrakizay doria.
mg_19,146,9,"Jehovah miaro ny vahiny Ary manandratra ny kamboty sy ny mpitondratena, Fa mamadika ny lalan'ny ratsy fanahy kosa.","Jehovah miaro ny vahiny Ary manandratra ny kamboty sy ny mpitondratena, Fa mamadika ny lalan'ny ratsy fanahy kosa.Manjaka mandrakizay Jehovah, Hatramin'ny taranaka fara mandimby Andriamanitrao, ry Ziona. Haleloia."
mg_19,147,19,Milaza ny teniny amin'i Jakoba Izy Ary ny didiny sy ny fitsipiny amin'Isiraely.,Milaza ny teniny amin'i Jakoba Izy Ary ny didiny sy ny fitsipiny amin'Isiraely.Tsy nanao toy izany tamin'izay firenena hafa Izy; Ary ny fitsipiny tsy mba fantatr'ireny. Haleloia.
mg_19,148,13,"Samia midera ny anaran'i Jehovah avokoa, Fa ny anarany ihany no misandratra; Ambonin'ny tany sy ny lanitra ny voninahiny.","Samia midera ny anaran'i Jehovah avokoa, Fa ny anarany ihany no misandratra; Ambonin'ny tany sy ny lanitra ny voninahiny.Ary manandratra tandroka ho an'ny olony Izy, Dia fiderana ho an'ny olony masina rehetra, Eny, ho an'ny Zanak'Isiraely, firenena akaiky Azy. Haleloia."
mg_19,149,8,"Hamatorany ireo mpanjakany amin'ny gadra, Sy ny olo-malazany amin'ny gadra vy.","Hamatorany ireo mpanjakany amin'ny gadra, Sy ny olo-malazany amin'ny gadra vy.Mba hanaovany ny fitsarana voasoratra: Voninahitry ny olony masina rehetra Izany. Haleloia."
mg_19,150,5,Miderà Azy amin'ny kipantsona maneno; Miderà Azy amin'ny kipantsona tsara feo.,Miderà Azy amin'ny kipantsona maneno; Miderà Azy amin'ny kipantsona tsara feo.Aoka izay rehetra manam-pofonaina samy hidera an'i Jehovah. Haleloia.
mg_2,1,21,"Ary tamin'izany, satria natahotra an'Andriamanitra ny mpampivelona dia nomen'Andriamanitra zanaka izy.","Ary tamin'izany, satria natahotra an'Andriamanitra ny mpampivelona dia nomen'Andriamanitra zanaka izy.Dia nandidy ny vahoakany rehetra Farao ka nanao hoe: Ny zazalahy rehetra izay teraka dia ario an'i Neily, fa ny zazavavy rehetra kosa no velomy."
mg_2,2,24,"Ary Andriamanitra nandre ny fitarainany, dia nahatsiaro ny fanekeny tamin'i Abrahama sy Isaka ary Jakoba.","Ary Andriamanitra nandre ny fitarainany, dia nahatsiaro ny fanekeny tamin'i Abrahama sy Isaka ary Jakoba.Ary Andriamanitra dia nijery ny Zanak'Isiraely ka nahafantatra azy."
mg_2,3,21,"Ary hataoko mahita fitia eo imason'ny Egyptiana ity firenena ity, ka raha handeha ianareo, dia tsy mba handeha maina;","Ary hataoko mahita fitia eo imason'ny Egyptiana ity firenena ity, ka raha handeha ianareo, dia tsy mba handeha maina;fa ny vehivavy samy hangataka firavaka volafotsy sy volamena ary fitafiana amin'ny miray monina aminy sy amin'izay mivahiny ao an-tranony; dia hataonareo amin'ny zanakareo-lahy sy ny zanakareo-vavy izany, ka dia hofoananareo ny Egyptiana."
mg_2,4,30,"Dia nolazain'i Arona ny teny rehetra izay efa nolazain'i Jehovah tamin'i Mosesy, sady nataony teo imason'ny olona ny famantarana.","Dia nolazain'i Arona ny teny rehetra izay efa nolazain'i Jehovah tamin'i Mosesy, sady nataony teo imason'ny olona ny famantarana.Dia nino ny olona; ary rehefa reny fa Jehovah efa namangy ny Zanak'Isiraely ka efa nitsinjo ny fahoriany, dia niondrika izy ka niankohoka."
mg_2,6,29,"dia hoy Jehovah tamin'i Mosesy: Izaho no Jehovah; koa lazao amin'i Farao, mpanjakan'i Egypta, izay rehetra lazaiko aminao.","dia hoy Jehovah tamin'i Mosesy: Izaho no Jehovah; koa lazao amin'i Farao, mpanjakan'i Egypta, izay rehetra lazaiko aminao.Ary Mosesy niteny teo anatrehan'i Jehovah ka nanao hoe: Indro, tsy voafora molotra aho, ka aiza no hihainoan'i Farao ahy!"
mg_2,7,28,"dia hisy sahona betsaka any Neily, ary hiakatra ireny ka hankao amin'ny tranonao sy ny trano fandrianao sy eny ambonin'ny farafaranao sy any amin'ny tranon'ny mpanomponao sy amin'ny vahoakanao ary eny amin'ny fanendasa-mofonao sy eny amin'ny vilia fanaova-mofonao.","dia hisy sahona betsaka any Neily, ary hiakatra ireny ka hankao amin'ny tranonao sy ny trano fandrianao sy eny ambonin'ny farafaranao sy any amin'ny tranon'ny mpanomponao sy amin'ny vahoakanao ary eny amin'ny fanendasa-mofonao sy eny amin'ny vilia fanaova-mofonao.Dia ho aminao sy ny vahoakanao ary ny mpanomponao rehetra no hiakaran'ny sahona."
mg_2,8,27,"Ary Jehovah dia nanao araka ny tenin'i Mosesy ka nampiala ny lalitra betsaka tamin'i Farao sy ny mpanompony ary ny vahoakany, ka tsy nisy niangana ireny na dia iray akory aza.","Ary Jehovah dia nanao araka ny tenin'i Mosesy ka nampiala ny lalitra betsaka tamin'i Farao sy ny mpanompony ary ny vahoakany, ka tsy nisy niangana ireny na dia iray akory aza.Ka­njo Farao nanamafy ny fony indray tamin'izany ka tsy nandefa ny olona."
mg_2,9,34,"Ary nony hitan'i Farao fa nitsahatra ny ranonorana sy ny havandra ary ny kotrokorana, dia mbola nanota ihany indray izy; ary samy nanamafy ny fony izy sy ny mpanompony.","Ary nony hitan'i Farao fa nitsahatra ny ranonorana sy ny havandra ary ny kotrokorana, dia mbola nanota ihany indray izy; ary samy nanamafy ny fony izy sy ny mpanompony.Dia nihamafy ny fon'i Farao ka tsy mba nandefa ny Zanak'Isiraely izy, araka izay efa nampilazain'i Jehovah an'i Mosesy."
mg_2,10,28,"Ary hoy Farao taminy: Mialà amiko; koa mitandrema, fa aoka tsy hahita ny tavako intsony ianao; fa amin'izay andro hahitanao ny tavako dia ho faty ianao.","Ary hoy Farao taminy: Mialà amiko; koa mitandrema, fa aoka tsy hahita ny tavako intsony ianao; fa amin'izay andro hahitanao ny tavako dia ho faty ianao.Ary hoy Mosesy: Marina izay nolazainao; fa tsy hahita ny tavanao intsony aho."
mg_2,11,9,"Ary hoy Jehovah tamin'i Mosesy: Tsy hihaino anareo Farao, mba hitomboan'ny fahagagana izay hataoko eto amin'ny tany Egypta.","Ary hoy Jehovah tamin'i Mosesy: Tsy hihaino anareo Farao, mba hitomboan'ny fahagagana izay hataoko eto amin'ny tany Egypta.Ary Mosesy sy Arona nanao ireo fahagagana rehetra ireo teo amin'i Farao; nefa Jehovah nanamafy ny fon'i Farao, ka tsy nandefa ny Zanak'Isiraely hiala tamin'ny taniny izy."
mg_2,12,50,Dia nataon'ny Zanak'Isiraely rehetra izany: araka izay nandidian'i Jehovah an'i Mosesy sy Arona no nataony.,Dia nataon'ny Zanak'Isiraely rehetra izany: araka izay nandidian'i Jehovah an'i Mosesy sy Arona no nataony.Ary tamin'izany andro izany indrindra no nitondran'i Jehovah ny Zanak'Isiraely nivoaka avy tany amin'ny tany Egypta araka ny antokony.
mg_2,13,21,"Ary Jehovah nandeha teo alohany tamin'ny andri-rahona raha antoandro hitari-dalana azy, ary tamin'ny andri-afo nony alina ho fahazavana ho azy, handehanany andro aman'alina.","Ary Jehovah nandeha teo alohany tamin'ny andri-rahona raha antoandro hitari-dalana azy, ary tamin'ny andri-afo nony alina ho fahazavana ho azy, handehanany andro aman'alina.Ny andri-rahona tsy niala teo alohan'ny olona raha antoandro, na ny andri-afo nony alina."
mg_2,14,30,Izany no namonjen'i Jehovah ny Isiraely tamin'izany andro izany mba tsy ho azon'ny Egyptiana; ary hitan'ny Isiraely teny amoron'ny ranomasina ny fatin'ny Egyptiana.,"Izany no namonjen'i Jehovah ny Isiraely tamin'izany andro izany mba tsy ho azon'ny Egyptiana; ary hitan'ny Isiraely teny amoron'ny ranomasina ny fatin'ny Egyptiana.Ary rehefa hitan'ny Isiraely ny asa lehibe izay nataon'ny tànan'i Jehovah tamin'ny Egyptiana, dia natahotra an'i Jehovah ny olona ka nino an'i Jehovah sy Mosesy mpanompony."
mg_2,15,26,"ka hoy Izy: Raha hazoto hihaino ny feon'i Jehovah Andriamanitrao ianao ka hanao izay mahitsy eo imasony sy hihaino ny lalàny ary hitandrina ny didiny rehetra, dia tsy hisy hataoko aminao ireny aretina rehetra ireny, izay nataoko tamin'ny Egyptiana; fa Izaho no Jehovah Izay mahasitrana anao.","ka hoy Izy: Raha hazoto hihaino ny feon'i Jehovah Andriamanitrao ianao ka hanao izay mahitsy eo imasony sy hihaino ny lalàny ary hitandrina ny didiny rehetra, dia tsy hisy hataoko aminao ireny aretina rehetra ireny, izay nataoko tamin'ny Egyptiana; fa Izaho no Jehovah Izay mahasitrana anao.<n>[Ny nahatongavan'ny Zanak'Isiraely tao Elima, sy ny nimonomononany tany an-efitr'i Sinay noho ny tsi-fisian-kanina, ary ny nanomezan'Andriamanitra azy mana sy papelika hohaniny. Ary tonga tao Elima izy; ary tao nisy loharano roa ambin'ny folo sy hazo rofia fito-polo, dia nitoby teo anilan'ny rano izy."
mg_2,16,35,"Ary ny Zanak'Isiraely nihinana mana mandritra ny efa-polo taona mandra-pahatongany tany amin'izay tany misy monina: eny, mana no nohaniny mandra-pahatongany tany amin'ny sisin'ny tany Kanana.","Ary ny Zanak'Isiraely nihinana mana mandritra ny efa-polo taona mandra-pahatongany tany amin'izay tany misy monina: eny, mana no nohaniny mandra-pahatongany tany amin'ny sisin'ny tany Kanana.Ary ny omera dia ampahalofon'ny vata efaha."
mg_2,17,15,Dia nanorina alitara Mosesy ka nanao ny anarany hoe: Jehovah Nisi.,Dia nanorina alitara Mosesy ka nanao ny anarany hoe: Jehovah Nisi.Fa hoy izy: Jehovah nianiana hoe: Ny adin'i Jehovah amin'ny Amalekita dia tsy hitsahatra hatramin'izay taranany fara mandimby.
mg_2,18,26,"Dia nitsara ny olona mandrakariva ireo; koa ny ady sarotra ihany no nentiny tao amin'i Mosesy, fa ny ady madinika rehetra kosa dia notsarainy ihany.","Dia nitsara ny olona mandrakariva ireo; koa ny ady sarotra ihany no nentiny tao amin'i Mosesy, fa ny ady madinika rehetra kosa dia notsarainy ihany.Ary Mosesy namoaka ny rafozany; ka dia lasa nody any amin'ny taniny izy."
mg_2,19,24,"Ary hoy Jehovah taminy: Mandehana midina, nefa miakara ianao, ka ento hiaraka aminao Arona; fa ny mpisorona sy ny olona dia aza avela hisisika hiakatra ho ao amin'i Jehovah, fandrao haringana izy.","Ary hoy Jehovah taminy: Mandehana midina, nefa miakara ianao, ka ento hiaraka aminao Arona; fa ny mpisorona sy ny olona dia aza avela hisisika hiakatra ho ao amin'i Jehovah, fandrao haringana izy.Ary Mosesy dia nidina nankeny amin'ny olona ka niteny taminy."
mg_2,20,25,"Ary raha alitara vato no hataonao ho Ahy, dia aza ny vato voapaika no hanaovanao azy; fa raha manainga ny fandrakao ho aminy ianao, dia handoto azy.","Ary raha alitara vato no hataonao ho Ahy, dia aza ny vato voapaika no hanaovanao azy; fa raha manainga ny fandrakao ho aminy ianao, dia handoto azy.Ary aza asiana ambaratonga hiakaranao ho eo amin'ny alitarako, mba tsy ho hita eo ny fitanjahanao."
mg_2,21,36,"Kanefa raha fantatra fa omby zatra nanoto hatramin'ny teo aloha iny, koa tsy niaro azy ny tompony, dia hanonitra omby ho solon'ny omby tokoa izy; ary ny maty dia ho azy.","Kanefa raha fantatra fa omby zatra nanoto hatramin'ny teo aloha iny, koa tsy niaro azy ny tompony, dia hanonitra omby ho solon'ny omby tokoa izy; ary ny maty dia ho azy.Raha misy olona mangalatra omby, na ondry, na osy, ka mamono azy, na mivarotra azy, dia hanonitra omby dimy ho solon'ny omby iray izy ary ondry na osy efatra ho solon'ny ondry na osy iray."
mg_2,22,29,Izao no hataonao amin'ny ombinao sy ny ondry aman'osinao; hafitoana no hitoerany ao amin'ny reniny; ary amin'ny andro fahavalo no hanateranao azy ho Ahy.,"Izao no hataonao amin'ny ombinao sy ny ondry aman'osinao; hafitoana no hitoerany ao amin'ny reniny; ary amin'ny andro fahavalo no hanateranao azy ho Ahy.Ary ho olona masina ho Ahy ianareo, koa izay hena voaviraviram-biby any an-tsaha dia tsy hohaninareo; fa harianareo ho an'ny amboa izany."
mg_2,23,32,Aza manao fanekena aminy na amin'ny andriamaniny ianao.,"Aza manao fanekena aminy na amin'ny andriamaniny ianao.Tsy honina eo amin'ny taninao ireny, fandrao hampanota anao amiko; fa raha manompo ny andriamaniny ianao, dia ho fandrika aminao tokoa izany,"
mg_2,24,17,Ary ny fijery ny voninahitr'i Jehovah teo an-tampon'ny tendrombohitra dia tahaka ny afo mandevona teo imason'ny Zanak 'Isiraely.,Ary ny fijery ny voninahitr'i Jehovah teo an-tampon'ny tendrombohitra dia tahaka ny afo mandevona teo imason'ny Zanak 'Isiraely.Dia niditra tao afovoan'ny rahona Mosesy ka niakatra tao amin'ny tendrombohitra; ary nitoetra tao amin'ny tendrombohitra efa-polo andro sy efa-polo alina Mosesy.
mg_2,25,39,Volamena tsara talenta iray no hanaovana azy mbamin'ireny fanaka rehetra ireny.,Volame­na tsara talenta iray no hanaovana azy mbamin'ireny fanaka rehetra ireny.Ary tandremo mba hataonao araka ny endriny izay naseho taminao tao an-tendrombohitra izy.
mg_2,26,36,"Ary manaova varavarana lamba ho eo amin'ny lay, dia amin'ny manga sy volomparasy sy mena ary rongony fotsy madinika voahasina, asan'ny mahay tenona samy hafa soratra.","Ary manaova varavarana lamba ho eo amin'ny lay, dia amin'ny manga sy volomparasy sy mena ary rongony fotsy madinika voahasina, asan'ny mahay tenona samy hafa soratra.Ary manaova andry hazo akasia dimy ho amin'ny varavarana lamba, ka peta­ho takela-bolamena; ary ho volamena koa ny fihantonany; ary mandrendreha faladia varahina dimy hiorenany."
mg_2,27,20,"Ary mandidia ny Zanak'Isiraely hitondra aminao diloilon'oliva tsara voavely hatao fanazavana, mba hampirehetana jiro mandrakariva.","Ary mandidia ny Zanak'Isiraely hitondra aminao diloilon'oliva tsara voavely hatao fanazavana, mba hampirehetana jiro mandrakariva.Ao anatin'ny trano lay fihaonana, dia eo ivelan'ny efitra lamba izay manakona ny Vavolombelona, no handaharan'i Arona sy ny zanany azy ho eo anatrehan'i Jehovah hatramin'ny hariva ka hatramin'ny maraina; ho lalàna mandrakizay amin'ny Zanak'Isiraely izany hatramin'ny taranany fara mandimby,"
mg_2,28,42,Ary manaova kalisaona fohy rongony fotsy ho azy hanarona ny fitanjahany; hatramin'ny valahany ka hatramin'ny feny no hisy azy.,"Ary manaova kalisaona fohy rongony fotsy ho azy hanarona ny fitanjahany; hatramin'ny valahany ka hatramin'ny feny no hisy azy.Ary hiakanjoan'i Arona sy ny zanany ireo, raha miditra amin'ny trano-lay fihaonana izy, na manakaiky ny alitara hanao fanompoam-pivavahana ao amin'ny fitoerana masina, mba tsy hahazoany heloka hahafaty azy; ho lalàna mandrakizay aminy sy amin'ny taranany mandimby azy izany."
mg_2,29,45,Ary honina eo amin'ny Zanak'Isiraely Aho ka ho Andriamaniny.,"Ary honina eo amin'ny Zanak'Isiraely Aho ka ho Andriamaniny.Ary ho fantany fa Izaho no Jehovah Andriamaniny, Izay nitondra azy nivoaka avy tany amin'ny tany Egypta, mba honina eo aminy Aho; Izaho no Jehovah Andriamaniny."
mg_2,30,37,"Ary ny amin'ny ditin-kazo manitra izay hataonao, dia aza mba misy atao tahaka azy ny ho anareo; ho masina aminao ho an'i Jehovah izany.","Ary ny amin'ny ditin-kazo manitra izay hataonao, dia aza mba misy atao tahaka azy ny ho anareo; ho masina aminao ho an'i Jehovah izany.Na zovy na zovy manao izay tahaka azy ho fanorohana dia hofongorana tsy ho amin'ny fireneny."
mg_2,31,17,"Ho famantarana amiko sy amin'ny Zanak'Isiraely mandrakizay izany; fa tamin'ny henemana no nanaovan'i Jehovah ny lanitra sy ny tany, ary tamin'ny andro fahafito dia nitsahatra Izy ka niala sasatra.","Ho famantarana amiko sy amin'ny Zanak'Isiraely mandrakizay izany; fa tamin'ny henemana no nanaovan'i Jehovah ny lanitra sy ny tany, ary tamin'ny andro fahafito dia nitsahatra Izy ka niala sasatra.<n>[Ny nanomezan'Andriamanitra ny vato fisaka izay nisy ny Lalàna]</n> Ary rehefa vita ny teny nataony tamin'i Mosesy tao an-tendrombohitra Sinay, dia nomeny azy ny vato fisaka roa, izay nisy ny Vavolombelona, dia vato fisaka voasoratry ny rantsan-tànan'Andriamanitra."
mg_2,32,34,"Mandehana ankehitriny, ka ento ny olona ho any amin'izay efa nolazaiko taminao; indro, ny Anjeliko no hitarika anao eo aloha; ary amin'izay andro hamaliako dia hamaly azy noho ny fahotany Aho.","Mandehana ankehitriny, ka ento ny olona ho any amin'izay efa nolazaiko taminao; indro, ny Anjeliko no hitarika anao eo aloha; ary amin'izay andro hamaliako dia hamaly azy noho ny fahotany Aho.Ary Jehovah namely ny olona, satria nanao ny ombilahy kely izy, dia ilay nataon'i Arona."
mg_2,33,22,"koa raha mandalo ny voninahitro, dia hataoko eo an-tsefaky ny harambato ianao, ka hosaronako ny tanako ianao mandra-pandaloko.","koa raha mandalo ny voninahitro, dia hataoko eo an-tsefaky ny harambato ianao, ka hosaronako ny tanako ianao mandra-pandaloko.Dia hanaisotra ny tanako Aho, ka hahita ny vohoko ianao; fa ny tavako tsy ho hita."
mg_2,34,34,"Ary raha niditra teo anatrehan'i Jehovah Mosesy hiteny aminy, dia nanaisotra ny fisalobonana izy mandra-pivoakany. Dia nivoaka izy ka nilaza tamin'ny Zanak'Isiraely izay efa nandidiana azy.","Ary raha niditra teo anatrehan'i Jehovah Mosesy hiteny aminy, dia nanaisotra ny fisalobonana izy mandra-pivoakany. Dia nivoaka izy ka nilaza tamin'ny Zanak'Isiraely izay efa nandidiana azy.Ary hitan'ny Zanak'Isiraely ny tavan'i Mosesy, fa, indro, namirapiratra ny hoditry ny tavany; dia nasaron'i Mosesy ny tavany indray ny fisalobonana mandra-pidiny hiteny aminy indray."
mg_2,35,34,"Ary ny fahaizana hampianatra koa dia efa nataon'Andriamanitra tao am-pony, dia izy sy Oholiaba, zanak'i Ahisamaka avy amin'ny firenen'i Dana.","Ary ny fahaizana hampianatra koa dia efa nataon'Andriamanitra tao am-pony, dia izy sy Oholiaba, zanak'i Ahisamaka avy amin'ny firenen'i Dana.Ary efa nofenoiny fahendrena izy roa lahy, hanaovany ny tao-zavatra samy hafa, dia ny an'ny mpiasa tefy sy rafitra ary ny an'ny mpanenona mahay tenona samy hafa soratra, dia amin'ny manga sy volomparasy sy mena ary amin'ny rongony fotsy madinika ary ny an'ny mpanenona, dia ny ho mpanao ny asa samy hafa sy ho mpamorona asa kanto."
mg_2,36,37,"Ary nanao varavarana lamba ho eo amin'ny varavaran'ny lay izy, dia tamin'ny manga sy volomparasy sy mena ary rongony fotsy madinika voahasina, asan'ny mahay tenona samy hafa soratra.","Ary nanao varavarana lamba ho eo amin'ny varavaran'ny lay izy, dia tamin'ny manga sy volomparasy sy mena ary rongony fotsy madinika voahasina, asan'ny mahay tenona samy hafa soratra.Ary ny andriny dimy sy ny fihantonany dia nataony koa, ary nopetahany takela-bolamena ny lohany sy ny anjaka hitohizany; ary ny faladiany dimy dia nataony varahina."
mg_2,37,28,"Ary hazo akasia no nanaovany ny bao, ka nopetahany takela-bolamena.","Ary hazo akasia no nanaovany ny bao, ka nopetahany takela-bolamena.Ary nanao ny diloilo fanosorana masina izy, sy ny zava-manitra manetona madio, asan'ny mpangaroharo zava-manitra."
mg_2,38,30,"Ary izany no nanaovany ny faladiany ho amin'ny varavaran'ny trano-lay fihaonana, sy ny alitara varahina sy ny makarakara varahina izay teo aminy ary ny fanaka rehetra momba ny alitara,","Ary izany no nanaovany ny faladiany ho amin'ny varavaran'ny trano-lay fihaonana, sy ny alitara varahina sy ny makarakara varahina izay teo aminy ary ny fanaka rehetra momba ny alitara,ary ny faladia tamin'ny kianja manodidina sy ny faladia tamin'ny vavahadin'ny kianja, sy ny tsimatra rehetra tamin'ny tabernakely ary ny tsimatra rehetra tamin'ny kianja manodidina."
mg_2,39,42,"Araka izay rehetra efa nandidian'i Jehovah an'i Mosesy, dia toy izany no nanaovan'ny Zanak'Isiraely ny asa rehetra.","Araka izay rehetra efa nandidian'i Jehovah an'i Mosesy, dia toy izany no nanaovan'ny Zanak'Isiraely ny asa rehetra.Ary nizaha ny asa rehetra Mosesy, ka, indro, efa nataony araka izay nandidian'i Jehovah; dia nisaotra azy Mosesy."
mg_2,40,37,"fa raha tsy niakatra ny rahona, dia tsy nifindra izy, mandra-pihavin'izay andro hiakarany.","fa raha tsy niakatra ny rahona, dia tsy nifindra izy, mandra-pihavin'izay andro hiakarany.Fa ny rahon'i Jehovah dia teo ambonin'ny tabernakely nony andro, ary nisy afo teo aminy nony alina, teo imason'ny taranak'Isiraely rehetra, tamin'ny nandehanany rehetra."
mg_20,1,32,"Fa ny fihemoran'ny kely saina hahafaty azy, Ary ny fiadanan'ny adala handringana azy.","Fa ny fihemoran'ny kely saina hahafaty azy, Ary ny fiadanan'ny adala handringana azy.Fa izay mihaino Ahy kosa hitoetra tsy manana ahiahy, Eny, handry fahizay izy ka tsy hatahotra ny ratsy."
mg_20,2,21,"Fa ny olona mahitsy no honina amin'ny tany, Ary ny tsy manan-tsiny ihany no ho sisa mitoetra ao;","Fa ny olona mahitsy no honina amin'ny tany, Ary ny tsy manan-tsiny ihany no ho sisa mitoetra ao;Fa ny ratsy fanahy kosa hofongorana amin'ny tany, Ary ny mpivadika hongotana."
mg_20,3,34,"Na dia tsiratsirainy aza ny mpaniratsira, Dia omeny fahasoavana kosa ny mpandefitra.","Na dia tsiratsirainy aza ny mpaniratsira, Dia omeny fahasoavana kosa ny mpandefitra.Ny hendry handova voninahitra; Fa henatra kosa no ho anjaran'ny adala."
mg_20,5,22,"Ny heloky ny ratsy fanahy dia mahazo ny tenany ihany, Ary ny kofehin'ny fahotany no itanana azy","Ny heloky ny ratsy fanahy dia mahazo ny tenany ihany, Ary ny kofehin'ny fahotany no itanana azyMaty noho ny tsi-fahazoany famaizana izy, Eny, mikorapaka noho ny haben'ny fahadalany."
mg_20,6,34,"Fa ny fahasaro-piaro dia mampirehitra ny fahatezeran-dehilahy, Koa tsy hamindra fo izy amin'ny andro hamaliany.","Fa ny fahasaro-piaro dia mampirehitra ny fahatezeran-dehilahy, Koa tsy hamindra fo izy amin'ny andro hamaliany.Tsy handray vola ho enti-manalady akory izy, Ary tsy hety, na dia omenao fanambatambazana be aza.<n>[Heb. avotra]</n>"
mg_20,7,26,Fa betsaka no naripany ka maty; Ary maro be no efa matiny.,"Fa betsaka no naripany ka maty; Ary maro be no efa matiny.Ny tranony dia lalana mankany amin'ny fiainan-tsi-hita, Eny, midina ho any amin'ny efi-tranon'ny fahafatesana.<n>[Heb. Sheola]</n>"
mg_20,8,35,Fa izay mahita ahy dia mahita fiainana Sady mahazo sitraka amin'i Jehovah;,Fa izay mahita ahy dia mahita fiainana Sady mahazo sitraka amin'i Jehovah;Fa izay diso ahy kosa mampidi-doza amin'ny fanahiny; Ary izay rehetra mankahala ahy tia fahafatesana.
mg_20,9,17,"Mamy ny rano angalarina, Ary fy ny mofo hanina amin'ny fiafenana,","Mamy ny rano angalarina, Ary fy ny mofo hanina amin'ny fiafenana,Nefa tsy fantany fa ny maty no ao, Ary any amin'ny halalin'ny fiainan-tsi-hita ny olona nasainy.<n>[Heb: Shoela]</n>"
mg_20,10,31,Eo amin'ny vavan'ny marina no itsimohan'ny fahendrena; Fa ny lela fandainga hofongorana.,Eo amin'ny vavan'ny marina no itsimohan'ny fahendrena; Fa ny lela fandainga hofongorana.Ny molotry ny marina mahalala izay ankasitrahana; Fa ny vavan'ny ratsy fanahy dia feno fitaka.
mg_20,11,30,"Ny vokatry ny marina dia hazon'aina, Ary ny hendry dia mahataona olona.","Ny vokatry ny marina dia hazon'aina, Ary ny hendry dia mahataona olona.Indro, ny marina aza dia valiana etỳ an-tany, Koa mainka fa ny ratsy fanahy sy ny mpanota!"
mg_20,13,24,"Izay mitsitsy ny tsorakazony dia tsy tia ny zanany; Fa izay tia zanaka dia manafay azy, raha mbola kely.","Izay mitsitsy ny tsorakazony dia tsy tia ny zanany; Fa izay tia zanaka dia manafay azy, raha mbola kely.Ny marina mihinana ka voky tsara; Fa noana ny kibon'ny ratsy fanahy."
mg_20,14,34,Ny fahamarinana manandratra ny firenena; Fa ny ota kosa dia fahafaham-baraka amin'ny olona,Ny fahamarinana manandratra ny firenena; Fa ny ota kosa dia fahafaham-baraka amin'ny olonaNy fankasitrahan'ny mpanjaka dia amin'ny mpanompo hendry; Fa ny fahatezerany kosa amin'ny manao izay mahamenatra.
mg_20,15,32,Izay mandà anatra dia manary tena; Fa izay mihaino ny fananarana no mahazo fahalalana.,Izay mandà anatra dia manary tena; Fa izay mihaino ny fananarana no mahazo fahalalana.Ny fahatahorana an'i Jehovah dia fananarana mampahahendry; Ary ny fanetren-tena mialoha ny fisandratana.
mg_20,16,32,"Tsara ny mahatsindry fo noho ny mahery, Ary izay mahazaka ny fanahiny noho izay mahafa-bohitra.","Tsara ny mahatsindry fo noho ny mahery, Ary izay mahazaka ny fanahiny noho izay mahafa-bohitra.Ny filokana dia atsipy ao am-pofoany; Fa avy amin'i Jehovah ihany no isehoan'ny fitsarany."
mg_20,17,27,Izay mahafihim-bava no manam-pahalalana; Ary izay mahatsindry fo no manan-tsaina.,"Izay mahafihim-bava no manam-pahalalana; Ary izay mahatsindry fo no manan-tsaina.Na ny adala aza, raha tsy miteny, dia atao ho hendry, Ary izay mahafihim-bava dia toa manan-tsaina."
mg_20,18,23,Fitarainana no ataon'ny malahelo; Nefa ny manan-karena kosa dia mamaly mahery.,"Fitarainana no ataon'ny malahelo; Nefa ny manan-karena kosa dia mamaly mahery.Izay maro sakaiza tsy maintsy tra-pahoriana; Fa misy sakaiza tia, izay mifikitra noho ny rahalahy aza.<n>[Na: tsy maintsy hita fa ratsy]</n>"
mg_20,19,28,Ny vavolombelona ratsy maniratsira ny fitsarana; Ary ny vavan'ny ratsy fanahy mitelina ny ratsy.,"Ny vavolombelona ratsy maniratsira ny fitsarana; Ary ny vavan'ny ratsy fanahy mitelina ny ratsy.Vonona ho amin'ny mpaniratsira ny fanamelohana, Ary ny kapoka ho amin'ny lamosin'ny adala."
mg_20,20,29,"Voninahitry ny zatovo ny fahatanjahany, Ary ravaky ny anti-panahy ny volo fotsy.","Voninahitry ny zatovo ny fahatanjahany, Ary ravaky ny anti-panahy ny volo fotsy.Ny fampangirifiriana dia mahafaka ny faharatsiana, Ary ny kapoka mahadio ny efitrefitra ao an-kibo.<n>[Heb. ratra avy amin'ny kapoaka]</n>"
mg_20,21,30,"Tsy misy fahendrena, na fahalalana, Na fisainana mahaleo an'i Jehovah.","Tsy misy fahendrena, na fahalalana, Na fisainana mahaleo an'i Jehovah.Voaomana ny soavaly ho amin'ny andro iadiana; Fa an'i Jehovah ihany ny fandresena."
mg_20,23,34,"Eny, ho sahala amin'izay mandry ao amin'ny ranomasina ianao Sady ho tahaka izay mandry eo an-tendron'ny andrin-tsambo.","Eny, ho sahala amin'izay mandry ao amin'ny ranomasina ianao Sady ho tahaka izay mandry eo an-tendron'ny andrin-tsambo.Nokapohiny aho, hoy ianao, fa tsy reko naharary ahy, Nandalasiny aho, fa tsy tsaroako; Rahoviana ange aho no hifoha mba hitadiavako azy indray?"
mg_20,24,33,"Mbola hatory kely ihany, mbola ho renoka kely ihany. Mbola hanohon-tanana kely hatory;","Mbola hatory kely ihany, mbola ho renoka kely ihany. Mbola hanohon-tanana kely hatory;Dia ho tonga toy ny mimaona hamely ny alahelonao, Ary ny fahantranao ho toy ny jiolahy."
mg_20,26,27,"Izay mihady lavaka no ho latsaka ao, Ary izay manakodiadia vato no hikodiavany kosa.","Izay mihady lavaka no ho latsaka ao, Ary izay manakodiadia vato no hikodiavany kosa.Halan'ny lela mandainga izay efa nampahoriny, Ary ny vava mandrobo dia mampidi-doza."
mg_20,27,26,"Ny zanak'ondry dia hahazoanao fitafiana, Ary ny osy hamidinao tany;","Ny zanak'ondry dia hahazoanao fitafiana, Ary ny osy hamidinao tany;Ary ho ampy hosotroinao ny rononon'osy Sy ho an'ny ankohonanao, Ary hisy hiveloman'ny ankizivavinao."
mg_20,28,27,Izay manome ny malahelo tsy hanan-java-mahory; Fa izay mitampi-maso hahazo ozona be;,"Izay manome ny malahelo tsy hanan-java-mahory; Fa izay mitampi-maso hahazo ozona be;Raha misandratra ny ratsy fanahy, dia miery ny vahoaka; Fa raha ringana kosa izy, dia mihamaro ny marina.<n>[Na: mitsangana]</n>"
mg_20,30,32,"Raha adala ka nanandra-tena ianao, Na efa nisaina hanao ratsy, Dia tampeno ny tananao ny vavanao.","Raha adala ka nanandra-tena ianao, Na efa nisaina hanao ratsy, Dia tampeno ny tananao ny vavanao.Ny fanontsankontsanana ny ronono no miteraka rononomandry, Ny fanolanana ny orona no miteraka rà; Ary ny fanetsiketsehana ny fahatezerana no miteraka ady."
mg_20,31,30,"Fitaka ny fahatsaram-bika, ary zava-poana ny fahatsaran-tarehy; Fa ny vehivavy matahotra an'i Jehovah ihany no hoderaina.","Fitaka ny fahatsaram-bika, ary zava-poana ny fahatsaran-tarehy; Fa ny vehivavy matahotra an'i Jehovah ihany no hoderaina.Omeo azy ny avy amin'ny vokatry ny tànany; Ary aoka ny asany hidera azy eo am-bavahady."
mg_21,2,25,"(fa iza no mahalany, ary iza no mahazo manaram-po mihoatra noho izaho?).","(fa iza no mahalany, ary iza no mahazo manaram-po mihoatra noho izaho?).Fa ny olona izay ankasitrahan'Andriamanitra dia omeny fahendrena sy fahalalana ary fifaliana; fa ny mpanota kosa ampiasainy hanangona sy hamory, mba hisy homeny izay ankasitrahan'Andriamanitra. Zava-poana sy misambo-drivotra foana koa izany.<n>[Na: Homan-drivotra]</n>"
mg_21,5,18,"Ary koa, ny olona rehetra izay omen'Andriamanitra vola aman-karena sady omeny fahefana hihinanany azy sy hahazoany ny anjarany sy hifaliany amin'ny fisasarana, dia fanomezan'Andriamanitra izany.","Ary koa, ny olona rehetra izay omen'Andriamanitra vola aman-karena sady omeny fahefana hihinanany azy sy hahazoany ny anjarany sy hifaliany amin'ny fisasarana, dia fanomezan'Andriamanitra izany.Fa tsy hahatsiaro loatra ny andro niainany izy, satria ny fahafinaretan'ny fony no avalin'Andriamanitra azy."
mg_21,6,11,"Fa maro ny zavatra mahabe ny zava-poana, koa inona no soa azon'ny olona?","Fa maro ny zavatra mahabe ny zava-poana, koa inona no soa azon'ny olona?Fa iza no mahalala izay mahasoa ny olona amin'izao fiainana izao, dia ny andro vitsy mandalo foana izay laniny toy ny fihelin'ny aloka? Fa iza no hahalaza amin'ny olona izay zavatra ho avy any aoriany atỳ ambanin'ny masoandro?"
mg_21,8,16,"Raha nampiasaiko ny foko hahalala fahendrena sy hahita ny raharaha atao aty ambonin'ny tany (fa misy tsy mahita torimaso na andro na alina),","Raha nampiasaiko ny foko hahalala fahendrena sy hahita ny raharaha atao atỳ ambonin'ny tany (fa misy tsy mahita torimaso na andro na alina),dia hitako avokoa ny asan'Andriamanitra, fa tsy takatry ny sain'ny olona ny asa atao atỳ ambanin'ny masoandro; koa na dia mikely aina hitady izany aza ny olona, tsy ho hitany; eny, na ny hendry aza no manao hahafantatra izany, dia tsy ho azony fantarina akory."
mg_21,9,17,Ny tenin'ny hendry izay re amin'ny mangingina dia mahery noho ny fitreron'izay mpanapaka adala.,Ny tenin'ny hendry izay re amin'ny mangingina dia mahery noho ny fitreron'izay mpanapaka adala.Aleo fahendrena toy izay fiadiana; ary ny mpanota iray mahasimba ny soa be.
mg_21,10,19,"Ataony laolao ny hanina, ary ny divay no maharavoravo ny aina, ary ny vola no hahazoana ny zavatra rehetra.","Ataony laolao ny hanina, ary ny divay no maharavoravo ny aina, ary ny vola no hahazoana ny zavatra rehetra.Aza manozona ny mpanjaka na dia amin'ny eritreritrao aza; ary aza manozona ny mpanankarena na dia ao anatin'ny efi-trano fandrianao aza; fa na dia ny voro-manidina aza anie ka hitondra ny feo, ary na dia ny manana elatra dia hanambara ny teny."
mg_21,11,9,"Mifalia, ry zatovo, dieny mbola tanora ianao; ary aoka ny fonao hampifalifaly anao amin'ny andro fahatanoranao; ka mandehana any amin'izay sitraky ny fonao sy izay jeren'ny masonao; nefa aoka ho fantatrao fa ho entin'Andriamanitra hotsaraina ianao amin'izany rehetra izany.","Mifalia, ry zatovo, dieny mbola tanora ianao; ary aoka ny fonao hampifalifaly anao amin'ny andro fahatanoranao; ka mandehana any amin'izay sitraky ny fonao sy izay jeren'ny masonao; nefa aoka ho fantatrao fa ho entin'Andriamanitra hotsaraina ianao amin'izany rehetra izany.Koa esory ao am-ponao ny alahelo, ary avilio tsy hikasika ny nofonao ny ratsy; fa ny fahatanorana sy ny fahatanjahana dia samy zava-poana."
mg_21,12,13,"Ary rehefa re izany rehetra izany, dia izao no faran'ny teny: Andriamanitra no atahory, ary ny didiny no tandremo, fa izany no tokony hataon'ny olona rehetra.","Ary rehefa re izany rehetra izany, dia izao no faran'ny teny: Andriamanitra no atahory, ary ny didiny no tandremo, fa izany no tokony hataon'ny olona rehetra.Fa ny atao rehetra dia ho entin'Andriamanitra ho amin'ny fitsarana ny zava-miafina rehetra, na soa na ratsy.<n>[Na: mbamin'ny]</n>"
mg_22,1,16,"Indro, tsara tarehy ianao, ry malalako, eny, mahafinaritra; Maitso ny fandriantsika.","Indro, tsara tarehy ianao, ry malalako, eny, mahafinaritra; Maitso ny fandriantsika.Sedera ny sakamandimbin'ny tranontsika, ary kypreso ny peta-drindrintsika."
mg_22,2,16,"Ahy ny malalako, ary azy aho, dia ilay miandry ny ondriny eny amin'ny lilia.","Ahy ny malalako, ary azy aho, dia ilay miandry ny ondriny eny amin'ny lilia.Mandra-pangatsiatsiaky ny andro, ka efa hilentika ny masoandro, mitodiha, ry ilay malalako, ary aoka ho tahaka ny gazela na ny diera tanora eny an-tendrombohitra be hantsana ianao. <n>[Heb. mandositra ny aloka]</n><n>[Anaram-biby haingan-tongotra]</n><n>[Na: tendrombohitra manelanelana]</n>"
mg_22,3,10,"Volafotsy no nataony andriny, ary volamena ny fiankinana, volomparasy ny ondany, ny ao anatiny voaravaka amin'ny fanomezam-pitiavana avy tamin'ny zanakavavin'i Jerosalema.","Volafotsy no nataony andriny, ary volamena ny fiankinana, volomparasy ny ondany, ny ao anatiny voaravaka amin'ny fanomezam-pitiavana avy tamin'ny zanakavavin'i Jerosalema.Mivoaha, ry zanakavavin'i Ziona, ka mijere an'i Solomona mpanjaka, misatroka ilay satro-boninahitra nasatro-dreniny azy tamin'ny andro nampakarany vady, dia tamin'ny andro nifalian'ny fony."
mg_22,4,15,"Loharano ao an-tanimboly ianao, loharano miboiboika, ary renirano kely avy any Libanona.","Loharano ao an-tanimboly ianao, loharano miboiboika, ary renirano kely avy any Libanona.Mifohaza, ry rivotra avy any avaratra; avia, ry avy any atsimo, Mitsofa eny an-tsahako hielezan'ny fofony manitra. Aoka ny malalako hankatỳ an-tanimboliny ka hihinana ny voankazony tsara."
mg_22,7,13,"Dia aoka hifoha maraina koa ho any an-tanim-boaloboka isika; Aoka hizahantsika raha mitsimoka ny voaloboka, sy mivelatra ny voniny, ary mamony ny ampongaben-danitra any no hanehoako ny fitiavako anao.","Dia aoka hifoha maraina koa ho any an-tanim-boaloboka isika; Aoka hizahantsika raha mitsimoka ny voaloboka, sy mivelatra ny voniny, ary mamony ny ampongaben-danitra any no hanehoako ny fitiavako anao.Mamerovero tsara ny dodaima, sady ao am-bavahadintsika misy voankazo tsara samy hafa, na ny vao na ny ela: Efa notehiriziko ho anao izany, ry malalako.<n>[mandragora]</n>"
mg_22,8,13,Ry mitoetra eny an-tsaha! Te-hihaino ny feonao ireo namako; Mba ampandreneso izany koa aho.,"Ry mitoetra eny an-tsaha! Te-hihaino ny feonao ireo namako; Mba ampandreneso izany koa aho.Mandosira, ry malalako, ary aoka ianao mba ho toy ny gazela na ny diera tanora eny an-tendrombohitry ny zava-manitra.<n>[Anaram-biby haingan-tongotra]</n>"
mg_23,1,30,"Fa ho tahaka ny hazo terebinta malazo ravina ianareo, Sy ho tahaka ny saha tsy misy rano.","Fa ho tahaka ny hazo terebinta malazo ravina ianareo, Sy ho tahaka ny saha tsy misy rano.Ny mahery ho tahaka ny vohavoha, Ary ny asany ho tahaka ny kilalaon'afo, Dia hiaraka hodorana izy roa tonta, Ka tsy hisy hamono ny afo."
mg_23,2,21,"Mba hidirany eo amin'ny fitriatry ny vatolampy sy eo an-tsefatsefaky ny harambato Noho ny tahotra avy amin'i Jehovah Sy ny voninahitry ny fahalehibiazany, Rehefa mitsangana hampihorohoro ny tany Izy.","Mba hidirany eo amin'ny fitriatry ny vatolampy sy eo an-tsefatsefaky ny harambato Noho ny tahotra avy amin'i Jehovah Sy ny voninahitry ny fahalehibiazany, Rehefa mitsangana hampihorohoro ny tany Izy.Mitsahara, fa aza mitoky amin'ny olona; Fa fofonaina foana no eo am-bavorony, Ka hatao zinona izy?"
mg_23,3,25,"Ny lehilahy ao aminao ho lavon-tsabatra, Ary ny mahery ao aminao ho faty an'ady;","Ny lehilahy ao aminao ho lavon-tsabatra, Ary ny mahery ao aminao ho faty an'ady;Ka dia hitomany sy hisaona ny vavahadiny; Ary ho lao ny tanàna ka hanjokaiky,"
mg_23,4,5,Ary Jehovah hamorona rahona sy setroka raha antoandro Sy fahazavan'ny afo midedadeda nony alina Ho eny ambonin'ny fitoerana rehetra any an-tendrombohitra Ziona Sy ho eny ambonin'ny fivoriany rehetra; Ary eny ambonin'ny voninahitra rehetra dia hisy eloelo,Ary Jehovah hamorona rahona sy setroka raha antoandro Sy fahazavan'ny afo midedadeda nony alina Ho eny ambonin'ny fitoerana rehetra any an-tendrombohitra Ziona Sy ho eny ambonin'ny fivoriany rehetra; Ary eny ambonin'ny voninahitra rehetra dia hisy eloeloKa hisy trano-lay ho fialokalofana amin'ny hainandro raha antoandro Ary ho fialofana sy fierena amin'ny tafio-drivotra sy ny ranonorana.
mg_23,5,29,"Ny fierony dia tahaka ny fieron'ny liom-bavy, Ary mierona tahaka ny liona tanora izy; Eny, manerona izy ka mandrapaka ny toha, Dia lasany, ka tsy azo alaina intsony.","Ny fierony dia tahaka ny fieron'ny liom-bavy, Ary mierona tahaka ny liona tanora izy; Eny, manerona izy ka mandrapaka ny toha, Dia lasany, ka tsy azo alaina intsony.Ary hirohondrohona aminy amin'izany andro izany izy Tahaka ny firohondrohon'ny ranomasina; Ary raha mijery ny tany ny olona, dia indro aizina sy fahoriana; Ary ny fahazavana hohamaizinin'ny rahona."
mg_23,6,12,"Ary Jehovah hampandeha lavitra ny olona, Ka ho be ny lao ao amin'ny tany;","Ary Jehovah hampandeha lavitra ny olona, Ka ho be ny lao ao amin'ny tany;Ary na dia misy ampahafolony aza sisa, Dia mbola hosimbana ihany koa izany Kanefa kosa tahaka ny hazo terebinta sy ny ôka, Izay mbola misy fotony ihany na dia voakapa aza, Dia toy izany no mbola hisiana taranaka masina ho fotony."
mg_23,7,24,"Zana-tsipïka sy tsipïka no ho entin'izay miditra ao, satria rakotry ny hery sy ny tsilo ny tany rehetra.","Zana-tsipìka sy tsipìka no ho entin'izay miditra ao, satria rakotry ny hery sy ny tsilo ny tany rehetra.Ary ny tanety rehetra izay nohevoina tamin'ny angady dia tsy ho azonao diavina noho ny fahatahorana ny hery sy ny tsilo; Fa ho falehan'ny omby sy ho voahitsakitsaky ny ondry aman'osy izany.<n>[Na: Dia tsy halehan']</n>"
mg_23,8,22,"Ary hijery ny tany izy, ka indro fahoriana sy fahamaizinana ary manjombona mahafadiranovana, Ary horoahina ho any amin'ny aizim-pito izy.","Ary hijery ny tany izy, ka indro fahoriana sy fahamaizinana ary manjombona mahafadiranovana, Ary horoahina ho any amin'ny aizim-pito izy.Fa tsy hanjombona mandrakariva ilay efa nozoim-pahoriana. Tamin'ny taloha dia nataony tsinontsinona ny tany Zebolona sy ny tany Naftaly; Fa amin'ny aoriana kosa dia homeny voninahitra ny lalana eo amoron-dranomasina, any an-dafin'i Jordana, Dia Galilia, tanin'ny jentilisa."
mg_23,9,19,"Ary mandripaka eny an-kavanana izy nefa noana ihany; Ary mandany eny an-kavia izy, nefa tsy voky ihany; Samy mihinana ny nofon-tsandriny avy izy rehetra,","Ary mandripaka eny an-kavanana izy nefa noana ihany; Ary mandany eny an-kavia izy, nefa tsy voky ihany; Samy mihinana ny nofon-tsandriny avy izy rehetra,Eny, Manase mihinana an'i Efraima, ary Efraima kosa mihinana an'i Manase, Ary izy roa tonta dia miara-mamely an'i Joda. Kanefa, na dia izany rehetra izany aza, dia tsy mbola afaka ihany ny fahatezerany, Fa mbola mihinjitra ihany ny tànany."
mg_23,10,33,"Indro, Jehovah, Tompon'ny maro, manapaka ny rantsany madinika amin'ny heriny mahatahotra; Ary izay mijoaka lava no voakapa, ary izay avo no aetry;","Indro, Jehovah, Tompon'ny maro, manapaka ny rantsany madinika amin'ny heriny mahatahotra; Ary izay mijoaka lava no voakapa, ary izay avo no aetry;Ary kapaina vy ny ala mikirindro, ary Libanona dia alamaky ny iray Mahery."
mg_23,12,5,"Mankalazà an'i Jehovah, fa asa lehibe no nataony; Ary aoka ho fantatra any amin'ny tany rehetra izany.","Mankalazà an'i Jehovah, fa asa lehibe no nataony; Ary aoka ho fantatra any amin'ny tany rehetra izany.Miantsoa mafy sy mihobia, ry mponina any Ziona; Fa lehibe ao afovoanao ny Iray Masin'ny Isiraely."
mg_23,14,31,"Midradradradrà, ry vavahady, ary mitaraina, ry tanàna; Aoka ho ketraka avokoa ianao, ry Filistia! Fa misy setroka mitranga avy any avaratra, ary tsy misy miala amin'ny laharany akory ny miaramilany.","Midradradradrà, ry vavahady, ary mitaraina, ry tanàna; Aoka ho ketraka avokoa ianao, ry Filistia! Fa misy setroka mitranga avy any avaratra, ary tsy misy miala amin'ny laharany akory ny miaramilany.Ary inona moa no valiny ho entin'ny iraky ny jentilisa? Izao: Jehovah efa nanorina an'i Ziona, ary ao no hialofan'izay olony ory."
mg_23,15,8,"Fa ny fitarainany manodidina ny sisin'i Moaba, re hatrany Eglaima ny fidradradradrany Eny, re hatrany Ber-elima ny fidradradradrany.","Fa ny fitarainany manodidina ny sisin'i Moaba, re hatrany Eglaima ny fidradradradrany Eny, re hatrany Ber-elima ny fidradradradrany.Fa ny ranon'i Dimona dia feno rà; fa mbola hampiako ny loza manjo an'i Dimona, dia liona handrapaka izay efa mandositra avy any Moaba, sy handany izay sisa amin'ny tany."
mg_23,16,13,Izany no tenin'i Jehovah nataony fahiny ny amin'i Moaba.,"Izany no tenin'i Jehovah nataony fahiny ny amin'i Moaba.Ary ankehitriny koa Jehovah miteny hoe: Amin'ny telo taona, tahaka ny taonan'ny mpikarama, dia ho tsinontsinona ny voninahitr'i Moaba, na dia betsaka aza ny vahoakany; ary izay sisa dia ho vitsy, eny, ho vitsy foana, fa tsy ho maro.<n>[Na: ny hareny]</n>"
mg_23,17,13,"Eny, mirohondrohona tahaka ny firohondrohon'ny rano be ny firenena; kanefa hotezerana mafy izy, ka dia handositra lavitra ary ho lasa tahaka ny akofa eny an-tendrombohitra, raha paohin'ny rivotra, sy tahaka ny fakom-bary mitambolimbolina entin'ny tadio.","Eny, mirohondrohona tahaka ny firohondrohon'ny rano be ny firenena; kanefa hotezerana mafy izy, ka dia handositra lavitra ary ho lasa tahaka ny akofa eny an-tendrombohitra, raha paohin'ny rivotra, sy tahaka ny fakom-bary mitambolimbolina entin'ny tadio.Raha hariva ny andro, dia, injao, fampahatahorana; ary raha tsy mbola maraina akory aza, dia tsy ao intsony ireny. Izany no anjaran'izay mamabo antsika sy tambin'izay mandroba antsika."
mg_23,18,6,Dia hafoy avokoa izy ho an'ny vorona mpihaza eny an-tendrombohitra sy ho an'ny biby eny ambonin'ny tany; ary ny vorona mpihaza handany fahavaratra any; Ary ny biby rehetra ambonin'ny tany handany ririnina any.,"Dia hafoy avokoa izy ho an'ny vorona mpihaza eny an-tendrombohitra sy ho an'ny biby eny ambonin'ny tany; ary ny vorona mpihaza handany fahavaratra any; Ary ny biby rehetra ambonin'ny tany handany ririnina any.Amin'izany andro izany dia hisy fanomezana ho entina ho an'i Jehovah, Tompon'ny maro, dia firenena lava tsanganana sady mandimandina, ary avy amin'ny firenena mahatahotra hatreto ka hatrany hatrany dia firenena mpanao teny tsy valiana sady maherisetra, Izay vakin'ny ony maro ny taniny ho ao amin'ny fitoeran'ny anaran'i Jehovah, Tompon'ny maro, dia ny tendrombohitra Ziona. <n>[Na: ela fiainana]</n><n>[Na: hatramin'ny niandohany ka mandraka ankehitriny]</n><n>[Na: matanjaka indrindra; na: mahary mamaritra tany ho azy]</n><n>[Heb. manitsakitsaka]</n>"
mg_23,19,24,Amin'izany andro izany ny Isiraely no ho fahatelony amin'i Egypta sy Asyria ho fitahiana eo amin'ny tany;,"Amin'izany andro izany ny Isiraely no ho fahatelony amin'i Egypta sy Asyria ho fitahiana eo amin'ny tany;Fa hotahin'i Jehovah, Tompon'ny maro, ireo ka hataony hoe: Hotahina anie Egypta oloko, sy Asyria, asan'ny tanako, ary Isiraely lovako."
mg_23,21,16,"Fa izao no nolazain'i Jehovah tamiko: Ato anatin'ny herintaona, tahaka ny taonan'ny mpikarama, dia ho levona avokoa ny voninahitr'i Kedara;","Fa izao no nolazain'i Jehovah tamiko: Ato anatin'ny herintaona, tahaka ny taonan'ny mpikarama, dia ho levona avokoa ny voninahitr'i Kedara;Ary ny tsipìka sisa izay; an'ny lehilahy mahery, taranak'i Kedara, dia ho vitsy foana, fa Jehovah Andriamanitry ny Isiraely, ao efa niteny."
mg_23,23,17,"Ary rehefa afaka fito-polo taona, Jehovah hamangy an'i Tyro, ka dia hiverina amin'ny filan-tangy izy sy hijangajanga amin'ny fanjakana rehetra manerana izao tontolo izao.","Ary rehefa afaka fito-polo taona, Jehovah hamangy an'i Tyro, ka dia hiverina amin'ny filan-tangy izy sy hijangajanga amin'ny fanjakana rehetra manerana izao tontolo izao.Ary ny varony sy ny tangy azony dia hohamasinina ho an'i Jehovah; Tsy hotehirizina na horaketina izany; Fa ny varony dia ho an'izay mitoetra eo anatrehan'i Jehovah, ho hanina mahavoky sy ho fitafiana mendrika. <n>[Na: mateza]</n>"
mg_23,26,20,"Mandehana, ry oloko, midira ao amin'ny efi-tranonao, ary mirindrina varavarana ianao, ka miere kely indray mipi-maso monja Mandra-pahalasan'ny fahatezerana.","Mandehana, ry oloko, midìra ao amin'ny efi-tranonao, ary mirindrina varavarana ianao, ka miere kely indray mipi-maso monja Mandra-pahalasan'ny fahatezerana.Fa, indro, Jehovah mivoaka avy amin'ny fitoerany hamaly ny mponina amin'ny tany noho ny helony; Ary ny tany hampiseho ny rà izay nofohiny ka tsy hanafina intsony izay novonoina teo aminy."
mg_23,28,28,"Moa mongomongoiny va ny vary hatao mofo? Tsia, fa tsy veleziny na hampandehanany ny kodian'ny sarietiny sy ny soavaliny lalandava izy; Tsy mongomongoiny tsy akory izy.","Moa mongomongoiny va ny vary hatao mofo? Tsia, fa tsy veleziny na hampandehanany ny kodian'ny sarietiny sy ny soavaliny lalandava izy; Tsy mongomongoiny tsy akory izy.Izany koa dia avy amin'i Jehovah, Tompon'ny maro; Fa mahagaga amin'ny fisainana Izy Ary mahatalanjona amin'ny fahendrena."
mg_23,29,23,"Fa raha ny zanany mahita ny asan'ny tanako ao aminy, Dia hanamasina ny anarako izy, eny, hanamasina ny Iray Masin'i Jakoba izy ary hangovitra eo anatrehan'Andriamanitry ny Isiraely.","Fa raha ny zanany mahita ny asan'ny tanako ao aminy, Dia hanamasina ny anarako izy, eny, hanamasina ny Iray Masin'i Jakoba izy ary hangovitra eo anatrehan'Andriamanitry ny Isiraely.Ary izay mivily fanahy dia mbola hahazo fahalalana; Ary izay mimonomonona dia mbola hianatra fahendrena."
mg_23,30,32,"Ary na aiza na aiza no amelezan'ny tsorakazo voatendry, izay amelin'i Jehovah azy, dia harahina ampongatapaka sy lokanga izany; Ary amin'ny ady hamelezany mafy no hiadiany aminy.","Ary na aiza na aiza no amelezan'ny tsorakazo voatendry, izay amelin'i Jehovah azy, dia harahina ampongatapaka sy lokanga izany; Ary amin'ny ady hamelezany mafy no hiadiany aminy.Fa efa voavoatra fahataloha Tofeta; Eny, efa nataony vonona ho an'ny mpanjaka izany; Efa nataony ]</n>alina sady malalaka izy; Ny antontany dia misy afo sy kitay betsaka; Ary ny fofonain'i Jehovah, izay tahaka ny renirano solifara, no mampirehitra azy."
mg_23,31,8,"Ary ny Asyriana ho lavon'ny sabatra izay tsy mba an'olombelona, eny, sabatra izay tsy mba an'olombelona no handringanana azy; Dia handositra ny sabatra izy, ary ny zatovony hampanaovina fanompoana,","Ary ny Asyriana ho lavon'ny sabatra izay tsy mba an'olombelona, eny, sabatra izay tsy mba an'olombelona no handringanana azy; Dia handositra ny sabatra izy, ary ny zatovony hampanaovina fanompoana,Ary ny mpanjakany ho lasa noho ny fahatahorana, Ary mpanapaka azy hivadi-po noho ny faneva, hoy Jehovah, Izay manana ny afony ao Ziona sy ny fatany fandoroana ao Jerosalema. <n>[Na: harambatony]</n>"
mg_23,32,19,"Nefa hilatsaka ny havandra, rehefa aripaka ny ala, ary halamaka dia halamaka ny tanàna.","Nefa hilatsaka ny havandra, rehefa aripaka ny ala, ary halamaka dia halamaka ny tanàna.Sambatra izay mamafy eny amoron'ny rano rehetra sady mampiriaria ny omby sy ny boriky."
mg_23,33,23,"Mivaha ny mahazakan-tsambonao; Tsy mahahazona mafy ny fiorenan'andry izy, na mahavelatra ny lay; Fa amin'izay kosa dia hozaraina ny zavatra be voababo; Na dia ny mandringa aza dia mba hahazo babo ihany.","Mivaha ny mahazakan-tsambonao; Tsy mahahazona mafy ny fiorenan'andry izy, na mahavelatra ny lay; Fa amin'izay kosa dia hozaraina ny zavatra be voababo; Na dia ny mandringa aza dia mba hahazo babo ihany.Tsy hisy amin'ny mponina ao hilaza hoe: Marary aho; Ny olona izay mitoetra ao dia voavela heloka."
mg_23,35,9,"Any tsy hisy liona sady tsy hiakaran'ny biby masiaka, tsy ho hita ao ireny; Fa ny navotana no handia azy.","Any tsy hisy liona sady tsy hiakaran'ny biby masiaka, tsy ho hita ao ireny; Fa ny navotana no handia azy.Eny, ny navotan'i Jehovah hiverina ka hankany Ziona amin'ny fihobiana, ary ny fifaliana mandrakizay no ho eny an-dohany; Hahazo fifaliana sy faharavoravoana izy, ka dia handositra ny alahelo sy ny fisentoana."
mg_23,36,21,"Nefa nangina ny olona, ka tsy nisy namaly azy na dia teny indraim-bava akory aza, satria ny mpanjaka efa nandidy hoe: Aza misy mamaly azy.","Nefa nangina ny olona, ka tsy nisy namaly azy na dia teny indraim-bava akory aza, satria ny mpanjaka efa nandidy hoe: Aza misy mamaly azy.Ary Eliakima, zanak'i Hilkia, izay lehiben'ny tao an-dapa, sy Sebna mpanoratra ary Joa, zanak'i Asafa, mpitadidy ny raharaham-panjakana, dia niditra nankao amin'i Hezekia, sady voatriatra ny fitafiany, ary nilaza taminy ny tenin-dRabsake izy."
mg_23,37,37,"Dia niainga Sankeriba, mpanjakan'i Asyria, ka lasa nody ary nitoetra tany Ninive.","Dia niainga Sankeriba, mpanjakan'i Asyria, ka lasa nody ary nitoetra tany Ninive.Ary raha niankohoka tao an-tranon'i Nisroka andriamaniny izy, dia nokapain'i Adrameleka sy Sarezera zananilahy ny sabatra izy; ary dia afaka nandositra ho any amin'ny tany Ararata izy mirahalahy; ary Esara-hadona zananilahy no nanjaka nandimby azy."
mg_23,38,21,"Ary hoy Isaia: Makà ampempan'aviavy, ary apetaho amin'ny vay izany, mba ho sitrana izy.","Ary hoy Isaia: Makà ampempan'aviavy, ary apetaho amin'ny vay izany, mba ho sitrana izy.Ary hoy Hezekia: Inona no famantarana fa hiakatra ao an-tranon'i Jehovah aho?"
mg_23,40,30,"Na dia ny tanora fanahy aza dia ho reraka sy ho sasatra, ary na dia ny zatovo aza dia mety ho tafintohina mafy;","Na dia ny tanora fanahy aza dia ho reraka sy ho sasatra, ary na dia ny zatovo aza dia mety ho tafintohina mafy;Fa izay miandry an'i Jehovah dia mandroso hery kosa; Elatra no hiakarany tahaka ny voromahery; Hihazakazaka izy, nefa tsy ho sasatra; Handeha izy, nefa tsy ho reraka."
mg_23,41,28,"Dia nijery Aho, kanjo tsy nisy olona, eny, nojereko ireny kanjo tsy nisy mpanolo-tsaina hamaly Ahy, raha manontany azy Aho.","Dia nijery Aho, kanjo tsy nisy olona, eny, nojereko ireny kanjo tsy nisy mpanolo-tsaina hamaly Ahy, raha manontany azy Aho.Indro, zava-poana avokoa izy rehetra; Tsinontsinona ny asany; Rivotra sy zava-poana ny sampiny anidina."
mg_23,42,24,"Iza no nanolotra an'i Jakoba hosamborina, ary Isiraely ho an'ny mpamabo? Tsy Jehovah, Izay efa nanotantsika va? Satria tsy nety nandeha tamin'ny lalany ireo, sady tsy nety nihaino ny lalàny;","Iza no nanolotra an'i Jakoba hosamborina, ary Isiraely ho an'ny mpamabo? Tsy Jehovah, Izay efa nanotantsika va? Satria tsy nety nandeha tamin'ny lalany ireo, sady tsy nety nihaino ny lalàny;Ka dia nalatsany taminy ny firehitry ny fahatezerany sy ny halozan'ny ady; Dia nampirehitra azy manodidina izany nefa tsy fantany; Ary nandoro azy, nefa tsy noheverin'ny fony"
mg_23,44,27,"Ary milaza amin'ny rano lalina hoe: Tankina, Fa hataoko tankina ny oninao,","Ary milaza amin'ny rano lalina hoe: Tankina, Fa hataoko tankina ny oninao,Ary milaza an'i Kyrosy hoe: Izy no mpiandry ondriko, ka izay sitrako rehetra dia hotanterahiny; Ary izy hanao amin'i Jerosalema hoe: Hatsangana ianao, ary amin'ny tempoly hoe: Haorina indray ny fanorenanao."
mg_23,45,24,"Ao amin'i Jehovah ihany no misy fahamarinana be sy hery, ka izy ihany no hohatonin'ny olona, ary ho menatra izay rehetra tezitra aminy.","Ao amin'i Jehovah ihany no misy fahamarinana be sy hery, ka izy ihany no hohatonin'ny olona, ary ho menatra izay rehetra tezitra aminy.Ao amin'i Jehovah no hanamarinana ny taranak'Isiraely rehetra sy hananany rehareha."
mg_23,46,12,Mihainoa Ahy ianareo madi-po izay lavitra ny fahamarinana:,"Mihainoa Ahy ianareo madi-po izay lavitra ny fahamarinana:Hampanatoniko ny fahamarinako, ka tsy ho lavitra intsony; ary ny famonjeko tsy hitaredretra; fa hametraka famonjena ao Ziona Aho sy ny voninahitro ho an'ny Isiraely."
mg_23,47,14,"Indro, fa ho tahaka ny vodivary ireo; ho main'ny afo izy ka tsy hahavonjy ny tenany amin'ny herin'ny lelafo akory; tsy misy vainafo hamindroana, na afo hitaninana aza.","Indro, fa ho tahaka ny vodivary ireo; ho main'ny afo izy ka tsy hahavonjy ny tenany amin'ny herin'ny lelafo akory; tsy misy vainafo hamindroana, na afo hitaninana aza.Ho toy izany aminao ireo efa nisasaranao ireo, dia ireo nifampivarotra taminao hatry ny fony ianao mbola kely; samy hipariaka mandositra ho any amin'ny fonenany avy izy, ka tsy hisy hahavonjy anao."
mg_23,49,25,"Nefa izao no lazain'i Jehovah: Na dia ny sambotry ny mahery aza dia halaina ihany, ary ho afaka ny babon'ny mpandrombaka; fa Izaho no hiady amin'izay miady aminao, ary Izaho no hamonjy ny zanakao.","Nefa izao no lazain'i Jehovah: Na dia ny sambotry ny mahery aza dia halaina ihany, ary ho afaka ny babon'ny mpandrombaka; fa Izaho no hiady amin'izay miady aminao, ary Izaho no hamonjy ny zanakao.Sady hampihinaniko ny nofon'ny tenany ihany izay mampahory anao, ary ho leon'ny ran'ny tenany ihany ireny, toy ny amin'ny ranom-boaloboka; dia ho fantatry ny nofo rehetra fa Izaho Jehovah no Mpamonjy anao, ary Ilay Maherin'i Jakoba no Mpanavotra anao."
mg_23,51,22,"Izao no lazain'i Jehovah Tomponao, dia Andriamanitrao, Izay mandaha-teny ho an'ny olony: Indro, esoriko eny an-tananao ny kapoaka mampiraikiraiky, dia ny kapoaka gobilian'ny fahatezerako; Tsy hisotroanao intsony iny,","Izao no lazain'i Jehovah Tomponao, dia Andriamanitrao, Izay mandaha-teny ho an'ny olony: Indro, esoriko eny an-tananao ny kapoaka mampiraikiraiky, dia ny kapoaka gobilian'ny fahatezerako; Tsy hisotroanao intsony iny,Fa hataoko eo an-tànan'izay mampahory anao kosa, dia izay efa nilaza taminao hoe: Miankohofa mba hohitsahinay, ka dia nataonao ho tahaka ny tany ny tenanao sy ho tahaka ny lalambe ho an'izay mandeha eo."
mg_23,52,14,"Fa toy ny nigagan'ny maro Anao (Ny tarehiny dia simba ka hoatra ny tsy tarehin'olombelona akory, ary ny endriny hoatra ny tsy endriky ny zanak'olombelona),","Fa toy ny nigagan'ny maro Anao (Ny tarehiny dia simba ka hoatra ny tsy tarehin'olombelona akory, ary ny endriny hoatra ny tsy endriky ny zanak'olombelona),Dia toy izany no hampihendratrendratany ny firenena maro; ny mpanjaka hitampim-bava aminy; fa izay tsy mbola nolazaina tamin'ireny no ho hitany, ary izay tsy mbola reny akory no hosaintsaininy. <n>[Heb. hanafànany]</n>"
mg_23,55,12,"Fa amin'ny fifaliana no hivoahanareo, ary amin'ny fiadanana no hitondrana anareo; ny tendrombohitra sy ny havoana hahavelona hoby eo alohanareo, ary ny hazo rehetra any an-tsaha hitehatanana.","Fa amin'ny fifaliana no hivoahanareo, ary amin'ny fiadanana no hitondrana anareo; ny tendrombohitra sy ny havoana hahavelona hoby eo alohanareo, ary ny hazo rehetra any an-tsaha hitehatanana.Ny hazo kypreso haniry ho solon'ny tsilo, ary ny rotra ho solon'ny sampivato; ary ho anarana ho an'i Jehovah izany, dia ho famantarana mandrakizay izay tsy hesorina. <n>[myrta]</n>"
mg_23,56,11,"Lian-kanina ireny amboa ireny; ka tsy mahalala voky, sady mpiandry tsy mahafantatra ireny; samy efa nivily ho amin'ny lalany avy izy rehetra, samy mankamin'ny filàny harena avokoa izy rehetra.","Lian-kanina ireny amboa ireny; ka tsy mahalala voky, sady mpiandry tsy mahafantatra ireny; samy efa nivily ho amin'ny lalany avy izy rehetra, samy mankamin'ny filàny harena avokoa izy rehetra.Avia, ianareo, hoy ireny fa haka divay aho, ary aoka hiboboka toaka isika; ary rahampitso dia ho tahaka ny anio ihany, eny, hanoatra lavitra aza"
mg_23,57,20,"Fa ny ratsy fanahy dia tahaka ny ranomasina misamboaravoara, eny, tsy mety tafatoetra izy, ka ny ranony dia mamoaka loto sy fotaka.","Fa ny ratsy fanahy dia tahaka ny ranomasina misamboaravoara, eny, tsy mety tafatoetra izy, ka ny ranony dia mamoaka loto sy fotaka.Tsy misy fiadanana ho an'ny ratsy fanahy, hoy Andriamanitro."
mg_23,59,20,"Dia hisy Mpanavotra ho tonga any Ziona, Ho amin'ny Jakoba izay miala amin'ny fahadisoana, hoy Jehovah.","Dia hisy Mpanavotra ho tonga any Ziona, Ho amin'ny Jakoba izay miala amin'ny fahadisoana, hoy Jehovah.Raha Izaho, dia izao no fanekeko aminy, hoy Jehovah: Ny Fanahiko Izay ao aminao sy ny teniko izay nataoko teo am-bavanao dia tsy hiala amin'ny vavanao, na amin'ny vavan'ny taranakao, na amin'ny vavan'ny taranaky ny taranakao, hatramin'izao ka ho mandrakizay, hoy Jehovah."
mg_23,60,21,"Ary ny olonao rehetra ho marina avokoa; hanana ny tany ho mandrakizay izy, eny, ho voly maitso eo amin'ny sahako. Asan'ny tanako ho fampisehoam-boninahitra.","Ary ny olonao rehetra ho marina avokoa; hanana ny tany ho mandrakizay izy, eny, ho voly maitso eo amin'ny sahako. Asan'ny tanako ho fampisehoam-boninahitra.Ny kely ho tonga arivo, ary ny malemy ho tonga firenena mahery; Izaho Jehovah no hanafaingana izany amin'ny fotoany."
mg_23,61,10,"Hifaly dia hifaly amin'i Jehovah aho, ny fanahiko ho ravoravo amin'Andriamanitro; fa notafiany fitafiana famonjena aho, ary nakanjoiny akanjo fahamarinana, toy ny mpampakatra misatroka hamama tahaka ny mpisorona, ary toy ny ampakarina miravaka ny firàvany.","Hifaly dia hifaly amin'i Jehovah aho, ny fanahiko ho ravoravo amin'Andriamanitro; fa notafiany fitafiana famonjena aho, ary nakanjoiny akanjo fahamarinana, toy ny mpampakatra misatroka hamama tahaka ny mpisorona, ary toy ny ampakarina miravaka ny firàvany.Fa tahaka ny tany mampitsimoka izay ao aminy, ary tahaka ny tanimboly mampaniry izay nafafy tao aminy, dia toy izany no hampisehoan'i Jehovah Tompo fahamarinana sy fiderana eo anatrehan'ny firenena rehetra."
mg_23,62,11,"Indro, Jehovah efa nanambara hatrany amin'ny faran'izao tontolo izao nanao hoe: Lazao amin'i Ziona zanakavavy: Indro, avy ny famonjena anao; Indro; ny valim-pitia hatolony dia ao aminy, ary ny valin'asa homeny dia eo anoloany.","Indro, Jehovah efa nanambara hatrany amin'ny faran'izao tontolo izao nanao hoe: Lazao amin'i Ziona zanakavavy: Indro, avy ny famonjena anao; Indro; ny valim-pitia hatolony dia ao aminy, ary ny valin'asa homeny dia eo anoloany.Ary Ireny hotononina hoe Firenena masina, dia olona navotan'i Jehovah; ary ianao dia hatao hoe Ilay notadiavina, Tanàna tsy foy."
mg_23,63,18,Vetivety foana no nananan'ny olonao masina ny tany; ny fahavalonay efa nanitsaka ny fitoeranao masina.,"Vetivety foana no nananan'ny olonao masina ny tany; ny fahavalonay efa nanitsaka ny fitoeranao masina.Efa tonga hoatra izay tsy notapahinao hatrizay hatrizay izahay sady tsy mba nantsoina tamin'ny anaranao akory. Enga anie ka hotriarinao ny lanitra mba hidinanao, ka hihorohoro eo anoloanao ny tendrombohitra, <n>[Na: hiempo]</n>"
mg_23,64,10,"Ny tranonay masina sady mendrika, Izay nideran'ny razanay Anao, dia voadotry ny afo, ary rava ny zavatray mahafinaritra rehetra.","Ny tranonay masina sady mendrika, Izay nideran'ny razanay Anao, dia voadotry ny afo, ary rava ny zavatray mahafinaritra rehetra.Ary mbola mahatsindry fo amin'izany zavatra izany ihany va Hianao, Jehovah ô? Hangina va Hianao ka hampahory anay mafy loatra?"
mg_23,65,24,"Raha tsy mbola miantso aza izy dia hamaly Aho; Ary raha mbola miteny izy, dia hihaino Aho.","Raha tsy mbola miantso aza izy dia hamaly Aho; Ary raha mbola miteny izy, dia hihaino Aho.Ny amboadia sy ny zanak'ondry hiara-komana, Ary ny liona hihina-mololo tahaka ny omby, Ary ny menarana, dia vovoka no ho fihinany; Ary tsy handratra na hanimba eran'ny tendrombohitro masina izy, hoy Jehovah.<n>[lopa]</n>"
mg_23,66,23,"Ary isaky ny voaloham-bolana sy isan-tsabata; Dia ho avy ny nofo rehetra hiankohoka eo anatrehako, hoy Jehovah.","Ary isaky ny voaloham-bolana sy isan-tsabata; Dia ho avy ny nofo rehetra hiankohoka eo anatrehako, hoy Jehovah.Ary hivoaka izy ireny ka hijery ny fatin'ny olona izay efa niodina tamiko; Fa ny kankany tsy ho faty, ary ny afony tsy hovonoina, Ary hataon'ny nofo rehetra ho fahavetavetana izy."
mg_24,1,18,"Indro, Izaho hanao anao ho tanàna mimanda sy andry vy ary manda varahina mba tsy ho leon'ny tany rehetra, na ny mpanjakan'ny Joda, na ny lehibeny, na ny mpisorony, na ny vahoaka.","Indro, Izaho hanao anao ho tanàna mimanda sy andry vy ary manda varahina mba tsy ho leon'ny tany rehetra, na ny mpanjakan'ny Joda, na ny lehibeny, na ny mpisorony, na ny vahoaka.Fa hiady aminao ireny, nefa tsy hahaleo anao, satria momba anao hamonjy anao Aho, hoy Jehovah."
mg_24,2,36,"Nahoana ianao no maika hanova ny alehanao? Fa ho menatra noho ny amin'i Egypta koa ianao, toy ny nahamenaranao noho ny amin'i Asyria.","Nahoana ianao no maika hanova ny alehanao? Fa ho menatra noho ny amin'i Egypta koa ianao, toy ny nahamenaranao noho ny amin'i Asyria.Izany koa dia hialanao, ka hiloloha tanana ianao; Fa nolavin'i Jehovah ny tokinao, ka tsy hambinina amin'ireo ianao."
mg_24,3,24,"Fa lanin'ilay mampahamenatra hatramin'ny fahazazanay ny zavatra efa nisasaran'ny razanay, dia ny ondry aman'osiny sy ny ombiny, ny zananilahy sy ny zananivavy.","Fa lanin'ilay mampahamenatra hatramin'ny fahazazanay ny zavatra efa nisasaran'ny razanay, dia ny ondry aman'osiny sy ny ombiny, ny zananilahy sy ny zananivavy.Aoka handry ao amin'ny henatray izahay. Ary aoka hanarona anay ny fahafaham-boninahitray, satria tamin'i Jehovah Andriamanitray no efa nanotanay dia izahay sy ny razanay, hatramin'ny fahazazanay ka ambaraka androany sady tsy nihaino ny feon'i Jehovah Andriamanitray izahay."
mg_24,4,30,"Ary hanao ahoana ianao, ry ilay rava? Na dia miakanjo jaky aza ianao, na dia miravaka volamena aza ianao, na dia hosoranao loko mainty aza ny masonao, foana ny itadiavanao hahatsara tarehy anao; Hanifika anao ireo lehilahy tia anao, ka ny ainao aza no hotadiaviny.","Ary hanao ahoana ianao, ry ilay rava? Na dia miakanjo jaky aza ianao, na dia miravaka volamena aza ianao, na dia hosoranao loko mainty aza ny masonao, foana ny itadiavanao hahatsara tarehy anao; Hanifika anao ireo lehilahy tia anao, ka ny ainao aza no hotadiaviny.Fa efa nandre feo Aho tahaka ny vehivavy raha miteraka sy fidridridridriana tahaka ny vehivavy izay vao miteraka ny matoany, dia ny feon'i Ziona zanakavavy, izay misefosefo sady mamelatra ny tànany ka manao hoe: Lozako! Fa reraka ny aiko azon'ireo mpamono olona."
mg_24,5,30,Zava-mahagaga sy mahatsiravina no atao eo amin'ny tany;,"Zava-mahagaga sy mahatsiravina no atao eo amin'ny tany;Ny mpaminany maminany lainga, ny mpisorona : manapaka araka izay atoron'ireny, ary ny oloko mankasitraka izany; Koa hanao ahoana re ianareo any amparany?"
mg_24,6,29,"May ny tafoforana, levon'ny afo ny firaka, foana ny nandrendrehan'ny mpandrendrika, fa tsy voaisotra ny ratsy.","May ny tafoforana, levon'ny afo ny firaka, foana ny nandrendrehan'ny mpandrendrika, fa tsy voaisotra ny ratsy.Ataon'ny olona hoe, volafotsy tsy lany izy, satria tsy lanin'i Jehovah."
mg_24,7,33,"Ary ny fatin'ity firenena ity dia ho fihinan'ny voro-manidina sy ny bibidia, ka tsy hisy hanaitaitra azy.","Ary ny fatin'ity firenena ity dia ho fihinan'ny voro-manidina sy ny bibidia, ka tsy hisy hanaitaitra azy.Dia hatsahatro any an-tanànan'ny Joda sy eny an-dalamben'i Jerosalema ny feo mifaly sy ny feo miravoravo, dia ny feon'ny mpampakatra sy ny feon'ny ampakarina; Fa ho lao ny tany."
mg_24,8,22,Moa tsy misy balsama va any Gileada? Moa tsy misy dokotera va any? Koa nahoana no tsy tanteraka ny fanasitranana ny oloko zanakavavy?,"Moa tsy misy balsama va any Gileada? Moa tsy misy dokotera va any? Koa nahoana no tsy tanteraka ny fanasitranana ny oloko zanakavavy?Enga anie ka ho rano ny lohako, ary ho loharanon-dranomaso ny masoko, mba hitomaniako andro aman'alina noho ny voavono amin'ny oloko zanakavavy!"
mg_24,10,24,"Jehovah o, anaro aho, nefa araka ny antonony ihany, fa tsy amin'ny fahatezeranao, fandrao hataonao tonga tsinontsinona aho.","Jehovah ô, anaro aho, nefa araka ny antonony ihany, fa tsy amin'ny fahatezeranao, fandrao hataonao tonga tsinontsinona aho.Aidino amin'ny jentilisa izay tsy mahalala Anao ny fahatezeranao, dia amin'ny taranaka Izay tsy miantso ny anaranao. Fa efa nihinana an'i Jakoba ireo, eny, nihinana sy nahalevona azy ary nahalao ny fonenany."
mg_24,11,22,"izao no lazain'i Jehovah, Tompon'ny maro: Indro, hovaliako Izy, ka ny zatovo ho fatin-tsabatra, ary ny zananilahy sy ny zananivavy ho fati-mosary;","izao no lazain'i Jehovah, Tompon'ny maro: Indro, hovaliako Izy, ka ny zatovo ho fatin-tsabatra, ary ny zananilahy sy ny zananivavy ho fati-mosary;Ka tsy hisy hiangana izy; Fa hahatonga loza amin'ny mponina ao Anatota Aho amin'ny taona hamaliana azy."
mg_24,12,16,"Koa raha mba hianatra ny fanaon'ny oloko tokoa ireo ka hianiana amin'ny anarako hoe: Raha velona koa Jehovah, tahaka ny nampianaran'ireo ny oloko hianiana amin'i Bala, dia haorina ao amin'ny oloko izy;","Koa raha mba hianatra ny fanaon'ny oloko tokoa ireo ka hianiana amin'ny anarako hoe: Raha velona koa Jehovah, tahaka ny nampianaran'ireo ny oloko hianiana amin'i Bala, dia haorina ao amin'ny oloko izy;Fa raha tsy hankatò kosa izy, dia hongotako izany firenena izany, eny, hongotako sy haringako izy, hoy Jehovah."
mg_24,13,26,"Ary Izaho kosa dia hampiainga ny moron-tongotr'akanjonao ho eny amin'ny tavanao, mba hisehoan'ny henatrao.","Ary Izaho kosa dia hampiainga ny moron-tongotr'akanjonao ho eny amin'ny tavanao, mba hisehoan'ny henatrao.Ny fijangajanganao sy ny fanenonao, ny fahavetavetan'ny fijejojejoanao any amin'ny havoana any an-tsaha, eny, samy efa hitako avokoa ireo fahavetavetanao ireo. Lozanao, ry Jerosalema! Mandra-pahoviana no mbola tsy hetezanao hanadio ny tenanao?<n>[Izahao v. 8]</n>"
mg_24,14,21,"Noho ny amin'ny anaranao dia aza arianao izahay; Aza atao ho tsinontsinona ny seza fiandrianan'ny voninahitrao; Tsarovy, ka aza tsoahanao ny fanekenao taminay.","Noho ny amin'ny anaranao dia aza arianao izahay; Aza atao ho tsinontsinona ny seza fiandrianan'ny voninahitrao; Tsarovy, ka aza tsoahanao ny fanekenao taminay.Mba misy mahalatsaka ranonorana va ireny sampin'ny jentilisa ireny? Na mahay mandatsaka ranonorana mivatravatra va ny lanitra? Fa tsy Hianao ihany va no Izy, ry Jehovah Andriamanitray ô? Koa manantena Anao izahay, satria Hianao no nanao ireo zavatra rehetra ireo.<n>[Heb. zava-poanan']</n>"
mg_24,15,20,"Ary hataoko manda varahina mirova ho amin'ity firenena ity ianao: Hiady aminao izy, nefa tsy hahaleo anao; Fa momba anao hamonjy sy hanafaka anao Aho, hoy Jehovah;","Ary hataoko manda varahina mirova ho amin'ity firenena ity ianao: Hiady aminao izy, nefa tsy hahaleo anao; Fa momba anao hamonjy sy hanafaka anao Aho, hoy Jehovah;Ary hanafaka anao amin'ny tanan'ny ity ratsy fanahy Aho sy hanavotra anao amin'ny tanan'ny mpampahory."
mg_24,16,20,Moa mahay manao andriamanitra ho azy va ny olona? Tsy Andriamanitra ireny.,"Moa mahay manao andriamanitra ho azy va ny olona? Tsy Andriamanitra ireny.Koa, indro, hampahafantariko azy amin'izao indray mandeha izao, eny, hampahafantariko azy ny tanako sy ny heriko, ka dia ho fantany fa Jehovah no anarako."
mg_24,19,14,"Ary Jeremia dia tonga avy tany Tofeta, izay nanirahan'i Jehovah azy haminany, ka nitsangana teo amin'ny kianjan'ny tranon'i Jehovah izy, dia nanao tamin'ny vahoaka rehetra hoe:","Ary Jeremia dia tonga avy tany Tofeta, izay nanirahan'i Jehovah azy haminany, ka nitsangana teo amin'ny kianjan'ny tranon'i Jehovah izy, dia nanao tamin'ny vahoaka rehetra hoe:Izao no lazain'i Jehovah, Tompon'ny maro, Andriamanitry ny Isiraely: Indro, hataoko mihatra amin'ity tanàna ity sy amin'ny zana-bohiny rehetra ny loza rehetra izay nolazaiko hatao aminy noho ny nanamafiany ny hatony tsy hihainoany ny teniko."
mg_24,20,17,"Satria tsy nahafaty ahy tany an-kibo izy, hahatonga an'Ineny ho fasako, ka hivesatra ahy mandrakariva ny kibony.","Satria tsy nahafaty ahy tany an-kibo izy, hahatonga an'Ineny ho fasako, ka hivesatra ahy mandrakariva ny kibony.Nahoana re aho no nivoaka avy tany an-kibo mba hahita fahoriana sy alahelo, ka ho lany aman-kenatra ny androko!"
mg_24,21,13,"Indro, hohatoniko ianao, ry mponina an-dohasaha, dia eo amin'ny vatolampy amin'ny tany lemaka, hoy Jehovah, dia ianareo izay manao hoe: Iza moa no sahy hidina hamely anay? Ary iza no sahy hiditra ato amin'ny fonenanay?","Indro, hohatoniko ianao, ry mponina an-dohasaha, dia eo amin'ny vatolampy amin'ny tany lemaka, hoy Jehovah, dia ianareo izay manao hoe: Iza moa no sahy hidina hamely anay? Ary iza no sahy hiditra ato amin'ny fonenanay?Fa hamaly anareo araka ny vokatry ny asanareo Aho, hoy Jehovah, ary handrehitra afo ao amin'ny alany, ka handevona ny manodidina azy rehetra izany."
mg_24,22,29,Ry tany! ry tany! ry tany! Henoy ny tenin'i Jehovah.,"Ry tany! ry tany! ry tany! Henoy ny tenin'i Jehovah.Izao no lazain'i Jehovah Soratanareo ho tsy manam-para ity lehilahy ity, dia lehilahy tsy hambinina amin'ny androny; Fa tsy hisy amin'ny taranany izay hambinina Hipetraka eo amin'ny seza fiandrianan'i Davida, na hanapaka ao amin'ny Joda intsony"
mg_24,23,39,"Dia, indro, hanadino anareo tokoa Aho sady hanary anareo mbamin'ny tanàna izay nomeko anareo sy ny razanareo tsy ho eo anatrehako;","Dia, indro, hanadino anareo tokoa Aho sady hanary anareo mbamin'ny tanàna izay nomeko anareo sy ny razanareo tsy ho eo anatrehako;Ary hataoko mihatra aminareo ny fahafaham-baraka mandrakizay sy ny fahamenarana mandrakizay izay tsy hohadinoina."
mg_24,25,37,Ary efa tonga lao ny kijana niadanana noho ny firehetan'ny fahatezeran'i Jehovah.,Ary efa tonga lao ny kijana niadanana noho ny firehetan'ny fahatezeran'i Jehovah.Nandao ny fiereny toy ny liona tanora izy; Fa efa lao ny taniny noho ny fahasiahan'ny mpampahory sy noho ny firehetan'ny fahatezerany.
mg_24,26,23,"Ary Oria dia nalain'ireo niala avy tany Egypta ka nentiny teo amin'i Joiakima mpanjaka; ary izy namono azy tamin'ny sabatra, dia nanary ny fatiny teny amin'ny fasam-bahoaka.","Ary Oria dia nalain'ireo niala avy tany Egypta ka nentiny teo amin'i Joiakima mpanjaka; ary izy namono azy tamin'ny sabatra, dia nanary ny fatiny teny amin'ny fasam-bahoaka.Nefa ny tànan'i Ahikama, zanak'i Safana, dia nomba an'i Jeremia mba tsy hanolorana azy ho eo an-tànan'ny vahoaka hovonoiny."
mg_24,27,21,"eny, izao no lazain'i Jehovah, Tompon'ny maro, Andriamanitry ny Isiraely, ny amin'ny fanaka izay sisa ao an-tranon'i Jehovah sy ao an-tranon'ny mpanjakan'ny Joda sy ato Jerosalema:","eny, izao no lazain'i Jehovah, Tompon'ny maro, Andriamanitry ny Isiraely, ny amin'ny fanaka izay sisa ao an-tranon'i Jehovah sy ao an-tranon'ny mpanjakan'ny Joda sy ato Jerosalema:Ho any Babylona no hitondrana ireo, sady hitoetra any izy ambara-pahatongan'ny andro hamangiako azy, hoy Jehovah, dia vao ho entiko miakatra izy ka hampodiko amin'ity tanàna ity."
mg_24,28,16,"Koa izao no lazain'i Jehovah: Indro, hesoriko tsy ho amin'ny tany ianao; amin'ity taona ity ihany no hahafatesanao, satria fiodinana tamin'i Jehovah no notorinao","Koa izao no lazain'i Jehovah: Indro, hesoriko tsy ho amin'ny tany ianao; amin'ity taona ity ihany no hahafatesanao, satria fiodinana tamin'i Jehovah no notorinaoKa dia maty tamin'ny volana fahafito tamin'iny taona iny ihany Hanania mpaminany."
mg_24,29,31,"Maniraha ho any amin'ny babo rehetra, ka lazao aminy hoe: Izao no lazain'i Jehovah ny amin'i Semaia Nehelamita: Noho ny naminanian'i Semaia taminareo, kanefa tsy nirahiko izy tsinona, fa nampitoky anareo tamin'ny lainga","Maniraha ho any amin'ny babo rehetra, ka lazao aminy hoe: Izao no lazain'i Jehovah ny amin'i Semaia Nehelamita: Noho ny naminanian'i Semaia taminareo, kanefa tsy nirahiko izy tsinona, fa nampitoky anareo tamin'ny laingadia izao no lazain'i Jehovah: Indro, efa hamaly an'i Semaia Nehelamita sy ny taranany Aho: tsy hanana zanakalahy honina amin'ity firenena ity izy sady tsy hanam-pifaliana amin'ny hahitana ny soa izay hataoko amin'ny oloko, hoy Jehovah, satria fiodinana tamin'i Jehovah no notoriny."
mg_24,30,23,He! ny tadion'i Jehovah! Mivoaka ny fahatezerana sy ny tadio mitambolimbolina ka miantonta amin'ny lohan'ny ratsy fanahy.,He! ny tadion'i Jehovah! Mivoaka ny fahatezerana sy ny tadio mitambolimbolina ka miantonta amin'ny lohan'ny ratsy fanahy.Ny firehetan'ny fahatezeran'i Jehovah tsy ho afaka ambara-panefany sy ambara-panatanterany ny hevitry ny fony; Mbola ho fantatrareo marimarina izany any am-parany.
mg_24,31,39,"Ary ny famolaina dia mbola hohenjaniko mahitsy hatreo an-tampon'ny tendrombohitra Gareba, dia hasangodina ho any Goa;","Ary ny famolaina dia mbola hohenjaniko mahitsy hatreo an-tampon'ny tendrombohitra Gareba, dia hasangodina ho any Goa;Ary ny lohasaham-paty sy lavenona rehetra sy ny saha rehetra hatramin'ny Lohasahan-driaka Kidrona ka hatramin'ny zoron'ny vavahadin-tsoavaly atsinanana dia ho masina ho an'i Jehovah; Tsy hongotana na horavana intsony izy mandrakizay."
mg_24,32,43,"Ary mbola hisy fividianana saha eto amin'ity tany ity, izay ataonareo hoe Tany lao tsy misy olona na biby fiompy sady efa voatolotra eo an-tanan'ny Kaldeana.","Ary mbola hisy fividianana saha eto amin'ity tany ity, izay ataonareo hoe Tany lao tsy misy olona na biby fiompy sady efa voatolotra eo an-tànan'ny Kaldeana.Eny, saha no hovidin'ny olona vola, ka hosoratany amin'ny taratasy sy hasiany tombo-kase ary hasiany vavolombelona ao amin'ny tanin'ny Benjamina sy amin'ny manodidina an'i Jerosalema sy amin'ny tanànan'ny Joda sy amin'ny tanàna any amin'ny tany havoana sy amin'ny tanàna ny amin'ny tany lemaka amoron-tsiraka ary amin'ny tanàna any amin'ny tany atsimo; fa hampodiko avy amin'ny fahababoany izy, hoy Jehovah.<n>[Heb. Sefela]</n>"
mg_24,33,25,"Izao no lazain'i Jehovah: Raha tsy amin'ny andro sy ny alina ny fanekeko, ary raha tsy notendreko ny lalàna fitondrana ny lanitra sy ny tany,","Izao no lazain'i Jehovah: Raha tsy amin'ny andro sy ny alina ny fanekeko, ary raha tsy notendreko ny lalàna fitondrana ny lanitra sy ny tany,Dia hariako ny taranak'i Jakoba sy Davida mpanompoko, ka ny taranany tsy mba hanalako ho mpanapaka ny taranak'i Abrahama sy Isaka ary Jakoba; Fa hampodiko avy amin'ny fahababoana izy ka hamindrako fo."
mg_24,34,21,"Ary Zedekia, mpanjakan'ny Joda, sy ny mpanapaka dia hatolotro eo an-tanan'ny fahavalony sy eo an-tanan'izay mitady ny ainy ary eo an-tanan'ny miaramilan'ny mpanjakan'i Babylona, izay efa lasa niala taminareo.","Ary Zedekia, mpanjakan'ny Joda, sy ny mpanapaka dia hatolotro eo an-tànan'ny fahavalony sy eo an-tànan'izay mitady ny ainy ary eo an-tànan'ny miaramilan'ny mpanjakan'i Babylona, izay efa lasa niala taminareo.Indro, handidy Aho, hoy Jehovah, ary hampivereniko ho amin'ity tanàna ity ireo; ary hasiany ity ka ho afany, dia hodorany amin'ny afo; ary ny tanànan'ny Joda dia hofoanako tsy hisy mponina."
mg_24,35,18,"Ary ny taranak'i Rekaba dia nilazan'i Jeremia hoe: Izao no lazain'i Jehovah, Tompon'ny maro, Andriamanitry ny Isiraely: Noho ny nahatananareo ny hafatr'i Jonadaba razanareo sy ny nitandremanareo ny hafany rehetra ary ny nanaovanareo araka izay rehetra nanafarany anareo,","Ary ny taranak'i Rekaba dia nilazan'i Jeremia hoe: Izao no lazain'i Jehovah, Tompon'ny maro, Andriamanitry ny Isiraely: Noho ny nahatananareo ny hafatr'i Jonadaba razanareo sy ny nitandremanareo ny hafany rehetra ary ny nanaovanareo araka izay rehetra nanafarany anareo,dia izao no lazain'i Jehovah, Tompon'ny maro, Andriamanitry ny Isiraely: Jonadaba, zanak'i Rekaba, tsy ho diso zanakalahy hitsangana eo anatrehako mandrakizay."
mg_24,36,31,"Ary hampijaliko izy mbamin'ny taranany sy ny mpanompony noho ny helony; ary havoko mihatra aminy sy amin'ny mponina any Jerosalema ary amin'ny lehilahy amin'ny Joda ny loza rehetra izay nolazaiko hatao aminy, fa tsy nohenoiny.","Ary hampijaliko izy mbamin'ny taranany sy ny mpanompony noho ny helony; ary havoko mihatra aminy sy amin'ny mponina any Jerosalema ary amin'ny lehilahy amin'ny Joda ny loza rehetra izay nolazaiko hatao aminy, fa tsy nohenoiny.Ary Jeremia dia naka horonan-taratasy hafa koa, ka natolony an'i Baroka mpanoratra, zanak'i Neria, ary izy nanoratra tao avy tamin'ny vavan'i Jeremia ny teny rehetra izay tao amin'ilay horonan-taratasy nodoran'i Joiakima, mpanjakan'ny Joda, tamin'ny afo; sady nampiany teny maro tahaka ireny koa aza."
mg_24,37,20,"Koa trarantitra ianao, ry tompokolahy mpanjaka, henoy kely ange! aoka hoborahina eto anatrehanao ny fifonako, ka aza averina ho ao amin'ny tranon'i Jonatana mpanoratra aho, fandrao dia maty ao.","Koa trarantitra ianao, ry tompokolahy mpanjaka, henoy kely ange! aoka hoborahina eto anatrehanao ny fifonako, ka aza averina ho ao amin'ny tranon'i Jonatana mpanoratra aho, fandrao dia maty ao.Dia nasain'i Zedekia mpanjaka nataony teo amin'ny kianjan'ny trano fiambenana Jeremia, ka nasainy nomena mofo iray isan'andro isan'andro avy any amin'ny fitoeran'ny mpanao mofo izy, ambara-pahalanin'ny mofo rehetra tao an-tanàna. Toy izany no nitoeran'i Jeremia teo amin'ny kianjan'ny trano fiambenana."
mg_24,38,27,"Ary nankany amin'i Jeremia ny mpanapaka rehetra ka nanontany azy; dia nolazainy taminy araka izay teny rehetra nandidian'ny mpanjaka azy. Ary tsy niresaka taminy intsony ireo, ka dia tsy re ny raharaha.","Ary nankany amin'i Jeremia ny mpanapaka rehetra ka nanontany azy; dia nolazainy taminy araka izay teny rehetra nandidian'ny mpanjaka azy. Ary tsy niresaka taminy intsony ireo, ka dia tsy re ny raharaha.Ary Jeremia nitoetra teo amin'ny kianjan'ny trano fiambenana mandra-pahatongan'ny andro nanafahana an'i Jerosalema."
mg_24,39,17,"Nefa hovonjeko ianao amin'izany andro izany, hoy Jehovah, fa tsy mba hatolotra eo an-tanan'ny olona izay atahoranao.","Nefa hovonjeko ianao amin'izany andro izany, hoy Jehovah, fa tsy mba hatolotra eo an-tànan'ny olona izay atahoranao.Fa hovonjeko tokoa ianao ka tsy holavon-tsabatra; eny, ny ainao no ho babonao, satria efa natoky Ahy, hoy Jehovah."
mg_24,40,15,"Ary Johanana, zanak'i Karea, nilaza mangingina tamin'i Gedalia tao Mizpa nanao hoe: masïna ianao, aoka aho handeha hamono an'Isimaela, zanak'i Netania, fa tsy hisy olona hahalala izany tsy akory; fa nahoana no havela hamono anao izy ka hampiely ny Jiosy rehetra izay tafangona eto aminao ary hahalany ringana ny sisa amin'ny Joda?","Ary Johanana, zanak'i Karea, nilaza mangingina tamin'i Gedalia tao Mizpa nanao hoe: masìna ianao, aoka aho handeha hamono an'Isimaela, zanak'i Netania, fa tsy hisy olona hahalala izany tsy akory; fa nahoana no havela hamono anao izy ka hampiely ny Jiosy rehetra izay tafangona eto aminao ary hahalany ringana ny sisa amin'ny Joda?Fa hoy Gedalia, zanak'i Ahikama, tamin'i Johanana, zanak'i Karea: Aza manao izany ianao, fa miampanga lainga foana an'Isimaela ianao."
mg_24,42,21,Ary efa nambarako taminareo androany; nefa tsy nihaino ny feon'i Jehovah Andriamanitrareo ianareo ny amin'izay zavatra nanirahany ahy ho aminareo.,Ary efa nambarako taminareo androany; nefa tsy nihaino ny feon'i Jehovah Andriamanitrareo ianareo ny amin'izay zavatra nanirahany ahy ho aminareo.Koa aoka ho fantatrareo marimarina fa ho fatin-tsabatra sy mosary ary areti-mandringana ianareo any amin'ny tany izay tianareo hivahiniana.
mg_24,43,12,"Ary handrehitra afo ao amin'ny tranon'ny andriamanitr'i Egypta Aho, ka dia hodorany sy hobaboiny ireo, ary hitafy ny tany Egypta izy toy ny fitafin'ny mpiandry ondry ny lambany; ary hiala any amin'ny fiadanana izy.","Ary handrehitra afo ao amin'ny tranon'ny andriamanitr'i Egypta Aho, ka dia hodorany sy hobaboiny ireo, ary hitafy ny tany Egypta izy toy ny fitafin'ny mpiandry ondry ny lambany; ary hiala any amin'ny fiadanana izy.Ary hotorotoroiny ny tsangam-baton-tsampy ao Beti-semesy, izay any amin'ny tany Egypta; ary hodorany amin'ny afo ny tranon'ny andriamanitr'i Egypta."
mg_24,45,4,"Lazao aminy hoe: Izao no lazain'i Jehovah: Indro, horavako izay efa naoriko, ary hongotako izay efa namboleko, dia izao tany rehetra izao.","Lazao aminy hoe: Izao no lazain'i Jehovah: Indro, horavako izay efa naoriko, ary hongotako izay efa namboleko, dia izao tany rehetra izao.Mitady zavatra lehibe ho anao va ianao? aza mitady izany! fa, indro, hahatonga loza ho amin'ny nofo rehetra Aho, hoy Jehovah; fa raha ny ainao dia homeko anao ho babonao ihany any amin'izay rehetra nalehanao."
mg_24,46,27,"Fa aza matahotra ianao, ry Jakoba mpanompoko, ary aza mivadi-po, ry Isiraely; Fa, indro, hovonjeko avy any amin'ny lavitra ianao, ary ny taranakao avy any amin'ny tany nahababo azy; Dia hiverina Jakoba ka hiadana, eny, handry fahizay izy, ka tsy hisy hanaitaitra azy.","Fa aza matahotra ianao, ry Jakoba mpanompoko, ary aza mivadi-po, ry Isiraely; Fa, indro, hovonjeko avy any amin'ny lavitra ianao, ary ny taranakao avy any amin'ny tany nahababo azy; Dia hiverina Jakoba ka hiadana, eny, handry fahizay izy, ka tsy hisy hanaitaitra azy.Aza matahotra ianao, ry Jakoba mpanompoko, hoy Jehovah, fa momba anao Aho; Fa na dia levoniko aza ny firenena rehetra izay nandroahako anao, ianao tsy mba holevoniko, nefa kosa mba hanariko araka ny antonony ihany ianao, fa tsy dia havelako fotsiny."
mg_24,48,46,"Idiran-doza ianao, ry Moaba! Ringana ny olon'i Kemosy! Fa ho babo ny zanakao-lahy, ary ho sambotra ny zanakao-vavy.","Idiran-doza ianao, ry Moaba! Ringana ny olon'i Kemosy! Fa ho babo ny zanakao-lahy, ary ho sambotra ny zanakao-vavy.Nefa mbola hampodiko avy amin'ny fahababoana ihany Moaba any amparany, hoy Jehovah. Hatreto ny amin'ny fitsarana an'i Moaba."
mg_24,49,38,"Dia hapetrako ao Elasma ny seza fiandrianako. Ary hofongorako tsy hisy intsony any na ny mpanjaka na ny mpanapaka, hoy Jehovah.","Dia hapetrako ao Elasma ny seza fiandrianako. Ary hofongorako tsy hisy intsony any na ny mpanjaka na ny mpanapaka, hoy Jehovah.Nefa any am-parany dia mbola hampodiko avy amin'ny fahababoany ihany Elama, hoy Jehovah."
mg_24,50,45,"Koa henoy ny saina avy amin'i Jehovah, izay nosaininy hamelezana an'i Babylona, sy ny heviny izay noheveriny hamelezana ny tanin'ny Kaldeana: Hoviraviraina tokoa ireny, dia ny kely indrindra amin'ny ondry; Ho gaga azy tokoa ny saha fiandrasana azy.","Koa henoy ny saina avy amin'i Jehovah, izay nosaininy hamelezana an'i Babylona, sy ny heviny izay noheveriny hamelezana ny tanin'ny Kaldeana: Hoviraviraina tokoa ireny, dia ny kely indrindra amin'ny ondry; Ho gaga azy tokoa ny saha fiandrasana azy.Noho ny antsoantso hoe: ""Efa afaka Babylona"", dia mihorohoro ny tany, ary ny fitarainana dia re any amin'ny firenena."
mg_24,51,63,"Ary rehefa tapitra ny famakianao ity boky ity, dia asio vato afehy aminy, ary atsipazo ao Eofrata izy.","Ary rehefa tapitra ny famakianao ity boky ity, dia asio vato afehy aminy, ary atsipazo ao Eofrata izy.ka ataovy hoe: Toy izao no hilentehan'i Babylona ka tsy hifongarany intsony noho ny loza hataoko mihatra aminy, ka dia ho reraka izy. Hatreto no tenin'i Jeremia."
mg_24,52,33,Ka dia novan'i Joiakina ny fitafiany fony izy mbola tao an-trano-maizina; ary nihinan-kanina teo anatrehany mandrakariva izy tamin'ny andro niainany rehetra.,"Ka dia novan'i Joiakina ny fitafiany fony izy mbola tao an-trano-maizina; ary nihinan-kanina teo anatrehany mandrakariva izy tamin'ny andro niainany rehetra.Ary ny hanina nohaniny dia hanina homena avy amin'ny mpanjakan'i Babylona, araka ny tokony ho anjarany isan'andro isan'andro tamin'ny andro rehetra niainany mandra-pahafatiny.<n>[Na: ny sisim-bolombavany]</n>"
mg_25,2,21,"Miampatrampatra eny an-dalambe ny tanora sy ny antitra; Ny virijinako sy ny zatovoko dia lavon'ny sabatra, Novonoinao tamin'ny andro fahatezeranao izy, eny, naripakao, fa tsy niantranao.","Miampatrampatra eny an-dalambe ny tanora sy ny antitra; Ny virijinako sy ny zatovoko dia lavon'ny sabatra, Novonoinao tamin'ny andro fahatezeranao izy, eny, naripakao, fa tsy niantranao.Nantsoinao ny fampangorohoroana manodidina ahy, toy ny amin'ny fotoam-pivavahana, ka dia tsy nisy sisa afa-nandositra tamin'ny andro fahatezeran'i Jehovah; Izay notrotroiko sy notezaiko aza dia lanin'ny fahavaloko."
mg_25,3,65,"Eny, hohamaizininao ny fony, hihatra aminy ny ozonao.","Eny, hohamaizininao ny fony, hihatra aminy ny ozonao.Henjehinao amin'ny fahatezerana izy ka haringanao tsy ho etỳ ambanin'ny lanitr'i Jehovah."
mg_25,5,21,"Jehovah o, ampivereno aminao izahay, mba hiverenanay; Havaozy ho toy ny fahiny ny andronay.","Jehovah ô, ampivereno aminao izahay, mba hiverenanay; Havaozy ho toy ny fahiny ny andronay.Moa dia nandà anay tokoa va Hianao sy tezitra aminay indrindra?"
mg_26,1,27,"Ary nahita toy ny volon'ny metaly mamirapiratra aho, dia hoatra ny tarehin'ny afo manodidina azy; ary hatramin'ny valahany no ho miakatra ka hatramin'ny valahany no ho midina dia hitako tahaka ny afo, ka nisy namirapiratra manodidina azy.","Ary nahita toy ny volon'ny metaly mamirapiratra aho, dia hoatra ny tarehin'ny afo manodidina azy; ary hatramin'ny valahany no ho miakatra ka hatramin'ny valahany no ho midina dia hitako tahaka ny afo, ka nisy namirapiratra manodidina azy.Toy ny tarehin'avana amin'ny rahona amin'ny andro nisy ranon'orana no tarehin'ny namirapiratra manodidina. Izany no fijery ny endriky ny voninahitr'i Jehovah. Ary nony nahita izany aho, dia nikarapoka nihohoka ka nandre ny feon'ny anankiray niteny."
mg_26,3,26,"Ary hampiraiketiko amin'ny lanilaninao ny lelanao, ka ho moana ianao ary tsy ho mpananatra azy; fa taranaka maditra izy.","Ary hampiraiketiko amin'ny lanilaninao ny lelanao, ka ho moana ianao ary tsy ho mpananatra azy; fa taranaka maditra izy.Fa raha miteny aminao Aho, dia hosokafako ny vavanao, ka dia holazainao aminy hoe: Izao no lazain'i Jehovah Tompo: Izay mihaino, dia aoka izy hihaino; ary izay tsy mihaino, dia aoka izy tsy hihaino kosa; fa taranaka maditra izy."
mg_26,4,16,"Ary hoy koa Izy tamiko: Ry zanak'olona, indro, hotapahiko any Jerosalema ny mofo, tohan'aina, ka an-danjany amin'ny fanahiana no hihinanany mofo; ary rano afàtra no hosotroiny amin'ny fahatahorana.","Ary hoy koa Izy tamiko: Ry zanak'olona, indro, hotapahiko any Jerosalema ny mofo, tohan'aina, ka an-danjany amin'ny fanahiana no hihinanany mofo; ary rano afàtra no hosotroiny amin'ny fahatahorana.Ka dia ho mosare-mofo sy rano izy, ary samy ho raiki-tahotra sady hihalevona noho ny helony."
mg_26,5,16,"raha alefako ho fandringanana azy ny mosary dia ny zana-tsipïka ratsy izay halefako handringana anareo, sady hampitomboiko ny mosary eo aminareo, ka hotapahiko ny mofonareo, izay tohan'aina.","raha alefako ho fandringanana azy ny mosary dia ny zana-tsipìka ratsy izay halefako handringana anareo, sady hampitomboiko ny mosary eo aminareo, ka hotapahiko ny mofonareo, izay tohan'aina.Dia haterako mosary sy biby masiaka eo aminareo, izay hahalany fara anareo; ary handroso eo aminao ny areti-mandringana sy ny fandatsahan-drà, ary hataoko mihatra aminao ny sabatra. Izaho Jehovah no niteny izany"
mg_26,6,13,"Dia ho fantatrareo fa Izaho no Jehovah, Rehefa miampatrampatra eny amin'ny sampy manodidina ny alitarany ny voavono ao aminy, eny amin'ny havoana andrandraina rehetra, eny amin'ny tendrombohitra rehetra sy eny ambanin'ny hazo maitso rehetra sy eny ambanin'ny terebinta misandrahaka rehetra, dia eny amin'izay efa nanaterany hanitra ankasitrahana tamin'ny sampiny rehetra;","Dia ho fantatrareo fa Izaho no Jehovah, Rehefa miampatrampatra eny amin'ny sampy manodidina ny alitarany ny voavono ao aminy, eny amin'ny havoana andrandraina rehetra, eny amin'ny tendrombohitra rehetra sy eny ambanin'ny hazo maitso rehetra sy eny ambanin'ny terebinta misandrahaka rehetra, dia eny amin'izay efa nanaterany hanitra ankasitrahana tamin'ny sampiny rehetra;Hahinjitro aminy ny tanako, ary ny tany any amin'ny fonenany rehetra dia hataoko lao sy foana mihoatra noho ny efitr'i Dibla; Ka dia ho fantany fa Izaho no Jehovah."
mg_26,7,26,"Mifanontona ny fandravana, ary mifanindry ny filazan-doza; Dia manontany fahitana amin'ny mpaminany izy, fa tsy misy lalàna intsony amin'ny mpisorona, na fahendrena amin'ny anti-panahy.","Mifanontona ny fandravana, ary mifanindry ny filazan-doza; Dia manontany fahitana amin'ny mpaminany izy, fa tsy misy lalàna intsony amin'ny mpisorona, na fahendrena amin'ny anti-panahy.Hitomany ny mpanjaka, eny, hitafy fahatalanjonana ny andriana, ary hangovitra ny tanan'ny vahoaka; Araka ny alehany no hataoko aminy, ary hotsaroiko araka ny fitsarana nataony izy, ka dia fantany fa Izaho no Jehovah."
mg_26,8,17,"Dia hoy Izy tamiko: Hitanao va izany, ry zanak'olona? Moa ataon'ny taranak'i Joda ho kely loatra va ny nanaovany ny fahavetavetana izay ataony eto, no fenoiny fampahoriana koa ny tany, ka mampahatezitra Ahy lalandava izy; ary indro izy nanainga ny rantsan-kazo ho amin'ny orony.","Dia hoy Izy tamiko: Hitanao va izany, ry zanak'olona? Moa ataon'ny taranak'i Joda ho kely loatra va ny nanaovany ny fahavetavetana izay ataony eto, no fenoiny fampahoriana koa ny tany, ka mampahatezitra Ahy lalandava izy; ary indro izy nanainga ny rantsan-kazo ho amin'ny orony.Ary Izaho kosa dia hamely amin'ny fahatezerako; tsy hiantra ny masoko, sady tsy hamindra fo Aho; ary na dia mitaraina mafy eo an-tsofiko aza izy, dia tsy hihaino azy Aho."
mg_26,10,21,"Samy nanana tarehy efatra avy izy, sady samy nanana elatra efatra avy koa; ary nisy nitarehin-tanan'olona teo ambanin'ny elany.","Samy nanana tarehy efatra avy izy, sady samy nanana elatra efatra avy koa; ary nisy nitarehin-tànan'olona teo ambanin'ny elany.Ary ny endriky ny tarehiny dia nitovy tamin'ilay efa hitako teo amoron'ny ony Kebara ihany, dia ny endriny sy ny tenany; ary ny hitsin'ny tavany no nalehany."
mg_26,12,27,"Ry zanak'olona, indro, ny taranak'Isiraely manao hoe: Mbola ho ela izany fahitana hitany izany, ary ny amin'ny fotoana mbola lavitra no vinaniny.","Ry zanak'olona, indro, ny taranak'Isiraely manao hoe: Mbola ho ela izany fahitana hitany izany, ary ny amin'ny fotoana mbola lavitra no vinaniny.Koa lazao aminy hoe: Izao no lazain'i Jehovah Tompo: Tsy hisy hajanona ela intsony ny teniko; fa ny teny izay lazaiko dia hotanterahiko, hoy Jehovah Tompo."
mg_26,13,22,"Satria lainga no entinareo mampalahelo ny fon'ny marina, izay tsy nampalaheloviko, sady entinareo manatanjaka ny tanan'ny ratsy fanahy, tsy hialany amin'ny lalan-dratsiny mba hamelomana azy,","Satria lainga no entinareo mampalahelo ny fon'ny marina, izay tsy nampalaheloviko, sady entinareo manatanjaka ny tanan'ny ratsy fanahy, tsy hialany amin'ny lalan-dratsiny mba hamelomana azy,dia tsy hahita anoano foana na hanao faminaniana intsony ianareo; fa hovonjeko ho afaka amin'ny tananareo ny oloko; ka dia ho fantatrareo fa Izaho no Jehovah."
mg_26,14,22,"Kanefa, indro, hisy sisa afaka ihany izy ho entina mivoaka, dia ny zanakalahy sy ny zanakavavy; indro, hivoaka ho any aminareo ireo, ka ho hitanareo ny alehany sy ny ataony, dia hionona ianareo noho ny amin'ny loza rehetra izay nataoko mihatra amin'i Jerosalema, dia izay rehetra nataoko mihatra aminy.","Kanefa, indro, hisy sisa afaka ihany izy ho entina mivoaka, dia ny zanakalahy sy ny zanakavavy; indro, hivoaka ho any aminareo ireo, ka ho hitanareo ny alehany sy ny ataony, dia hionona ianareo noho ny amin'ny loza rehetra izay nataoko mihatra amin'i Jerosalema, dia izay rehetra nataoko mihatra aminy.Eny, hampionona anareo ireo, rehefa hitanareo ny alehany sy ny ataony; ka dia ho fantatrareo fa tsy nataotaoko foana izay rehetra nataoko taminy, hoy Jehovah Tompo."
mg_26,15,7,"Ary hanandrina azy ny tavako; hiala avy amin'ny afo izy nefa ho levon'ny afo hafa indray; ka dia ho fantatrareo fa Izaho no Jehovah, raha manandrina azy ny tavako.","Ary hanandrina azy ny tavako; hiala avy amin'ny afo izy nefa ho levon'ny afo hafa indray; ka dia ho fantatrareo fa Izaho no Jehovah, raha manandrina azy ny tavako.Ary hataoko lao ny tany noho ny nivadihany tamiko, hoy Jehovah Tompo."
mg_26,16,62,"Izaho hanorina ny fanekeko aminao, ka dia ho fantatrao fa Izaho no Jehovah,","Izaho hanorina ny fanekeko aminao, ka dia ho fantatrao fa Izaho no Jehovah,mba hahatsiarovanao sy hangaihainao ary tsy hiloahanao vava intsony noho ny henatrao, raha mamela ny helokao ny amin'ny nataonao rehetra Aho, hoy Jehovah Tompo."
mg_26,17,23,"Ao amin'ny tendrombohitra avon'ny Isiraely no hamboleko azy; ary handrantsana sy hamoa izy ka ho tonga sedera tsara indrindra, ary ny vorona samy hafa rehetra hitoetra ao aminy; ao amin'ny alokaloky ny rantsany no hitoerany.","Ao amin'ny tendrombohitra avon'ny Isiraely no hamboleko azy; ary handrantsana sy hamoa izy ka ho tonga sedera tsara indrindra, ary ny vorona samy hafa rehetra hitoetra ao aminy; ao amin'ny alokaloky ny rantsany no hitoerany.Ary ho fantatry ny hazo rehetra any an-tsaha fa Izaho Jehovah no efa nanetry ny hazo avo ka nanandratra ny hazo iva ary nandazo ny hazo maitso ka nampaniry ny hazo maina; Izaho Jehovah no niteny sady nanao izany."
mg_26,18,31,"Esory ho afaka aminareo ny fahadisoanareo rehetra izay nataonareo, ka manaova fo vaovao sy fanahy vaovao ho anareo; fa nahoana no ho faty ianareo, ry taranak'Isiraely?","Esory ho afaka aminareo ny fahadisoanareo rehetra izay nataonareo, ka manaova fo vaovao sy fanahy vaovao ho anareo; fa nahoana no ho faty ianareo, ry taranak'Isiraely?Fa tsy sitrako ny fahafatesan'izay maty, hoy Jehovah Tompo. Koa mibebaha ianareo mba ho velona. Hira fahalahelovana ny amin'ireo lehiben'ny Isiraely."
mg_26,18,32,"Fa tsy sitrako ny fahafatesan'izay maty, hoy Jehovah Tompo. Koa mibebaha ianareo mba ho velona.","Fa tsy sitrako ny fahafatesan'izay maty, hoy Jehovah Tompo. Koa mibebaha ianareo mba ho velona. Hira fahalahelovana ny amin'ireo lehiben'ny Isiraely."
mg_26,20,43,Ary hotsaroanareo any ny nalehanareo sy ny nataonareo rehetra izay nahaloto anareo; ary haharikoriko anareo ny tenanareo noho ny ratsy rehetra izay nataonareo.,"Ary hotsaroanareo any ny nalehanareo sy ny nataonareo rehetra izay nahaloto anareo; ary haharikoriko anareo ny tenanareo noho ny ratsy rehetra izay nataonareo.Dia ho fantatrareo fa Izaho no Jehovah, rehefa miasa aminareo Aho noho ny amin'ny anarako, fa tsy araka ny lalàn-dratsinareo, na araka ny ratsy fanaonareo, ry taranak'Isiraely, hoy Jehovah Tompo."
mg_26,21,36,"Ary haidiko aminao ny fahavinirako, ny afon'ny fahatezerako no hotsofiko aminao, ka hatolotro eo an-tanan'ny olona ketrina. Sy izay mpamorona fandringanana ianao,","Ary haidiko aminao ny fahavinirako, ny afon'ny fahatezerako no hotsofiko aminao, ka hatolotro eo an-tànan'ny olona ketrina. Sy izay mpamorona fandringanana ianao,Dia ho kitain'ny afo ianao; Ho eny amin'ny tany ny rànao; Tsy hotsaroana ianao; Fa Izaho Jehovah no niteny izany."
mg_26,22,30,"Ary nitady olona teo aminy Aho hanao manda sy hijanona eo amin'ny banga eo anatrehako hifona ho an'ny tany mba tsy handravako azy, kanjo tsy nahita;","Ary nitady olona teo aminy Aho hanao manda sy hijanona eo amin'ny banga eo anatrehako hifona ho an'ny tany mba tsy handravako azy, kanjo tsy nahita;koa dia haidiko eo aminy ny fahatezerako; ny afon'ny fahatezerako no handaniako azy; ary hatsingeriko ho eo an-dohany ihany ny fanaony, hoy Jehovah Tompo.<n>[Heb lalana]</n>"
mg_26,23,48,"Toy izany no hampitsaharako ny fahavetavetana amin'ny tany, mba hahazo anatra ny vehivavy rehetra tsy hanao araka ny fahavetavetanareo.","Toy izany no hampitsaharako ny fahavetavetana amin'ny tany, mba hahazo anatra ny vehivavy rehetra tsy hanao araka ny fahavetavetanareo.Ary hatsingeriny aminareo ny fahavetavetanareo, ary ho entinareo ny heloka noho ny sampinareo; ka dia ho fantatrareo fa Izaho no Jehovah Tompo."
mg_26,24,26,"eny, amin'izany andro izany dia hisy olona handositra ho tonga any aminao mba hampandre ny sofinao izany;","eny, amin'izany andro izany dia hisy olona handositra ho tonga any aminao mba hampandre ny sofinao izany;amin'izany andro izany dia hisokatra miaraka amin'ny an'ilay mandositra ny vavanao, ka dia hiteny ianao, fa tsy ho moana intsony; ry ho famantarana mahagaga aminy ianao; ka dia ho fantany fa Izaho no Jehovah."
mg_26,25,16,"Dia izao no lazain'i Jehovah Tompo: Indro, hahinjitro amin'ny Filisitna ny tanako, ka haringako ny keretita, ary horavako izay sisa any amoron-dranomasina;","Dia izao no lazain'i Jehovah Tompo: Indro, hahinjitro amin'ny Filisitna ny tanako, ka haringako ny keretita, ary horavako izay sisa any amoron-dranomasina;Ary famaizana mirehitra no ho entiko manao famaliana lehibe aminy; ka dia ho fantatra-fa Izaho no Jehovah, rehefa hataoko mihatra aminy ny famaliako."
mg_26,26,1,Ary tamin'ny andro voalohany amin'ny volana tamin'ny taona fahiraika ambin'ny folo dia tonga tamiko ny tenin'Jehovah nanao hoe:,Ary tamin'ny andro voalohany amin'ny volana tamin'ny taona fahiraika ambin'ny folo dia tonga tamiko ny tenin'Jehovah nanao hoe: zananivavy.
mg_26,26,20,"Dia hampidiniko hiaraka amin'izay mivarina any an-davaka ianao, Hankany amin'ny razana, ka hamponeniko any ambanin'ny tany ianao, dia any amin'ny fonenana efa lao hatramin'ny ela, hiaraka amin'izay mivarina any an-davaka, mba tsy honenana intsony; ary hasiako voninahitra eo amin'ny velona;","Dia hampidiniko hiaraka amin'izay mivarina any an-davaka ianao, Hankany amin'ny razana, ka hamponeniko any ambanin'ny tany ianao, dia any amin'ny fonenana efa lao hatramin'ny ela, hiaraka amin'izay mivarina any an-davaka, mba tsy honenana intsony; ary hasiako voninahitra eo amin'ny velona;Dia hataoko fampitahorana ianao, ka tsy ho eo intsony; Eny, hotadiavina ianao, nefa tsy ho hita intsony mandrakizay, hoy Jehovah Tompo."
mg_26,27,35,"Talanjona anao ny mponina rehetra amin'ny moron-dranomasina, ary raiki-tahotra ny mpanjakany ka dia mivalomainty.","Talanjona anao ny mponina rehetra amin'ny moron-dranomasina, ary raiki-tahotra ny mpanjakany ka dia mivalomainty.Misitrisitra anao ny mpandranto amin'ny firenena; tonga fampitahorana ianao ary tsy ho ao intsony mandrakizay"
mg_26,29,20,"Ho valin'ny fanompoana nataony tany Tyro no nanomezako azy ny tany Egypta, satria nataony ho Ahy izany, hoy Jehovah Tompo.","Ho valin'ny fanompoana nataony tany Tyro no nanomezako azy ny tany Egypta, satria nataony ho Ahy izany, hoy Jehovah Tompo.Amin'izany andro izany dia hampitsimoka tandroka ho an'ny taranak'Isiraely Aho, ary hampiloahiko vava eo aminy ianao; ka dia ho fantatra fa Izaho no Jehovah."
mg_26,30,25,"Eny, hampahatanjahiko ny sandrin'ny mpanjakan'i Babylona, dia hiraviravy ny sandrin'i Farao: Ka dia ho fantatra fa Izaho no Jehovah, raha hataoko eny an-tanan'ny mpanjakan'i Babylona ny sabatro, ka haingainy hamelezana ny tany Egypta.","Eny, hampahatanjahiko ny sandrin'ny mpanjakan'i Babylona, dia hiraviravy ny sandrin'i Farao: Ka dia ho fantatra fa Izaho no Jehovah, raha hataoko eny an-tànan'ny mpanjakan'i Babylona ny sabatro, ka haingainy hamelezana ny tany Egypta.Dia haeliko ho any amin'ny firenena samy hafa ny Egyptiana ka hahahako any amin'ny tany samy hafa; Ka dia ho fantatra fa Izaho no Jehovah."
mg_26,34,30,"ka dia ho fantany fa Izaho, Jehovah Andriamaniny, no momba azy, ary izy, taranak'Isiraely, no oloko, hoy Jehovah Tompo.","ka dia ho fantany fa Izaho, Jehovah Andriamaniny, no momba azy, ary izy, taranak'Isiraely, no oloko, hoy Jehovah Tompo.Ary ny aminareo ondriko ondry fiandriko olona ianareo, ary Izaho no Andriamanitrareo, hoy Jehovah Tompo."
mg_26,35,14,"Izao no lazain'i Jehovah Tompo: Rehefa mifaly ny tany rehetra, dia hofoanako kosa ianao,","Izao no lazain'i Jehovah Tompo: Rehefa mifaly ny tany rehetra, dia hofoanako kosa ianao,Toy ny nifalianao ny amin'ny lovan'ny taranak'Isirady, satria nofoanana ireny, dia toy izany kosa no hataoko aminao: Ho foana ianao, ry tendrombohitra Seïra sy Edoma rehetra; Ka dia ho fantatra fa Izaho no Jehovah."
mg_26,36,37,Izao no lazain'i Jehovah Tompo: Mbola hotadiavin'ny taranak'Isiraely Aho amin'ny hanaovako izao ho azy; hohamaroiko toy ny ondry ny olony.,"Izao no lazain'i Jehovah Tompo: Mbola hotadiavin'ny taranak'Isiraely Aho amin'ny hanaovako izao ho azy; hohamaroiko toy ny ondry ny olony.Toy ny ondry aman'osy masina, izay any Jerosalema amin'ny fotoam-pivavahana, dia toy izany no hahafenoan'ny tanànany efa lao amin'ny olona maro toy ny ondry aman'osy; ka dia ho fantatra fa Izaho no Jehovah."
mg_26,37,27,"Ary ny tabernakeliko ho eo aminy; ary Izaho ho Andriamaniny, ary izy ho oloko.","Ary ny tabernakeliko ho eo aminy; ary Izaho ho Andriamaniny, ary izy ho oloko.Ka dia ho fantatry ny jentilisa fa Izaho Jehovah no manamasina ny Isiraely amin'ny isian'ny fitoerako masina eo aminy mandrakizay."
mg_26,39,28,"dia ho fantany fa Izaho Jehovah no Andriamaniny amin'ny ampandehanako azy ho babo any amin'ny firenena sy amin'ny anangonako azy ho any amin'ny taniny, ka tsy hisy hafoiko any izy na dia iray akory aza.","dia ho fantany fa Izaho Jehovah no Andriamaniny amin'ny ampandehanako azy ho babo any amin'ny firenena sy amin'ny anangonako azy ho any amin'ny taniny, ka tsy hisy hafoiko any izy na dia iray akory aza.Ary tsy hafeniko aminy intsony ny tavako; fa haidiko ao amin'ny taranak'Isiraely ny Fanahiko, hoy Jehovah Tompo."
mg_26,40,48,"Ary nentiny ho any amin'ny lavarangan'ny trano aho, dia norefesiny ny tongo-batony amin'ny lavarangana fidirana, ka dimy hakiho ny tamin'ny lafiny iray, ary dimy hakiho koa ny tamin'ny lafiny iray, ary ny sakan'ny vavahady dia telo hakiho ny tamin'ny lafiny iray, ary telo hakiho koa ny tamin'ny lafiny iray.","Ary nentiny ho any amin'ny lavarangan'ny trano aho, dia norefesiny ny tongo-batony amin'ny lavarangana fidirana, ka dimy hakiho ny tamin'ny lafiny iray, ary dimy hakiho koa ny tamin'ny lafiny iray, ary ny sakan'ny vavahady dia telo hakiho ny tamin'ny lafiny iray, ary telo hakiho koa ny tamin'ny lafiny iray.Roa-polo hakiho ny lavan'ny lavarangana fidirana, ary iraika ambin'ny folo hakiho ny satany; ary ambaratonga no fiakarana ao; ary nisy tongo-bato teo anilan'ny tolana, iray tamin'ny lafiny iray, ary iray tamin'ny lafiny iray koa."
mg_26,42,19,Nitodika nankany amin'ny lafiny andrefana izy ka nandrefy indiman-jaton'ny volotara tamin'ny volotara fandrefesana.,"Nitodika nankany amin'ny lafiny andrefana izy ka nandrefy indiman-jaton'ny volotara tamin'ny volotara fandrefesana.Norefesiny avokoa ny lafiny efatra. Nisy ampiantany manodidina, indiman-jaton'ny volotara ny lavany, ary indiman-jatony koa ny sakany, hampiavaka ny masina sy ny tsy masina."
mg_26,44,30,"Ary ny santatry ny voaloham-bokatra rehetra avy amin'ny zavatra rehetra sy ny fanatitra rehetra izay alaina amin'ny zavatra atao fanatitra dia ho an'ny mpisorona; ary ny santatry ny kobanareo voafetafeta dia homenareo ny mpisorona koa, mba hampitoerana fitahiana ao an-tranonao.","Ary ny santatry ny voaloham-bokatra rehetra avy amin'ny zavatra rehetra sy ny fanatitra rehetra izay alaina amin'ny zavatra atao fanatitra dia ho an'ny mpisorona; ary ny santatry ny kobanareo voafetafeta dia homenareo ny mpisorona koa, mba hampitoerana fitahiana ao an-tranonao.Ny zavatra maty ho azy sy izay noviraviraim-biby, na vorona na biby dia samy tsy hohanin'ny mpisorona."
mg_26,45,24,"Ary hanatitra ny fanatitra hohanina koa izy, dia iray efaha isam-bantotr'ombilahy sy iray efaha isan-ondrilahy, ary diloilo eran'ny hina isan-efaha.","Ary hanatitra ny fanatitra hohanina koa izy, dia iray efaha isam-bantotr'ombilahy sy iray efaha isan-ondrilahy, ary diloilo eran'ny hina isan-efaha.Amin'ny andro fahadimy ambin'ny folo amin'ny volana fahafito, amin'ny andro firavoravoana, dia hanatitra tahaka izany koa hafitoana izy, na ny fanatitra noho ny ota, na ny fanatitra dorana, na ny fanatitra hohanina, na ny diloilo."
mg_26,46,23,"Ary nisy rafitra teo anatiny manodidina azy, dia manodidina ireo efatra ireo, izay nisy fahandroana ambanin'izany rafitra manodidina izany.","Ary nisy rafitra teo anatiny manodidina azy, dia manodidina ireo efatra ireo, izay nisy fahandroana ambanin'izany rafitra manodidina izany.Dia hoy izy tamiko: Ireto no tranon'ny mpahandro, izay fahandroan'ny mpanao fanompoam-pivavahana eto an-trano ny fanatitra halatsa-drà aterin'ny olona."
mg_26,47,22,"Ary amin'ny filokana no hizaranareo azy ho lovanareo sy ny vahiny monina ao aminareo, izay miteraka ao aminareo; ka izy dia hataonareo ho tahaka ny tena zanak'Isiraely; hiara-manao filokana aminareo hiara-mandova amin'ny firenen'Isiraely izy.","Ary amin'ny filokana no hizaranareo azy ho lovanareo sy ny vahiny monina ao aminareo, izay miteraka ao aminareo; ka izy dia hataonareo ho tahaka ny tena zanak'Isiraely; hiara-manao filokana aminareo hiara-mandova amin'ny firenen'Isiraely izy.Ary amin'izay firenena hitoeran'ny vahiny dia ao no hanomezanareo azy ny lovany, hoy Jehovah Tompo."
mg_26,48,34,"Ary amin'ny andrefana dimanjato amby efatra arivo sy vavahady telo, dia vavahadin'i Gada ny iray, vavahadin'i Asera ny iray, vavahadin'i Naftaly ny iray.","Ary amin'ny andrefana dimanjato amby efatra arivo sy vavahady telo, dia vavahadin'i Gada ny iray, vavahadin'i Asera ny iray, vavahadin'i Naftaly ny iray.Valo arivo amby iray alina ny manodidina. Ary ny anaran'ny tanàna hatramin'izay andro izay dia Jehovah no ao."
mg_27,1,20,"Ary ny amin'ny fahendrena sy ny fahalalana rehetra izay nanontanian'ny mpanjaka azy, dia hitany fa nanan-tombo im-polo heny noho ny ombiasy rehetra sy ny mpisikidy izay teo amin'ny fanjakany rehetra aza izy.","Ary ny amin'ny fahendrena sy ny fahalalana rehetra izay nanontanian'ny mpanjaka azy, dia hitany fa nanan-tombo im-polo heny noho ny ombiasy rehetra sy ny mpisikidy izay teo amin'ny fanjakany rehetra aza izy.Ary Daniela nahatratra ny taona voalohany nanjakan'i Kyrosy mpanjaka."
mg_27,2,48,"Ary tamin'izany ny mpanjaka dia nanandratra an'i Daniela ho lehibe, ka nanome azy zavatra maro sady lehibe ary nanendry azy ho mpanapaka any Babylona sy ny fehiny rehetra, sy ho lehiben'ny mpanapaka ny olon-kendrin'i Babylona rehetra.","Ary tamin'izany ny mpanjaka dia nanandratra an'i Daniela ho lehibe, ka nanome azy zavatra maro sady lehibe ary nanendry azy ho mpanapaka any Babylona sy ny fehiny rehetra, sy ho lehiben'ny mpanapaka ny olon-kendrin'i Babylona rehetra.Ary Daniela nangataka tamin'ny mpanjaka, ary izy nanendry an'i Sadraka sy Mesaka ary Abednego ho tonian'ny raharahan'i Babylona sy ny fehiny; ary Daniela dia teo am-bavahadin'ny mpanjaka."
mg_27,3,32,Sitrako ny hanambara ny famantarana sy ny fahagagana izay nataon'Andriamanitra Avo Indrindra tamiko.,"Sitrako ny hanambara ny famantarana sy ny fahagagana izay nataon'Andriamanitra Avo Indrindra tamiko.Akory ny halehiben'ny famantarany! Ny fanjakany dia fanjakana mandrakizay, ary ny fanapahany dia hahatratra ny taranaka fara mandimby."
mg_27,4,33,"Tamin'izay dia nody tamiko ny saiko, ary nody tamiko koa ny fahalehibiazako sy ny voninahitro ho tabihan'ny fanjakako, ary ny mpanolotsaiko sy ny andriandahiko nikatsaka ahy, ka nampitoerina teo amin'ny fanjakako aho, sady nanampy ho ahy ny fahalehibiazana malaza.","Tamin'izay dia nody tamiko ny saiko, ary nody tamiko koa ny fahalehibiazako sy ny voninahitro ho tabihan'ny fanjakako, ary ny mpanolotsaiko sy ny andriandahiko nikatsaka ahy, ka nampitoerina teo amin'ny fanjakako aho, sady nanampy ho ahy ny fahalehibiazana malaza.Koa amin'izany, izaho Nebokadnezara midera sy manandratra ary mankalaza ny Mpanjakan'ny lanitra; marina avokoa ny asany rehetra, ary araka ny rariny ny lalany; ary izay mandeha amin'ny fiavonavonana dia hainy aetry."
mg_27,5,29,"Ary Belsazara dia nanome teny, ka dia nampiakanjoina volomparasy Daniela, sady nasiana rojo volamena ny vozony, ary nisy niantso azy ho isan'ny mpanapaka telo lahy amin'ny fanjakana.","Ary Belsazara dia nanome teny, ka dia nampiakanjoina volomparasy Daniela, sady nasiana rojo volamena ny vozony, ary nisy niantso azy ho isan'ny mpanapaka telo lahy amin'ny fanjakana.Ary tamin'io alina io ihany dia novonoina Belsazara, mpanjakan'ny Kaldeana."
mg_27,6,28,"Izy no mamonjy sy manafaka ary manao famantarana sy fahagagana any an-danitra sy ety an-tany, ary Izy no namonjy an'i Daniela ho afaka tamin'ny herin'ny liona.","Izy no mamonjy sy manafaka ary manao famantarana sy fahagagana any an-danitra sy etỳ an-tany, ary Izy no namonjy an'i Daniela ho afaka tamin'ny herin'ny liona.Ary izany Daniela izany dia nambinina tamin'ny nanjakan'i Dariosa sy tamin'ny nanjakan'i Kyrosy Persiana."
mg_27,7,27,"Ary ny fanjakana sy ny fanapahana ary ny fahalehibiazan'ny fanjakana eny ambanin'ny lanitra rehetra dia homena ny olo-masin'ny Avo Indrindra; ny fanjakany dia fanjakana mandrakizay, ary ny fanapahana rehetra dia hanompo sy hanoa Azy.","Ary ny fanjakana sy ny fanapahana ary ny fahalehibiazan'ny fanjakana eny ambanin'ny lanitra rehetra dia homena ny olo-masin'ny Avo Indrindra; ny fanjakany dia fanjakana mandrakizay, ary ny fanapahana rehetra dia hanompo sy hanoa Azy.Hatramin'izao no faran'izany zavatra izany. Ny amiko, izaho Daniela, dia naharaiki-tahotra ahy indrindra ny eritreritro, ka nivaloarika ny tarehiko, nefa notehiriziko tao am-poko ihany izany zavatra izany."
mg_27,8,26,"Ary dia marina ny amin'ireo andro voalaza ireo, nefa ahorony ny fahitana, fa mbola ho andro maro izany.","Ary dia marina ny amin'ireo andro voalaza ireo, nefa ahorony ny fahitana, fa mbola ho andro maro izany.Ary izaho Daniela dia torana ka nandraiky narary andro vitsivitsy; ary nony afaka izany dia nitsangana aho ka nanao ny raharahan'ny mpanjaka; ary ka aho ny amin'ny fahitana, nefa tsy nisy nahafantatra izany."
mg_27,10,20,"Dia hoy izy: Moa fantatrao va ny nihaviako aty aminao? Ankehitriny dia hiverina hiady amin'ny andrianan'i Persia aho, ary rehefa mivoaka aho, dia, indro, ho avy ny andrianan'i Grisia.","Dia hoy izy: Moa fantatrao va ny nihaviako atỳ aminao? Ankehitriny dia hiverina hiady amin'ny andrianan'i Persia aho, ary rehefa mivoaka aho, dia, indro, ho avy ny andrianan'i Grisia.Fa hambarako aminao izay voasoratra ao amin'ny soratra marina; nefa tsy misy miara-misikina amiko hanohitra ireo, afa-tsy Mikaela andriananareo."
mg_27,11,44,"Fa hisy siosion-teny avy any atsinanana sy avy any avaratra haharaiki-tahotra azy, ka dia hivoaka amin'ny fahatezerana be izy handrava sy handringana maro.","Fa hisy siosion-teny avy any atsinanana sy avy any avaratra haharaiki-tahotra azy, ka dia hivoaka amin'ny fahatezerana be izy handrava sy handringana maro.Ary haoriny eo anelanelan'ny ranomasina sy ny tendrombohitra masina mahafinaritra ny trano-lainy izay lapany; nefa ho tonga ao amin'ny hiafarany ihany izy, ka tsy hisy hamonjy azy."
mg_27,12,12,Sambatra izay miandry sy mahatratra ny andro dimy amby telo-polo amby telon-jato sy arivo.,Sambatra izay miandry sy mahatratra ny andro dimy amby telo-polo amby telon-jato sy arivo.Fa mandehana ianao mandra-pihavin'ny farany; fa hitsahatra ianao ka hitsangana ho ao amin'ny anjaranao amin'ny andro farany.
mg_28,2,24,"Ary ny tany kosa hihaino ny vary sy ny ranom-boaloboka ary ny diloilo; Ary ireo kosa dia hihaino an'i Jezirela,","Ary ny tany kosa hihaino ny vary sy ny ranom-boaloboka ary ny diloilo; Ary ireo kosa dia hihaino an'i Jezirela,Dia hafafiko ho Ahy amin'ny tany izy; Ary hamindra fo amin'i Lò-rohama Aho sady hanao amin'i Lò-amy hoe: Oloko ianao; Ary izy kosa hanao hoe: Andriamanitro Hianao.<n>[Izahao i. 6]</n>"
mg_28,3,4,"Fa andro maro no hitoeran'ny Zanak'Isiraely tsy hanana mpanjaka, na mpanapaka, na fanatitra, na tsangam-bato, na efoda, na terafima.","Fa andro maro no hitoeran'ny Zanak'Isiraely tsy hanana mpanjaka, na mpanapaka, na fanatitra, na tsangam-bato, na efoda, na terafima.Rehefa afaka izany, dia hiverina ny Zanak'Isiraely ka hitady an'i Jehovah Andriamaniny sy Davida mpanjakany; ary nandeha amin-kovitra hanatona an'i Jehovah sy ny fahasoavany izy, raha mby any amparany."
mg_28,5,14,"Fa amin'i Efraima dia tahaka ny liona Aho, ary amin'ny taranak'i Joda dia tahaka ny liona tanora: Izaho dia Izaho no mamiravira, dia lasa mandeha; Mahalasa Aho, ka tsy misy mahavonjy.","Fa amin'i Efraima dia tahaka ny liona Aho, ary amin'ny taranak'i Joda dia tahaka ny liona tanora: Izaho dia Izaho no mamiravira, dia lasa mandeha; Mahalasa Aho, ka tsy misy mahavonjy.Handeha hody any amin'ny fitoerako Aho ambara-piaikiny ny helony sy hitadiavany ny tavako. Rehefa azom-pahoriana izy, dia hitady Ahy fatratra."
mg_28,6,10,"Tao amin'ny taranak'Isiraely no nahitako zavatra mahatsiravina: ao ny fijangajangan'i Efraima, voaloto Isiraely.","Tao amin'ny taranak'Isiraely no nahitako zavatra mahatsiravina: ao ny fijangajangan'i Efraima, voaloto Isiraely.Ny aminao, ry Joda, dia voatendry koa ny andro hijinjana anao, rehefa ampodiko avy amin'ny fahababoana ny oloko."
mg_28,7,15,"Ary Izaho no nampianatra sy nanatanjaka ny sandriny, nefa izy kosa dia misaintsain-dratsy Ahy,","Ary Izaho no nampianatra sy nanatanjaka ny sandriny, nefa izy kosa dia misaintsain-dratsy Ahy,Miverina ihany izy, nefa tsy ho amin'ny Avo; Tonga tahaka ny tsipìka manjiona izy; Ho lavon-tsabatra ny mpanapaka azy noho ny firehitry ny lelany; Izany no ho latsany any amin'ny tany Egypta."
mg_28,8,13,"Mamono zavatra hatao fanatitra ho Ahy izy, eny, mihinana ny henan'izany, nefa tsy sitrak'i Jehovah izany; Ankehitriny dia hotsarovany ny fahotany, ary hovaliany ny helony; Eny, izy ireny dia hiverina ho any Egypta.","Mamono zavatra hatao fanatitra ho Ahy izy, eny, mihinana ny henan'izany, nefa tsy sitrak'i Jehovah izany; Ankehitriny dia hotsarovany ny fahotany, ary hovaliany ny helony; Eny, izy ireny dia hiverina ho any Egypta.Efa nanadino ny Mpanao azy Isiraely ka nanorina trano vaventy, ary Joda nanamaro tanàna mimanda; Fa haterako afo ao an-tanànany, ka holevonin'izany ny trano vaventiny."
mg_28,9,16,"Voaratra Efraima, maina ny fakany, ka tsy hamoa izy; Eny, na dia miteraka aza izy, dia hovonoiko ny zanany mahafinaritra azy.","Voaratra Efraima, maina ny fakany, ka tsy hamoa izy; Eny, na dia miteraka aza izy, dia hovonoiko ny zanany mahafinaritra azy.Harian'Andriamanitro izy, satria tsy nihaino Azy; Ka dia ho tonga mpirenireny any amin'ny jentilisa izy."
mg_28,11,10,"Harahin'ireny Jehovah, hierona toy ny liona Izy; Eny, Izy no hierona, dia hanatona amin-kovitra avy any andrefana ny zanaka.","Harahin'ireny Jehovah, hierona toy ny liona Izy; Eny, Izy no hierona, dia hanatona amin-kovitra avy any andrefana ny zanaka.Hanatona amin-kovitra avy any Egypta toy ny voronkely izy, ary avy any amin'ny tany Asyria toy ny voromailala; Ka dia hampitoeriko ao an-tranony izy, hoy Jehovah."
mg_28,12,14,"Mpaminany no nentin'i Jehovah nitondra ny Isiraely nivoaka avy tany Egypta, ary mpaminany koa no nentina niahy azy","Mpaminany no nentin'i Jehovah nitondra ny Isiraely nivoaka avy tany Egypta, ary mpaminany koa no nentina niahy azyNanao izay nahatezitra indrindra Efraima, ka dia havelan'ny Tompony ho eo aminy ny ràny, ary hatsingeriny aminy ny vava ratsy nataony."
mg_29,2,26,"Ary hihinana ianareo ka ho voky dia hidera ny anaran'i Jehovah Andriamanitrareo, fa mahagaga ny fitondrany anareo; Ary tsy ho menatra mandrakizay oloko.","Ary hihinana ianareo ka ho voky dia hidera ny anaran'i Jehovah Andriamanitrareo, fa mahagaga ny fitondrany anareo; Ary tsy ho menatra mandrakizay oloko.Dia ho fantatrareo fa ao afovoan'Isiraely Aho, ary Izaho no Jehovah Andriamanitrareo, fa tsy misy hafa; Ary tsy ho menatra mandrakizay ny oloko."
mg_29,3,4,"Ny masoandro hampodina ho aizina, ary ny volana ho rà, alohan'ny hahatongavan'ny andron'i Jehovah, izay sady lehibe no mahatsiravina.","Ny masoandro hampodina ho aizina, ary ny volana ho rà, alohan'ny hahatongavan'ny andron'i Jehovah, izay sady lehibe no mahatsiravina.Ary na zovy na zovy no hiantso ny anaran'i Jehovah dia ho afa-mandositra; Fa ao an-tendrombohitra Ziona sy any Jerosalema dia hisy sisa afaka, araka izay efa voalazan'i Jehovah, ary izay antsoin'i Jehovah dia ho isan'izay afa-mandositra."
mg_29,4,20,"Fa Joda honenana mandrakizay, ary Jerosalema hatramin'ny taranaka fara mandimby.","Fa Joda honenana mandrakizay, ary Jerosalema hatramin'ny taranaka fara mandimby.Ary hamaly ny rà marina izay tsy mbola novaliako Aho; Fa Jehovah monina ao Ziona."
mg_3,1,16,"ary hesoriny ny takorobabony sy ny ao anatiny, ka hariany eo atsinanan'ny alitara, dia eo amin'ny fitoeran-davenona;","ary hesoriny ny takorobabony sy ny ao anatiny, ka hariany eo atsinanan'ny alitara, dia eo amin'ny fitoeran-davenona;ary hosamahany amin'ny elany no fameraka azy, fa tsy hohenteriny; ary ny mpisorona handoro azy ho fofona eo ambonin'ny alitara, ambonin'ny kitay izay eo amin'ny afo; fanatitra dorana izany, dia fanatitra atao amin'ny afo ho hanitra ankasitrahana ho an'i Jehovah."
mg_3,2,15,"Ary hasianao diloilo izy, sady hasianao ditin-kazo mani-pofona eo amboniny; dia fanatitra hohanina izany.","Ary hasianao diloilo izy, sady hasianao ditin-kazo mani-pofona eo amboniny; dia fanatitra hohanina izany.Ary hodoran'ny mpisorona ho fofona ny fanati-pahatsiarovana avy amin'ny langony sy avy amin'ny diloilony ary ny ditin-kazo mani-pofona rehetra; dia fanatitra atao amin'ny afo ho an'i Jehovah izany."
mg_3,3,16,Ary ny mpisorona handoro azy ho fofona eo ambonin'ny alitara; hanina avy amin'ny fanatitra atao amin'ny afo ho hanitra ankasitrahana izany; an'i Jehovah ny sabora rehetra.,Ary ny mpisorona handoro azy ho fofona eo ambonin'ny alitara; hanina avy amin'ny fanatitra atao amin'ny afo ho hanitra ankasitrahana izany; an'i Jehovah ny sabora rehetra.Izao no ho lalàna mandrakizay amin'ny taranakareo hatramin'ny fara mandimby eny amin'izay rehetra itoeranareo: tsy hihinana sabora na rà akory ianareo.
mg_3,4,34,"Ary hangalan'ny mpisorona amin'ny fanondrony ny ran'ny fanatitra noho ny ota ka hatentiny eo amin'ny tandroky ny alitara fandoroana ny fanatitra dorana, ary ny rà sisa rehetra dia haidiny eo am-bodin'ny alitara.","Ary hangalan'ny mpisorona amin'ny fanondrony ny ran'ny fanatitra noho ny ota ka hatentiny eo amin'ny tandroky ny alitara fandoroana ny fanatitra dorana, ary ny rà sisa rehetra dia haidiny eo am-bodin'ny alitara.Ary hesoriny avokoa ny saborany rehetra, tahaka ny fanesorana ny saboran'ny zanak'ondry izay natao fanati-pihavanana, ary ny mpisorona handoro azy ho fofona eo ambonin'ny alitara, ambonin'ny fanatitra atao amin'ny afo ho an'i Jehovah; ary ny mpisorona hanao fanavotana ho azy noho ny fahotany izay nataony, dia havela ny helony."
mg_3,5,25,"Ary ny fanati-panonerana ho entiny ho an'i Jehovah dia ondrilahy tsy misy kilema, araka ny anombananao azy, ho fanati-panonerana ho any amin'ny mpisorona.","Ary ny fanati-panonerana ho entiny ho an'i Jehovah dia ondrilahy tsy misy kilema, araka ny anombananao azy, ho fanati-panonerana ho any amin'ny mpisorona.Ary ny mpisorona hanao fanavotana ho azy eo anatrehan'i Jehovah, dia havela ny helony na inona na inona no fahadisoana nataony."
mg_3,6,22,Ny lehilahy rehetra amin'ny mpisorona no mahazo mihinana azy; masina dia masina izany.,"Ny lehilahy rehetra amin'ny mpisorona no mahazo mihinana azy; masina dia masina izany.Fa ny fanatitra noho ny ota izay angalan-drà ho entina ao amin'ny trano-lay fihaonana, hanaovana fanavotana ao amin'ny fitoerana masina, dia tsy hohanina; hodorana amin'ny afo izany."
mg_3,7,37,"Izany no lalàna ny amin'ny fanatitra dorana sy ny fanatitra hohanina sy ny fanatitra noho ny ota sy ny fanati-panonerana sy ny fanati-panokanana ary ny fanati-pihavanana,","Izany no lalàna ny amin'ny fanatitra dorana sy ny fanatitra hohanina sy ny fanatitra noho ny ota sy ny fanati-panonerana sy ny fanati-panokanana ary ny fanati-pihavanana,izay nandidian'i Jehovah an'i Mosesy tao amin'ny tendrombohitra Sinay, tamin'ny andro izay nandidiany ny Zanak'Isiraely hanatitra ny fanatiny ho an'i Jehovah, tany an-efitr'i Sinay."
mg_3,8,35,"Ary hitoetra eo anoloan'ny varavaran'ny trano-lay fihaonana hafitoana andro aman'alina ianareo ka hitandrina izay asain'i Jehovah hotandremana, dia tsy ho faty ianareo fa izany no nandidiana ahy.","Ary hitoetra eo anoloan'ny varavaran'ny trano-lay fihaonana hafitoana andro aman'alina ianareo ka hitandrina izay asain'i Jehovah hotandremana, dia tsy ho faty ianareo fa izany no nandidiana ahy.Dia nataon'i Arona sy ny zanany izay rehetra efa nandidian'i Jehovah ka nampilazainy an'i Mosesy."
mg_3,9,23,"Ary Mosesy sy Arona niditra tao amin'ny trano-lay fihaonana, dia nivoaka ka nitso-drano ny olona; ary ny voninahitr'i Jehovah niseho tamin'ny olona rehetra.","Ary Mosesy sy Arona niditra tao amin'ny trano-lay fihaonana, dia nivoaka ka nitso-drano ny olona; ary ny voninahitr'i Jehovah niseho tamin'ny olona rehetra.Ary nisy afo nivoaka avy teo anatrehan'i Jehovah ka nandevona ny fanatitra dorana sy ny saborany teo ambonin'ny alitara; ary nony hitan'ny olona rehetra izany, dia nihoby izy sady niankohoka."
mg_3,10,19,"Ary Arona niteny tamin'i Mosesy ka nanao hoe: Indro, androany no nanaterany ny fanatiny noho ny ota sy ny fanatitra dorany teo anatrehan'i Jehovah, ary efa azon'izao manjo izao aho; koa raha tàhiny nihinana ny fanatitra noho ny ota androany aho, moa ho tsara teo imason'i Jehovah va izany?","Ary Arona niteny tamin'i Mosesy ka nanao hoe: Indro, androany no nanaterany ny fanatiny noho ny ota sy ny fanatitra dorany teo anatrehan'i Jehovah, ary efa azon'izao manjo izao aho; koa raha tàhiny nihinana ny fanatitra noho ny ota androany aho, moa ho tsara teo imason'i Jehovah va izany?Ary raha ren'i Mosesy izany, dia nankasitrahany."
mg_3,11,46,"Izany no lalàna ny amin'ny biby sy ny vorona sy ny zava-manan'aina rehetra izay mihetsiketsika ao anaty rano ary ny zava-manan'aina rehetra izay mandady na mikisaka amin'ny tany,","Izany no lalàna ny amin'ny biby sy ny vorona sy ny zava-manan'aina rehetra izay mihetsiketsika ao anaty rano ary ny zava-manan'aina rehetra izay mandady na mikisaka amin'ny tany,mba hanavahana ny maloto sy ny madio, ary ny biby izay ho fihinana sy ny biby izay tsy ho fihinana."
mg_3,12,7,"Ary izy hanatitra izany eo anatrehan'i Jehovah ka hanao fanavotana ho an-dravehivavy, dia hadio tamin'ny fandehanan'ny ràny izy. Izany no lalàna ny amin'ny vehivavy tera-dahy na tera-bavy.","Ary izy hanatitra izany eo anatrehan'i Jehovah ka hanao fanavotana ho an-dravehivavy, dia hadio tamin'ny fandehanan'ny ràny izy. Izany no lalàna ny amin'ny vehivavy tera-dahy na tera-bavy.Ary raha tsy tratry ny ananany ny zanak'ondry, dia hitondra domohina roa na zana-boromailala roa izy, ny anankiray hatao fanatitra dorana, ary ny anankiray kosa hatao fanatitra noho ny ota; ary ny mpisorona hanao fanavotana ho an-dravehivavy, dia hadio izy."
mg_3,13,58,"Ary ny fitafiana, na izay ho an'ny tenany, na izay ho fahany, na izay zavatra natao tamin'ny hoditra, izay hosasanao, raha afaka taminy ny aretina, dia hosasana fanindroany izy ka hadio.","Ary ny fitafiana, na izay ho an'ny tenany, na izay ho fahany, na izay zavatra natao tamin'ny hoditra, izay hosasanao, raha afaka taminy ny aretina, dia hosasana fanindroany izy ka hadio.Izany no lalàna ny amin'ny habokana eo amin'ny fitafiana volon'ondry na rongony, na eo amin'izay ho tenany, na izay ho fahany, na eo amin'ny zavatra natao tamin'ny hoditra, hanaovana azy hoe madio, na hanaovana azy hoe maloto."
mg_3,14,56,"ary ny amin'ny mamontsina sy ny manako-pery ary ny mifaritra fotsy mangirana,","ary ny amin'ny mamontsina sy ny manako-pery ary ny mifaritra fotsy mangirana,hampianatra hahalalana ny andro hahadiovana sy ny andro hahalotoana. Izany no lalàna ny amin'ny habokana."
mg_3,15,32,"Izany no lalàna ny amin'ny marary mitsika, sy ny amin'izay ialan'ny azy, ka mahaloto azy izany,","Izany no lalàna ny amin'ny marary mitsika, sy ny amin'izay ialan'ny azy, ka mahaloto azy izany,ary ny amin'ny mararin'ny fadim-bolany, ary ny amin'ny marary mitsika, na lehilahy na vehivavy, ary ny amin'izay mandry amin'ny vehivavy maloto."
mg_3,16,33,Dia hanao fanavotana ho an'ny fitoerana masina izy sy ho an'ny trano-lay fihaonana sy ny alitara sy ny mpisorona ary ny olona rehetra amin'ny fiangonana.,"Dia hanao fanavotana ho an'ny fitoerana masina izy sy ho an'ny trano-lay fihaonana sy ny alitara sy ny mpisorona ary ny olona rehetra amin'ny fiangonana.Ary ho lalàna mandrakizay ho anareo izany, hanaovana fanavotana ho an'ny Zanak'Isiraely indray mandeha isan-taona hahafahany amin'ny fahotany rehetra. Dia nataon'i Arona araka izay efa nandidian'i Jehovah an'i Mosesy."
mg_3,17,15,"Ary ny olona rehetra, na tompon-tany, na vahiny, izay mihinana izay maty ho azy, na izay noviraviraim-biby, dia hanasa fitafiana sy handro amin'ny rano, ary haloto mandra-paharivan'ny andro izy, vao hadio.","Ary ny olona rehetra, na tompon-tany, na vahiny, izay mihinana izay maty ho azy, na izay noviraviraim-biby, dia hanasa fitafiana sy handro amin'ny rano, ary haloto mandra-paharivan'ny andro izy, vao hadio.Fa raha tsy manasa fitafiana sy mandro izy, dia ho meloka."
mg_3,18,29,Fa izay rehetra manao izany fahavetavetana izany na dia iray aza dia hofongorana tsy ho amin'ny fireneny.,"Fa izay rehetra manao izany fahavetavetana izany na dia iray aza dia hofongorana tsy ho amin'ny fireneny.Koa dia tandremo izay asaiko tandremana, mba tsy hisy hataonareo akory izany fanao vetaveta izany, izay nataon'ny olona talohanareo, ka aza mandoto ny tenanareo amin'izany: Izaho no Jehovah Andriamanitrareo."
mg_3,19,36,"Mizana marina, vato marina, efaha marina, hina marina, no hotananareo: Izaho no Jehovah Andriamanitrareo, Izay nitondra anareo nivoaka avy tany amin'ny tany Egypta.","Mizana marina, vato marina, efaha marina, hina marina, no hotananareo: Izaho no Jehovah Andriamanitrareo, Izay nitondra anareo nivoaka avy tany amin'ny tany Egypta.Ary tandremo ny didiko rehetra sy ny fitsipiko rehetra, ka araho izany: Izaho no Jehovah."
mg_3,20,26,"Ary aoka ho masina ho Ahy ianareo, satria masina Aho Jehovah; ary efa navahako tamin'ny firenena samy hafa ianareo mba ho Ahy.","Ary aoka ho masina ho Ahy ianareo, satria masina Aho Jehovah; ary efa navahako tamin'ny firenena samy hafa ianareo mba ho Ahy.Ary na lehilahy na vehivavy izay manao azy ho tsindrian-javatra na izay mpanao hatsarana dia hatao maty tokoa: hitora-bato azy ny olona; ny ràny dia ho aminy ihany."
mg_3,21,23,"kanefa tsy mahazo miditra ao anatin'ny efitra lamba na manakaiky ny alitara izy, satria misy kilema, mba tsy handoto ny fitoerako masina izy, fa Izaho Jehovah no manamasina azy.","kanefa tsy mahazo miditra ao anatin'ny efitra lamba na manakaiky ny alitara izy, satria misy kilema, mba tsy handoto ny fitoerako masina izy, fa Izaho Jehovah no manamasina azy.Ary Mosesy dia nilaza izany tamin'i Arona sy ny zanany ary ny Zanak'Isiraely rehetra."
mg_3,22,32,"Ary aza manamavo ny anarako masina; fa hohamasinina eo amin'ny Zanak'Isiraely Aho: Izaho Jehovah,","Ary aza manamavo ny anarako masina; fa hohamasinina eo amin'ny Zanak'Isiraely Aho: Izaho Jehovah,Izay nitondra anareo nivoaka avy tany amin'ny tany Egypta mba ho Andriamanitrareo, no manamasina anareo; Izaho no Jehovah."
mg_3,23,43,"mba ho fantatry ny taranakareo fa nampilasy ny Zanak'Isiraely tao amin'ny trano rantsan-kazo Aho, raha nitondra azy nivoaka avy tany amin'ny tany Egypta: Izaho no Jehovah Andriamanitrareo.","mba ho fantatry ny taranakareo fa nampilasy ny Zanak'Isiraely tao amin'ny trano rantsan-kazo Aho, raha nitondra azy nivoaka avy tany amin'ny tany Egypta: Izaho no Jehovah Andriamanitrareo.Ary Mosesy dia nilaza tamin'ny Zanak'Isiraely ny fotoam-pivavahana voatendrin'i Jehovah."
mg_3,24,22,"Fitsipika iray no hitondrana anareo, na vahiny na tompon-tany; fa Izaho no Jehovah Andriamanitrareo.","Fitsipika iray no hitondrana anareo, na vahiny na tompon-tany; fa Izaho no Jehovah Andriamanitrareo.Ary Mosesy niteny tamin'ny Zanak'Isiraely, dia navoakany teny ivelan'ny toby ilay nanozona ka notorahany vato. Ary ny Zanak'Isiraely dia nanao araka izay efa nandidian'i Jehovah an'i Mosesy."
mg_3,25,54,"Ary raha tsy voavotra amin'izay izy, dia ho afaka amin'ny taona Jobily izy sy ny zanany koa.","Ary raha tsy voavotra amin'izay izy, dia ho afaka amin'ny taona Jobily izy sy ny zanany koa.Fa mpanompoko ny Zanak'Isiraely, dia mpanompoko izay nentiko nivoaka avy tany amin'ny tany Egypta: Izaho no Jehovah Andriamanitrareo."
mg_3,26,45,"Fa ny hitahiako azy no hahatsiarovako ny fanekena tamin'ny razany, izay nentiko nivoaka avy tany amin'ny tany Egypta teo Imason'ny jentilisa, mba ho Andriamaniny Aho: Izaho no Jehovah.","Fa ny hitahiako azy no hahatsiarovako ny fanekena tamin'ny razany, izay nentiko nivoaka avy tany amin'ny tany Egypta teo Imason'ny jentilisa, mba ho Andriamaniny Aho: Izaho no Jehovah.lreo no didy sy fitsipika ary lalàna izay nataon'i Jehovah ho aminy sy amin'ny Zanak Isiraely, teo an-tendrombohitra Sinay ka nampilazainy an'i Mosesy."
mg_3,27,33,"Tsy hizaha ny tsara na ny ratsy izy, ary tsy hanakalo azy; ary raha misy takalozany, dia samy ho masina avokoa izy sy ny takalony ka tsy havotana.","Tsy hizaha ny tsara na ny ratsy izy, ary tsy hanakalo azy; ary raha misy takalozany, dia samy ho masina avokoa izy sy ny takalony ka tsy havotana.Ireo no didy izay nandidian'i Jehovah an'i Mosesy ho amin'ny Zanak'Isiraely teo an-tendrombohitra Sinay."
mg_30,1,14,"Fa hampirehitra afo ao amin'ny mandan'i Raba Aho, ka handevona ny tranobeny izany, sady hisy akora amin'ny andro iadiana sy rivo-mahery amin'ny andron'ny tadio;","Fa hampirehitra afo ao amin'ny mandan'i Raba Aho, ka handevona ny tranobeny izany, sady hisy akora amin'ny andro iadiana sy rivo-mahery amin'ny andron'ny tadio;Dia ho lasan-ko babo ny mpanjakany mbamin'ireo mpanapaka rehetra ao aminy, hoy Jehovah."
mg_30,2,15,"Izay mitana tsipïka tsy hahajanona, ary ny faingan-tongotra tsy hahavonjy tena, izay mitaingin-tsoavaly tsy hahavonjy ny ainy;","Izay mitana tsipìka tsy hahajanona, ary ny faingan-tongotra tsy hahavonjy tena, izay mitaingin-tsoavaly tsy hahavonjy ny ainy;Ary na dia izay sahy ao amin'ny mahery aza dia handositra mitanjaka amin'izany andro izany, hoy Jehovah."
mg_30,3,14,Amin'ny andro hamaliako ny Isiraely noho ny fahotana ao aminy no hamaliako ny alitara ao Betela dia hokapaina ny tandroky ny alitara ka hianjera amin'ny tany.,"Amin'ny andro hamaliako ny Isiraely noho ny fahotana ao aminy no hamaliako ny alitara ao Betela dia hokapaina ny tandroky ny alitara ka hianjera amin'ny tany.Hamely ny trano ririnina sy ny trano fahavaratra Aho; Ary ho rava ny trano ivory, sady ho fongana ny trano maro, hoy Jehovah."
mg_30,6,13,Dia ianareo izay mifaly amin'ny zava-poana ka manao hoe: Moa tsy ny herinay va no ahazoanay tandroka ho anay?,"Dia ianareo izay mifaly amin'ny zava-poana ka manao hoe: Moa tsy ny herinay va no ahazoanay tandroka ho anay?Fa, indro, hanangana firenena hamely anareo Aho, ry taranak'Isiraely, hoy Jehovah, Andriamanitry ny maro, dia hampahory anareo hatrany akaikin'i Hamata izy ka hatramin'ny lohasahan-driaka any amin'ny tani-hay."
mg_30,8,13,"Amin'izany andro izany dia ho jemby noho ny hetaheta ny virijina tsara tarehy sy ny zatovolahy,","Amin'izany andro izany dia ho jemby noho ny hetaheta ny virijina tsara tarehy sy ny zatovolahy,Dia ireo izay mianiana amin'ny fahotan'i Samaria, ka manao hoe: velona koa ny andriamanitrao, ry Dana, ary raha velona koa ny fanaon'i Beri-sheba; eny, ho lavo izy ka tsy hiarina intsony."
mg_30,9,1,"Nahita ny Tompo nitsangana teo anilan'ny alitara aho, ka hoy Izy: Asio ny kapitaly hihetsiketsehan'ny tokonana, ary torotoroy hianjera amin'ny lohan'izy rehetra, ka izay sisa aminy dia hovonoiko amin'ny sabatra; Ary tsy hisy afa-mandositra izy, sady tsy hisy izay sisa ho afaka akory.","Nahita ny Tompo nitsangana teo anilan'ny alitara aho, ka hoy Izy: Asio ny kapitaly hihetsiketsehan'ny tokonana, ary torotoroy hianjera amin'ny lohan'izy rehetra, ka izay sisa aminy dia hovonoiko amin'ny sabatra; Ary tsy hisy afa-mandositra izy, sady tsy hisy izay sisa ho afaka akory. <n>[Na: ambonin']</n>"
mg_30,9,14,"Ary hampodiko ny Isiraely avy amin'ny fahababoana, dia hanangana ny tanàna efa rava izy ka honina ao, ary hanao tanim-boaloboka izy ka hisotro ny divay avy aminy; Hanao saha koa izy ka hihinana ny vokatra.","Ary hampodiko ny Isiraely avy amin'ny fahababoana, dia hanangana ny tanàna efa rava izy ka honina ao, ary hanao tanim-boaloboka izy ka hisotro ny divay avy aminy; Hanao saha koa izy ka hihinana ny vokatra.Eny, hamboleko ao amin'ny taniny izy, ka tsy hongotana amin'ny taniny izay nomeko azy intsony izy, Hoy Jehovah Andriamanitrao."
mg_32,1,15,Dia nobetain'izy ireo Jona ka natsipiny tany anatin'ny ranomasina; ary dia nitsahatra ny fisafoaky ny ranomasina.,Dia nobetain'izy ireo Jona ka natsipiny tany anatin'ny ranomasina; ary dia nitsahatra ny fisafoaky ny ranomasina.Dia natahotra an'i Jehovah indrindra ireo olona ireo ka namono zavatra hatao fanatitra ho an'i Jehovah sady nivoady.
mg_32,2,10,"Fa izaho, dia feo midera no entiko mamono zavatra hatao fanatitra ho Anao, Ary izay nivoadiako dia hefaiko; An'i Jehovah ny famonjena.","Fa izaho, dia feo midera no entiko mamono zavatra hatao fanatitra ho Anao, Ary izay nivoadiako dia hefaiko; An'i Jehovah ny famonjena.Ary Jehovah nandidy ilay hazandrano, ka dia naloany ho eny amin'ny tany maina Jona."
mg_32,3,9,"Fa angamba hiverina ihany Andriamanitra ka hanenina ary hiala amin'ny fahatezerany mirehitra, mba tsy ho lany ritra isika?","Fa angamba hiverina ihany Andriamanitra ka hanenina ary hiala amin'ny fahatezerany mirehitra, mba tsy ho lany ritra isika?Ary rehefa hitan'Andriamanitra ny nataon'ireo ny amin'ny nialany tamin'ny lalan-dratsiny, dia nanenina Izy ny amin'ny loza izay nolazainy hamelezany azy, ka tsy nataony izany."
mg_33,3,11,"Ny mpifehiny mitsara hahazoany kolikoly, Ary ny mpisorony mampianatra hahazoany karama, Ary ny mpaminany manao fankatovana hahazoany vola; Nefa Jehovah mbola iankinany ihany hoe: Tsy ato amintsika va Jehovah? Tsy hisy loza hanjo antsika.","Ny mpifehiny mitsara hahazoany kolikoly, Ary ny mpisorony mampianatra hahazoany karama, Ary ny mpaminany manao fankatovana hahazoany vola; Nefa Jehovah mbola iankinany ihany hoe: Tsy ato amintsika va Jehovah? Tsy hisy loza hanjo antsika.Koa dia hasaina toy ny tanimboly Ziona noho ny nataonareo, Ary Jerosalema ho tonga korontam-bato, Ary ny tendrombohitra misy ny trano dia ho tonga toy ny havoana mifono ala."
mg_33,7,19,"Hamindra fo amintsika indray Izy Ka hanitsakitsaka ny fahotantsika, Eny, harianao ho any amin'ny ranomasina lalina ny fahotany rehetra.","Hamindra fo amintsika indray Izy Ka hanitsakitsaka ny fahotantsika, Eny, harianao ho any amin'ny ranomasina lalina ny fahotany rehetra.Hanefa fahamarinana ho an'i Jakoba Hianao Sy famindram-po ho an'i Abrahama, Dia ilay nianiananao tamin'ny razanay hatramin'ny andro taloha ela."
mg_34,1,13,"Fa ankehitriny hotapahiko ny ziogany ho afaka aminao, Ary hotosako ny famatorana anao.","Fa ankehitriny hotapahiko ny ziogany ho afaka aminao, Ary hotosako ny famatorana anao.Ary Jehovah efa nandidy ny aminao hoe: Tsy ho velo-maso intsony ny anaranao; Hataoko tapaka tsy ho ao an-tranon'ny andriamanitrao ny sarin-javatra voasokitra sy ny sarin-javatra an-idina; Hanao ny fasana ho anjaranao Aho, satria hita fa latsa-danja ianao."
mg_34,2,13,Dia ilay liona namotipotika izay ampy ho an'ny zanany Ary nanenda ho an'ny liombaviny Sady nameno haza ny lavany Sy toha ny fonenany.,"Dia ilay liona namotipotika izay ampy ho an'ny zanany Ary nanenda ho an'ny liombaviny Sady nameno haza ny lavany Sy toha ny fonenany.Indro, hamely anao Aho, hoy Jehovah, Tompon'ny maro, Holevoniko ho setroka ny kalesinao Ary hovonoiko sabatra ny liona tanoranao; Hofonganako amin'ny tany ny hazanao; Ka tsy ho re intsony ny feon'ny irakao.<n>[Heb; kalesiny]</n>"
mg_34,3,18,"Rendrehana ny mpiandrinao, ry mpanjakan'i Asyria; Miampatrampatra ny lehilahy maherinao; Aely eny an-tendrombohitra ny olonao. Ka tsy misy mamory azy.","Rendrehana ny mpiandrinao, ry mpanjakan'i Asyria; Miampatrampatra ny lehilahy maherinao; Aely eny an-tendrombohitra ny olonao. Ka tsy misy mamory azy.Tsy mety mihena ny fangirifirianao, Tsy azo sitranina ny ferinao; Izay rehetra ilazana ny nanjo anao dia hiteha-tanana anao; Fa iza no tsy efa tratry ny fandozanao mandrakariva?"
mg_35,1,16,Koa izany no amonoany zavatra hatao fanatitra ho an'ny haratony sy andoroany ditin-kazo manitra ho an'ny harato tarihiny; Fa ireo no ahazoany hanina matsiro sy anjara matavy.,Koa izany no amonoany zavatra hatao fanatitra ho an'ny haratony sy andoroany ditin-kazo manitra ho an'ny harato tarihiny; Fa ireo no ahazoany hanina matsiro sy anjara matavy.Koa noho izany dia hanaisotra ny ao amin'ny tandrohony va izy Ary hamono firenena mandrakariva ka tsy hiantra?
mg_35,2,19,"Lozan'izay manao amin'ny hazo hoe: Mifohaza! Ary amin'ny vato moana hoe: Mitsangàna! Hampianatra va ireo ? He! voapetaka takela-bolamena sy volafotsy ihany izy, Nefa tsy misy fanahy akory ao anatiny.","Lozan'izay manao amin'ny hazo hoe: Mifohaza! Ary amin'ny vato moana hoe: Mitsangàna! Hampianatra va ireo ? He! voapetaka takela-bolamena sy volafotsy ihany izy, Nefa tsy misy fanahy akory ao anatiny.Jehovah dia ao amin'ny tempoliny masina; Mangina eo anatrehany, ry tany rehetra!"
mg_35,3,18,Nefa izaho dia mbola hifaly amin'i Jehovah ihany Sy hiravoravo amin'Andriamanitry ny famonjena ahy.,"Nefa izaho dia mbola hifaly amin'i Jehovah ihany Sy hiravoravo amin'Andriamanitry ny famonjena ahy.Jehovah Tompo no tanjako, Ary manao ny tongotro ho toy ny an'ny dieravavy Izy Ka mampandeha ahy any amin'ny havoanako. Ho an'ny mpiventy hira. Hampiarahina amin'ny valiha."
mg_36,1,17,"Ary hampahory ny olona Aho, Handehanany toy ny jamba, Satria efa nanota tamin'i Jehovah izy; Ny ràny dia haidina toy ny vovoka, Ary ny nofony ho toy ny zezika.","Ary hampahory ny olona Aho, Handehanany toy ny jamba, Satria efa nanota tamin'i Jehovah izy; Ny ràny dia haidina toy ny vovoka, Ary ny nofony ho toy ny zezika.Na ny volafotsiny na ny volamenany dia samy tsy hahavonjy azy amin'ny andro fahatezeran'i Jehovah, Fa holevonin'ny afon'ny fahasaro-piarony ny tany rehetra; Fa fahafonganana, eny, fahafonganana tampoka tokoa no hataony amin'ny mponina amin'ny tany. <n>[Na: mahatsiravina]</n>"
mg_36,2,14,"Ary hisy andiany handry ao aminy, Dia fivorian'ny karazam-biby samy hafa, Ny sama sy ny sokina hitoetra ao amin'ny kapitaliny; Feo mikiririoka no ho re ao am-baravarankely, Ary fandravana no ho eo an-tokonana, Fa hendahany ny rafitra sedera.","Ary hisy andiany handry ao aminy, Dia fivorian'ny karazam-biby samy hafa, Ny sama sy ny sokina hitoetra ao amin'ny kapitaliny; Feo mikiririoka no ho re ao am-baravarankely, Ary fandravana no ho eo an-tokonana, Fa hendahany ny rafitra sedera.Izany no tanàna niravoravo sady nandry fahizay, Izay nanao anakampo hoe: Izaho no izy, ary tsy misy hafa; Endrey! efa tonga lao izy, eny, fandrian'ny biby! Izay rehetra mandalo azy dia hisitrisitra sy hanondro tanana."
mg_37,1,14,"Dia notairin'i Jehovah ny fanahin'i Zerobabela, zanak'i Sealtiela, governora any Joda, sy ny fanahin'i Josoa, zanak'i Jozadaka mpisoronabe, sy ny fanahin'ny sisa rehetra amin'ny vahoaka; ary dia avy izy ka nandrafitra ny tranon'i Jehovah, Tompon'ny maro, Andriamaniny,","Dia notairin'i Jehovah ny fanahin'i Zerobabela, zanak'i Sealtiela, governora any Joda, sy ny fanahin'i Josoa, zanak'i Jozadaka mpisoronabe, sy ny fanahin'ny sisa rehetra amin'ny vahoaka; ary dia avy izy ka nandrafitra ny tranon'i Jehovah, Tompon'ny maro, Andriamaniny,tamin'ny andro fahefatra amby roa-polo tamin'ny volana fahenina tamin'ny taona faharoa nanjakan'i Dariosa."
mg_37,2,22,"dia hahohoko ny seza fiandrianan'ny fanjakana, ary hofoanako ny herin'ny fanjakan'ny firenena; ary hahohoko ny kalesiny sy ny mitaingina eo aminy; ary samy ho lavon'ny sabatry ny namany avy ny soavaly sy ny mpitaingina azy.","dia hahohoko ny seza fiandrianan'ny fanjakana, ary hofoanako ny herin'ny fanjakan'ny firenena; ary hahohoko ny kalesiny sy ny mitaingina eo aminy; ary samy ho lavon'ny sabatry ny namany avy ny soavaly sy ny mpitaingina azy.Amin'izany andro izany, hoy Jehovah, Tompon'ny maro, dia horaisiko ianao, ry Zerobabela mpanompoko, zanak'i Sealtiela, hoy Jehovah, ka hataoko toy ny fanombohan-kase ianao; fa efa nifidy anao Aho, hoy Jehovah, Tompon'ny maro."
mg_38,1,16,"Koa izao no lazain'i Jehovah: Efa tafaverina eto Jerosalema amin'ny indrafo Aho; ny tranoko haorina eto, hoy Jehovah, Tompon'ny maro, ary ny famolaina hohenjanina eto Jerosalema.","Koa izao no lazain'i Jehovah: Efa tafaverina eto Jerosalema amin'ny indrafo Aho; ny tranoko haorina eto, hoy Jehovah, Tompon'ny maro, ary ny famolaina hohenjanina eto Jerosalema.Miantsoa indray hoe: Izao no lazain'i Jehovah, Tompon'ny maro: Hihoa-pampana ny fanambinana ny tanànako; ary Jehovah hampionona an'i Ziona ary mbola hifidy an'i Jerosalema indray."
mg_38,2,16,Ary Jehovah hanana an'i Joda ho anjarany ao amin'ny tany masina ary mbola hifidy an'i Jerosalema indray.,"Ary Jehovah hanana an'i Joda ho anjarany ao amin'ny tany masina ary mbola hifidy an'i Jerosalema indray.Mangina eo anatrehan'i Jehovah, ry nofo rehetra! fa nifoha avy ao amin'ny fitoerany masina Izy."
mg_38,4,13,"Dia namaly izy hoe: Tsy fantatrao va ireo? Ary hoy izaho: Tsia, tompoko.","Dia namaly izy hoe: Tsy fantatrao va ireo? Ary hoy izaho: Tsia, tompoko.Dia hoy izy: Ireo no zana-diloilo roa, izay mitsangana eo anoloan'ny Tompon'ny tany rehetra."
mg_38,6,14,"Ary ny satro-boninahitra dia ho an'i Helema sy Tobia sy Jedaia ary Hena, zanak'i Zefania, ho fampahatsiarovana ao amin'ny tempolin'i Jehovah.","Ary ny satro-boninahitra dia ho an'i Helema sy Tobia sy Jedaia ary Hena, zanak'i Zefania, ho fampahatsiarovana ao amin'ny tempolin'i Jehovah.Ary izay lavitra dia ho avy ka hanao ao amin'ny tempolin'i Jehovah, ka dia ho fantatrareo fa Jehovah, Tompon'ny maro, no naniraka ahy ho aminareo. Dia ho tonga izany, raha hazoto hihaino ny feon'i Jehovah Andriamanitrareo ianareo."
mg_38,7,13,"Koa toy ny niantsoan'ireny, fa tsy nohenoiny, dia ho toy izany no hiantsoany kosa, fa tsy hohenoiko, hoy Jehovah, Tompon'ny maro;","Koa toy ny niantsoan'ireny, fa tsy nohenoiny, dia ho toy izany no hiantsoany kosa, fa tsy hohenoiko, hoy Jehovah, Tompon'ny maro;fa haeliko amin'ny tafio-drivotra ho any amin'ny firenena rehetra izay tsy fantany izy. Toy izany no nahalao ny tany tao aoriany, ka tsy nisy olona nandroso na niverina; fa nahatonga ny tany mahafinaritra ho tany lao izy."
mg_38,8,22,"Eny, ho avy ny olona maro sy ny firenena mahery mba hitady an'i Jehovah, Tompon'ny maro, any Jerosalema sy hifona amin'i Jehovah.","Eny, ho avy ny olona maro sy ny firenena mahery mba hitady an'i Jehovah, Tompon'ny maro, any Jerosalema sy hifona amin'i Jehovah.Izao no lazain'i Jehovah, Tompon'ny maro: Amin'izany andro izany dia hisy folo lahy avy amin'ny firenena samy hafa fiteny rehetra hihazona ny sisin-damban'ny Jiosy anankiray ka hanao hoe: Mba handeha hiaraka aminareo izahay; fa efa renay fa momba anareo Andriamanitra."
mg_38,9,16,Ary hovonjen'i Jehovah Andriamaniny ireny amin'izany andro izany Toy ny olona izay ondriny; Fa ho toy ny vaton-tsatro-boninahitra Mamirapiratra eny amin'ny taniny ireny.,"Ary hovonjen'i Jehovah Andriamaniny ireny amin'izany andro izany Toy ny olona izay ondriny; Fa ho toy ny vaton-tsatro-boninahitra Mamirapiratra eny amin'ny taniny ireny.Fa akory ny hasoany! ary akory ny hatsaran-tarehiny! Vary no hampaharoroka ny zatovo, Ary ranom-boaloboka kosa ny zazavavy. <n>[heb. hampitsimoka]</n>"
mg_38,10,11,"Dia hamaky ny ranomasim-pahoriana izy ka hamely ny onjan-dranomasina, Ho ritra ny rano lalin'i Neily rehetra, Haetry ny avonavon'i Asyria, Ary hiala ny tehina fanapahan'i Egypta.","Dia hamaky ny ranomasim-pahoriana izy ka hamely ny onjan-dranomasina, Ho ritra ny rano lalin'i Neily rehetra, Haetry ny avonavon'i Asyria, Ary hiala ny tehina fanapahan'i Egypta.Dia hampahereziko ao amin'i Jehovah izy, Ka ny anarany no handehanany, hoy Jehovah."
mg_38,12,13,"ny fianakavian'ny taranak'i Levy mitokana, ary ny vadin'ireo mitokana; ny fianakavian'i Simey mitokana, ary ny vadin'ireo mitokana;","ny fianakavian'ny taranak'i Levy mitokana, ary ny vadin'ireo mitokana; ny fianakavian'i Simey mitokana, ary ny vadin'ireo mitokana;ny fianakaviana sisa rehetra mitokana isam-pianakaviana, ary ny vadin'ireo mitokana."
mg_38,13,8,"Ary amin'ny tany rehetra, hoy Jehovah, ny androatokony dia haringana ho faty ao; fa ny ampahatelony sisa no havela ao kosa.","Ary amin'ny tany rehetra, hoy Jehovah, ny androatokony dia haringana ho faty ao; fa ny ampahatelony sisa no havela ao kosa.Ary ho entiko miditra amin'ny afo ny ampahatelony, ary harendrika toy ny fandrendrika volafotsy izy, ary hizahako toetra toy ny fizaha toetra ny volamena izy; hiantso ny anarako izy, ary Izaho hamaly azy; Izaho hanao hoe: Oloko izy ary izy hanao hoe: Jehovah no Andriamanitro."
mg_39,2,16,"Fa halako ny fisaoram-bady, hoy Jehovah, Andriamanitry ny Isiraely, sy ny fanosenana fampahoriana amin'ny fitafiany, hoy Jehovah, Tompon'ny maro; koa tandremo ny fanahinareo, ary aza mamitaka ianareo.","Fa halako ny fisaoram-bady, hoy Jehovah, Andriamanitry ny Isiraely, sy ny fanosenana fampahoriana amin'ny fitafiany, hoy Jehovah, Tompon'ny maro; koa tandremo ny fanahinareo, ary aza mamitaka ianareo.<n>[Ny amin'ny andron'i Jehovah]</n> Efa manasatra an'i Jehovah amin'ny teninareo ianareo. Nefa hoy ianareo: Amin'inona moa no anasaranay Azy ? Amin'ny fanaovanareo hoe: Izay rehetra manao ratsy dia tsara eo imason'i Jehovah ka ankasitrahany, na amin'ny hoe: Aiza Andriamanitry ny fitsarana ?"
mg_39,3,23,"Indro, Izaho haniraka an'i Elia mpaminany ho aminareo, dieny tsy mbola tonga ny andron'i Jehovah, ilay lehibe sady mahatahotra;","Indro, Izaho haniraka an'i Elia mpaminany ho aminareo, dieny tsy mbola tonga ny andron'i Jehovah, ilay lehibe sady mahatahotra;ary izay hampody ny fon'ny ray ho amin'ny zanaka, ary ny fon'ny zanaka ho amin'ny rainy, fandrao ho avy Aho hamely ny tany amin'ny fandringanana. <n>[Heb. herema]</n>"
mg_4,1,53,"Fa ny Levita kosa hitoby manodidina ny tabernakelin'ny Vavolombelona, mba tsy hisy fahatezerana hahatratra ny fiangonan'ny Zanak'Isiraely; ary ny Levita hitandrina ny anjara raharaha momba ny tabernakelin'ny Vavolombelona.","Fa ny Levita kosa hitoby manodidina ny tabernakelin'ny Vavolombelona, mba tsy hisy fahatezerana hahatratra ny fiangonan'ny Zanak'Isiraely; ary ny Levita hitandrina ny anjara raharaha momba ny tabernakelin'ny Vavolombelona.Dia nataon'ny Zanak'Isiraely izany; araka izay rehetra efa nandidian'i Jehovah an'i Mosesy no nataony."
mg_4,2,33,"Fa ny Levita dia tsy mba niaraka nalamina tamin'ny Zanak'Isiraely, araka izay efa nandidian'i Jehovah an'i Mosesy.","Fa ny Levita dia tsy mba niaraka nalamina tamin'ny Zanak'Isiraely, araka izay efa nandidian'i Jehovah an'i Mosesy.Ary ny Zanak'Isiraely dia nanao araka izay rehetra efa nandidian'i Jehovah an'i Mosesy ka nitoby araka ny fanevany avy, ary samy nandroso araka ny fokony avy sy ny fianakaviany avy izy."
mg_4,3,50,"tamin'ny lahimatoan'ny Zanak'Isiraely no nandraisany ny vola, dia sekely dimy amby enim-polo sy telon-jato sy arivo, araka ny sekely masina;","tamin'ny lahimatoan'ny Zanak'Isiraely no nandraisany ny vola, dia sekely dimy amby enim-polo sy telon-jato sy arivo, araka ny sekely masina;dia nomen'i Mosesy an'i Arona sy ny zanany izany vola avotra izany, araka ny tenin'i Jehovah, dia araka izay efa nandidian'i Jehovah an'i Mosesy."
mg_4,4,48,izay nalamina taminy dia valo-polo amby diman-jato sy valo arivo.,izay nalamina taminy dia valo-polo amby diman-jato sy valo arivo.Araka ny didin'i Jehovah izay nampitondrainy an'i Mosesy no nandaminany azy samy ho amin'ny fanompoany avy sy ny anjara-entany avy ary ny zavatra nalamina araka izay nandidian'i Jehovah an'i Mosesy.
mg_4,5,30,"na misy lehilahy azon'ny fiahiahiana ka miahiahy ny vadiny; dia hampitoetra ny vadiny eo anatrehan'i Jehovah izy, ary ny mpisorona hanefa izany lalàna rehetra izany aminy.","na misy lehilahy azon'ny fiahiahiana ka miahiahy ny vadiny; dia hampitoetra ny vadiny eo anatrehan'i Jehovah izy, ary ny mpisorona hanefa izany lalàna rehetra izany aminy.Dia tsy hanan-tsiny ralehilahy, fa ravehivavy kosa ho meloka."
mg_4,6,26,Hanandratra ny tavany aminao anie Jehovah ka hanome anao fiadanana.,Hanandratra ny tavany aminao anie Jehovah ka hanome anao fiadanana.Dia hametraka ny anarako amin'ny Zanak'Isiraely izy; ary Izaho hitahy azy.
mg_4,7,88,"Ary ny isan'ny biby rehetra izay natao fanati-pihavanana dia vantotr'ombilahy efatra amby roa-polo, ondrilahy enim-polo, osilahy enim-polo, zanak'ondry enim-polo, izay samy iray taona. Izany no nateriny ho amin'ny fitokanana ny alitara, rehefa voahosotra izy.","Ary ny isan'ny biby rehetra izay natao fanati-pihavanana dia vantotr'ombilahy efatra amby roa-polo, ondrilahy enim-polo, osilahy enim-polo, zanak'ondry enim-polo, izay samy iray taona. Izany no nateriny ho amin'ny fitokanana ny alitara, rehefa voahosotra izy.Ary rehefa niditra tao amin'ny trano-lay fihaonana Mosesy mba hiteny amin'Andriamanitra, dia nandre ny feo miresaka aminy izy avy tao amin'ny rakotra fanaovam-panavotana izay teo ambonin'ny fiaran'ny Vavolombelona, avy eo anelanelan'ny kerobima roa; dia niteny taminy Jehovah."
mg_4,8,25,"fa rehefa dimam-polo taona kosa izy, dia hiala amin'ny antokon'ny fanompoana ka tsy hanompo intsony;","fa rehefa dimam-polo taona kosa izy, dia hiala amin'ny antokon'ny fanompoana ka tsy hanompo intsony;kanefa mahazo manampy ny rahalahiny ao amin'ny trano-lay fihaonana ihany izy mba hitandrina izay anjara-raharaha; fa tsy hanao fanompoana hafa izy. Izany no hataonao amin'ny Levita ny amin'ny anjara-raharahany."
mg_4,9,22,"Ary na indroa andro, na iray volana, na ela aza, no nijanonan'ny rahona teo ambonin'ny tabernakely dia mbola nitoby ihany ny Zanak'Isiraely, fa tsy niainga; fa raha niakatra kosa ny rahona, dia niainga izy.","Ary na indroa andro, na iray volana, na ela aza, no nijanonan'ny rahona teo ambonin'ny tabernakely dia mbola nitoby ihany ny Zanak'Isiraely, fa tsy niainga; fa raha niakatra kosa ny rahona, dia niainga izy.Araka ny didin'i Jehovah no nitobiany, ary araka ny didin'i Jehovah no niaingany; nitandrina izay nasain'i Jehovah notandremany izy, araka ny tenin'i Jehovah izay nampitondrainy an'i Mosesy."
mg_4,10,35,"Ary raha niainga ny fiara, dia hoy Mosesy: Mitsangàna, Jehovah o, ka aoka hiely ny fahavalonao; ary aoka handositra ny tavanao izay mankahala Anao.","Ary raha niainga ny fiara, dia hoy Mosesy: Mitsangàna, Jehovah ô, ka aoka hiely ny fahavalonao; ary aoka handositra ny tavanao izay mankahala Anao.Ary raha nijanona kosa ny fiara, dia hoy izy: Miverena, Jehovah ô, ho amin'ny Isiraely tsy omby alinalina."
mg_4,11,34,"Ary ny anaran'izany tany izany nataony hoe: Kibrota-hatava, satria teo no nandevenana ny olona izay liana.","Ary ny anaran'izany tany izany nataony hoe: Kibrota-hatava, satria teo no nandevenana ny olona izay liana.Ary niala tao Kibrota-hatava ny olona ka nifindra nankany Hazerota; dia nitoetra tany Hazerota izy."
mg_4,12,15,"Dia natokana tany ivelan'ny toby hafitoana Miriama; ary ny olona tsy niainga, raha tsy efa nampidirina Miriama.","Dia natokana tany ivelan'ny toby hafitoana Miriama; ary ny olona tsy niainga, raha tsy efa nampidirina Miriama.Ary rehefa afaka izany, dia niainga niala tany Hazerota ny olona ka nitoby tany an-efitra Parana."
mg_4,13,32,"Dia nilaza ratsy ny tany izay nosafoiny tamin'ny Zanak'Isiraely izy ka nanao hoe: Ny tany izay nalehanay nosafoina dia tany izay mandevona ny monina eo, ary ny olona rehetra izay hitanay teo dia olona vaventibe;","Dia nilaza ratsy ny tany izay nosafoiny tamin'ny Zanak'Isiraely izy ka nanao hoe: Ny tany izay nalehanay nosafoina dia tany izay mandevona ny monina eo, ary ny olona rehetra izay hitanay teo dia olona vaventibe;ary nahita ny Nefilima teo izahay, dia taranaky ny Anakita avy amin'ny Nefilima; ary teo imasonay dia tahaka ny tsingentana izahay; ary toy izany koa izahay teo imasony."
mg_4,14,44,Kanjo sahisahy foana izy ka niakatra teo an-tampon'ny tendrombohitra ihany; nefa Mosesy sy ny fiaran'ny faneken'i Jehovah tsy niala teo an-toby.,"Kanjo sahisahy foana izy ka niakatra teo an-tampon'ny tendrombohitra ihany; nefa Mosesy sy ny fiaran'ny faneken'i Jehovah tsy niala teo an-toby.Dia nidina ny Amalekita sy ny Kananita, izay nonina teo amin'izany tendrombohitra izany, ka namely azy ary nanorotoro azy hatrany Horma."
mg_4,15,40,"mba hotsarovanareo sy hankatoavinareo ny didiko rehetra, ka dia ho masina ho an'Andriamanitrareo ianareo.","mba hotsarovanareo sy hankatoavinareo ny didiko rehetra, ka dia ho masina ho an'Andriamanitrareo ianareo.Izaho no Jehovah Andriamanitrareo, Izay nitondra anareo nivoaka avy tany amin'ny tany Egypta mba ho Andriamanitrareo: Izaho no Jehovah Andriamanitrareo."
mg_4,16,34,Ary ny Isiraely rehetra izay nanodidina azy dia nandositra noho ny fidradradradrany; fa hoy izy: Andrao hitelina antsika koa ny tany.,Ary ny Isiraely rehetra izay nanodidina azy dia nandositra noho ny fidradradradrany; fa hoy izy: Andrao hitelina antsika koa ny tany.Ary nisy afo nivoaka avy tamin'i Jehovah ka nandevona ny lehilahy dimam-polo amby roan-jato izay nanatitra ditin-kazo manitra.
mg_4,17,27,"Dia niteny tamin'i Mosesy ny Zanak'Isiraely ka nanao hoe: Indro, maty izahay, ringana izahay, eny, ringana avokoa izahay rehetra.","Dia niteny tamin'i Mosesy ny Zanak'Isiraely ka nanao hoe: Indro, maty izahay, ringana izahay, eny, ringana avokoa izahay rehetra.Ho faty izay rehetra manakaiky, dia izay manakaiky ny tabernakelin'i Jehovah; ho lany maty va izahay?"
mg_4,18,31,Dia mahazo mihinana izany eo amin'ny fitoerana rehetra ianareo sy ny ankohonanareo; fa karamanareo izany noho ny fanompoanareo ao amin'ny trano-lay fihaonana.,"Dia mahazo mihinana izany eo amin'ny fitoerana rehetra ianareo sy ny ankohonanareo; fa karamanareo izany noho ny fanompoanareo ao amin'ny trano-lay fihaonana.Ary tsy hahazoanareo heloka ireny, raha maka ny tsara indrindra avy aminy ianareo; ary tsy holotoinareo ny zava-masina aterin'ny Zanak'Isiraely, dia tsy ho faty ianareo."
mg_4,19,21,"Dia ho lalàna mandrakizay aminy izany, fa izay mamafy ny rano fanadiovana dia hanasa ny fitafiany; ary izay mikasika ny rano fanadiovana dia haloto mandra-paharivan'ny andro.","Dia ho lalàna mandrakizay aminy izany, fa izay mamafy ny rano fanadiovana dia hanasa ny fitafiany; ary izay mikasika ny rano fanadiovana dia haloto mandra-paharivan'ny andro.Ary ny zavatra rehetra izay voakasiky ny maloto dia haloto; ary ny olona izay mikasika azy dia haloto mandra- paharivan'ny andro."
mg_4,20,28,Dia nesorin'i Mosesy ny fitafian'i Arona ka natafiny an'i Eleazara zanany; ary maty tao an-tampon'ny tendrombohitra Arona; dia nidina avy tao an-tendrombohitra Mosesy sy Eleazara.,"Dia nesorin'i Mosesy ny fitafian'i Arona ka natafiny an'i Eleazara zanany; ary maty tao an-tampon'ny tendrombohitra Arona; dia nidina avy tao an-tendrombohitra Mosesy sy Eleazara.Koa nony hitan'ny fiangonana rehetra fa maty Arona, dia nisaona azy telo-polo andro izy, dia ny taranak'Isiraely rehetra."
mg_4,21,34,"Dia hoy Jehovah tamin'i Mosesy: Aza matahotra azy ianao, fa efa natolotro eo an-tananao izy sy ny vahoakany rehetra ary ny taniny; ary ianao hanao aminy araka izay nataonao tamin'i Sihona, mpanjakan'ny Amorita, izay nitoetra tao Hesbona.","Dia hoy Jehovah tamin'i Mosesy: Aza matahotra azy ianao, fa efa natolotro eo an-tananao izy sy ny vahoakany rehetra ary ny taniny; ary ianao hanao aminy araka izay nataonao tamin'i Sihona, mpanjakan'ny Amorita, izay nitoetra tao Hesbona.Dia namely azy sy ny zananilahy ary ny vahoakany rehetra izy, ka tsy nasiany niangana na dia iray akory aza; dia nahazo ny taniny izy."
mg_4,22,40,Ary Balaka namono omby sy ondry aman'osy hatao fanatitra ka nampanatitra ho an'i Balama sy ny andriandahy izay teo aminy.,"Ary Balaka namono omby sy ondry aman'osy hatao fanatitra ka nampanatitra ho an'i Balama sy ny andriandahy izay teo aminy.<n>[Ny oha-teny nataon'i Balama]</n> Ary nony maraina Balama dia nalain'i Balaka ka nentiny niakatra ho ao Bamota-bala, ka dia tazany tao ny olona hatramin'ny sisin'ny tobiny."
mg_4,23,29,"Dia hoy Balama tamin'i Balaka: Manorena alitara fito eto ho ahy, ka manamboara vantotr'ombilahy fito sy ondrilahy fito.","Dia hoy Balama tamin'i Balaka: Manorena alitara fito eto ho ahy, ka manamboara vantotr'ombilahy fito sy ondrilahy fito.Ary Balaka dia nanao araka izay efa nolazain'i Balama ka nanatitra vantotr'ombilahy, sy ondrilahy iray avy teo ambonin'ny isan'alitara."
mg_4,24,24,"Ary hisy sambo avy any amin'ny tany Kitima, dia hampietry an'i Asyra sy Ebera, ka ho lany ringana no hiafarany.","Ary hisy sambo avy any amin'ny tany Kitima, dia hampietry an'i Asyra sy Ebera, ka ho lany ringana no hiafarany.Dia niainga Balama ka lasa nody tany amin'ny fonenany; fa Balaka kosa nandeha tany amin'izay nalehany."
mg_4,25,17,"Rafeso ny Midianita, ka iadio;","Rafeso ny Midianita, ka iadio;fa izy nandrafy anareo tamin'ny fanangoleny, izay nanangoleny anareo tamin'ny an'i Peora sy Kosby anabaviny, zanakavavin'ny andriandahy Midianita anankiray, izay novonoina tamin'ny andron'ny areti-mandringana noho ny an'i Peora."
mg_4,27,22,Ary nataon'i Mosesy araka izay efa nandidian'i Jehovah azy; dia naka an'i Josoa izy ka nampijoro azy teo anatrehan'i Eleazara mpisorona sy ny fiangonana rehetra,"Ary nataon'i Mosesy araka izay efa nandidian'i Jehovah azy; dia naka an'i Josoa izy ka nampijoro azy teo anatrehan'i Eleazara mpisorona sy ny fiangonana rehetraka nametraka ny tànany taminy ary nandidy azy, araka ny tenin'i Jehovah izay nampitondrainy an'i Mosesy."
mg_4,28,30,"ary osilahy iray, hanaovana fanavotana ho anareo.","ary osilahy iray, hanaovana fanavotana ho anareo.Dia haterinareo ireo sy ny fanatitra aidina momba azy ho fanampin'ny fanatitra dorana mandrakariva sy ny fanatitra hohanina momba azy; izay tsy misy kilema no haterinareo."
mg_4,29,38,"ary osilahy iray, ho fanatitra noho ny ota, ho fanampin'ny fanatitra dorana mandrakariva, sy ny fanatitra hohanina momba azy ary ny fanatitra aidina momba azy.","ary osilahy iray, ho fanatitra noho ny ota, ho fanampin'ny fanatitra dorana mandrakariva, sy ny fanatitra hohanina momba azy ary ny fanatitra aidina momba azy.Ireo no haterinareo ho an'i Jehovah amin'ny fotoam-pivavahanareo afa-tsy ny fanati-panalamboadinareo sy ny fanati-tsitraponareo izay aterinareo ho fanatitra dorana sy fanatitra hohanina sy fanatitra aidina ary fanati-pihavanana."
mg_4,30,16,"Fa raha manao izay hahafoana izany izy aorian'ny andrenesany azy, dia hitondra ny heloky ny vavy izy.","Fa raha manao izay hahafoana izany izy aorian'ny andrenesany azy, dia hitondra ny heloky ny vavy izy.Ireo no lalàna izay nandidian'i Jehovah an'i Mosesy ny amin'ny lehilahy sy ny vadiny, ary ny amin'ny ray sy ny zananivavy, raha mbola zaza ao an-tranon-drainy izy."
mg_4,31,53,(fa ny mpanafika samy namabo ho an'ny tenany).,(fa ny mpanafika samy namabo ho an'ny tenany).Dia noraisin'i Mosesy sy Eleazara mpisorona ny volamena nomen'ny mpifehy arivo sy ny mpifehy zato ka nentiny tao amin'ny trano-lay fihaonana ho fahatsiarovana ho an'ny Zanak'Isiraely eo anatrehan'i Jehovah.
mg_4,32,41,"Ary Jaira, zanak'i Manase, nandeha ka nahafaka ny tanàna madinika teo, ary ny anarany nataony hoe Havota-jaira.","Ary Jaira, zanak'i Manase, nandeha ka nahafaka ny tanàna madinika teo, ary ny anarany nataony hoe Havota-jaira.Ary Noba nandeha ka nahafaka an'i Kenata sy ny zana-bohiny, dia nataony hoe Noba, araka ny anarany izy."
mg_4,33,55,"Fa raha tsy roahinareo eo alohanareo ny mponina amin'ny tany, dia ho lay amin'ny masonareo sy ho tsilo amin'ny tehezanareo izay avelanareo hitoetra eo, ka handrafy anareo eo amin'ny tany izay onenanareo izy;","Fa raha tsy roahinareo eo alohanareo ny mponina amin'ny tany, dia ho lay amin'ny masonareo sy ho tsilo amin'ny tehezanareo izay avelanareo hitoetra eo, ka handrafy anareo eo amin'ny tany izay onenanareo izy;ary hataoko aminareo izay nokasaiko hatao aminy."
mg_4,34,28,"ary ny lohan'ny firenena taranak'i Naftaly dia Pedahela, zanak'i Amihoda.","ary ny lohan'ny firenena taranak'i Naftaly dia Pedahela, zanak'i Amihoda.Ireo no nodidian'i Jehovah hizara ny tany Kanana ho an'ny Zanak'Isiraely."
mg_4,35,33,"Ary aza mametaveta ny tany izay onenanareo, fa ny rà dia fametavetana ny tany; ary ny tany tsy azo anaovana fanavotana ny amin'ny rà izay nalatsaka teo, afa-tsy amin'ny ran'izay nandatsaka azy ihany.","Ary aza mametaveta ny tany izay onenanareo, fa ny rà dia fametavetana ny tany; ary ny tany tsy azo anaovana fanavotana ny amin'ny rà izay nalatsaka teo, afa-tsy amin'ny ran'izay nandatsaka azy ihany.Ary aza lotoinareo ny tany onenanareo, izay itoerako; fa Izaho Jehovah mitoetra eo amin'ny Zanak'Isiraely."
mg_4,36,12,"Izay avy tamin'ny fokon'ny taranak'i Manase, zanak'i Josefa, no novadin'ireo, ka dia nitoetra teo amin'ny firenen'ny mpianakavin'ny rainy ihany ny zara-taniny.","Izay avy tamin'ny fokon'ny taranak'i Manase, zanak'i Josefa, no novadin'ireo, ka dia nitoetra teo amin'ny firenen'ny mpianakavin'ny rainy ihany ny zara-taniny.Ireo no didy sy fitsipika izay nandidian'i Jehovah ka nampitondrainy an'i Mosesy ho amin'ny Zanak'Isiraely teo Arbota-moaba, teo amoron'i Jordana tandrifin'i Jeriko."
mg_40,2,22,"Fa rehefa reny fa Arkelaosy no nanjaka tany Jodia nandimby an'i Heroda rainy, dia natahotra hankany izy; ary rehefa notoroan'Andriamanitra hevitra tamin'ny nofy izy, dia lasa nankany amin'ny tany Galilia.","Fa rehefa reny fa Arkelaosy no nanjaka tany Jodia nandimby an'i Heroda rainy, dia natahotra hankany izy; ary rehefa notoroan'Andriamanitra hevitra tamin'ny nofy izy, dia lasa nankany amin'ny tany Galilia.Ary nony tonga tany izy, dia nonina tao amin'ny tanàna atao hoe Nazareta, mba hahatanteraka izay nampilazaina ny mpaminany hoe: Hatao hoe Nazarena Izy."
mg_40,5,47,"Ary raha ny rahalahinareo ihany no arahabainareo, inona no ataonareo mihoatra noho ny sasany? Moa na dia ny jentilisa aza tsy mba manao toy izany ihany va?","Ary raha ny rahalahinareo ihany no arahabainareo, inona no ataonareo mihoatra noho ny sasany? Moa na dia ny jentilisa aza tsy mba manao toy izany ihany va?Koa amin izany aoka ho tanteraka ianareo toy ny fahatanterahan'ny Rainareo Izay any an-danitra."
mg_40,6,33,"Fa katsaho aloha ny fanjakany sy ny fahamarinany, dia hanampy ho anareo izany rehetra izany.","Fa katsaho aloha ny fanjakany sy ny fahamarinany, dia hanampy ho anareo izany rehetra izany.Ary amin'izany dia aza manahy ny amin'ny ampitso ianareo; fa ny ampitso hanahy ny azy. Ampy ho an'ny andro ny ratsy miseho ao aminy."
mg_40,8,33,"Ary ny mpiandry nandositra, dia nankany an-tanàna ka nilaza ny zavatra rehetra ny amin'ireo demoniaka.","Ary ny mpiandry nandositra, dia nankany an-tanàna ka nilaza ny zavatra rehetra ny amin'ireo demoniaka.Ary, indreo, nivoaka ny tao an-tanàna rehetra mba hitsena an'i Jesosy; ka nony nahita Azy izy, dia nifona taminy mba hiala amin'ny fari-taniny."
mg_40,9,37,Dia hoy Izy tamin'ny mpianany:,"Dia hoy Izy tamin'ny mpianany:Be ny vokatra, fa ny mpiasa no vitsy; koa amin'izany mangataha amin'ny Tompon'ny vokatra mba hampandehanany mpiasa hamory ny vokatra."
mg_40,10,41,"Izay mandray mpaminany, satria mpaminany izy, dia handray ny valim-pitian'ny mpaminany; ary izay mandray olona marina, satria olona marina izy, dia handray ny valim-pitian'ny olona marina.","Izay mandray mpaminany, satria mpaminany izy, dia handray ny valim-pitian'ny mpaminany; ary izay mandray olona marina, satria olona marina izy, dia handray ny valim-pitian'ny olona marina.Ary na zovy na zovy no manome rano mangatsiaka na dia eran'ny kapoaka ihany aza hosotroin'ny anankiray amin'ireo madinika ireo, satria mpianatra izy, dia lazaiko aminareo marina tokoa fa tsy ho very ny valim-pitiany."
mg_40,11,29,"Ento ny ziogako, ka mianara amiko; fa malemy fanahy sady tsy miavona am-po Aho; dia hahita fitsaharana ho an'ny fanahinareo ianareo.","Ento ny ziogako, ka mianara amiko; fa malemy fanahy sady tsy miavona am-po Aho; dia hahita fitsaharana ho an'ny fanahinareo ianareo.Fa mora ny ziogako, ary maivana ny entako."
mg_40,12,49,Ary naninjitra ny tanany nanondro ny mpianany Izy ka nanao hoe: Indreo ny reniko sy ny rahalahiko;,"Ary naninjitra ny tànany nanondro ny mpianany Izy ka nanao hoe: Indreo ny reniko sy ny rahalahiko;Fa na iza na iza no hanao ny sitrapon'ny Raiko Izay any an-danitra, dia izy no rahalahiko sy anabaviko ary reniko."
mg_40,14,35,"Ary nony nahafantatra Azy ny tompon-tany teo, dia naniraka tany amin'ny tany rehetra manodidina izy ka nitondra ny marary rehetra ho eo aminy.","Ary nony nahafantatra Azy ny tompon-tany teo, dia naniraka tany amin'ny tany rehetra manodidina izy ka nitondra ny marary rehetra ho eo aminy.Ary nangataka taminy ireo mba hamela azy hanendry na dia ny somotraviavin-dambany ihany aza; koa na iza na iza no nanendry dia sitrana tokoa."
mg_40,15,38,"Ary izay nihinana dia efatra arivo lahy, afa-tsy ny zaza amim-behivavy.","Ary izay nihinana dia efatra arivo lahy, afa-tsy ny zaza amim-behivavy.Ary nony efa nampody ny vahoaka Izy, dia niondrana an-tsambokely ka nankany amin'ny sisin-tanin'i Magadana."
mg_40,16,27,"Fa ho avy ny Zanak'olona amin'ny voninahitry ny Rainy, mbamin'ny anjeliny, dia hamaly ny olona rehetra araka ny nataony.","Fa ho avy ny Zanak'olona amin'ny voninahitry ny Rainy, mbamin'ny anjeliny, dia hamaly ny olona rehetra araka ny nataony.Lazaiko aminareo marina tokoa: Misy ny sasany eto izay tsy mba hanandrana fahafatesana mandra-pahitany ny Zanak'olona avy amin'ny fanjakany."
mg_40,18,34,Dia tezitra ny tompony ka nanolotra azy ho amin'ny mpampijaly mandra-pandoany ny trosa rehetra.,"Dia tezitra ny tompony ka nanolotra azy ho amin'ny mpampijaly mandra-pandoany ny trosa rehetra.Ary tahaka izany koa no hataon'ny Raiko Izay any an-danitra aminareo, raha tsy samy mamela ny rahalahinareo amin'ny fonareo avy ianareo."
mg_40,20,33,"Hoy izy taminy: Tompoko o, ny mba hampahiratina ny masonay.","Hoy izy taminy: Tompoko ô, ny mba hampahiratina ny masonay.Ary Jesosy dia onena azy ka nanendry ny masony; ary nahiratra niaraka tamin'izay izy, dia nanaraka an'i Jesosy."
mg_40,22,45,"Koa raha Davida ary manao Azy hoe Tompo, ahoana no maha-zanany Azy?","Koa raha Davida ary manao Azy hoe Tompo, ahoana no maha-zanany Azy?Dia tsy nisy nahavaly Azy na dia teny iray akory aza; ary hatramin'izay andro izay dia tsy nisy sahy nanontany Azy intsony."
mg_40,23,38,"Indro, avela ho lao ho anareo ny tranonareo.","Indro, avela ho lao ho anareo ny tranonareo.Fa lazaiko aminareo: Hatramin'izao dia tsy hahita Ahy tokoa ianareo mandra-pilazanareo hoe: Isaorana anie Izay avy amin'ny anaran'i Jehovah."
mg_40,24,50,"dia ho avy ny tompon'izany mpanompo izany amin'ny andro izay tsy ampoiziny sy amin'ny ora izay tsy fantany,","dia ho avy ny tompon'izany mpanompo izany amin'ny andro izay tsy ampoiziny sy amin'ny ora izay tsy fantany,dia hotapahiny roa izy ka homeny anjara any amin'ny mpihatsaravelatsihy; any no hisy ny fitomaniana sy ny fikitroha-nify.<n>[Na: hokapohiny mafy]</n>"
mg_40,25,45,Fa hamaly azy Izy ka hanao hoe: Lazaiko aminareo marina tokoa: Araka izay tsy nataonareo tamin'ny anankiray amin'ireto kely indrindra ireto no tsy mba nataonareo tamiko.,Fa hamaly azy Izy ka hanao hoe: Lazaiko aminareo marina tokoa: Araka izay tsy nataonareo tamin'ny anankiray amin'ireto kely indrindra ireto no tsy mba nataonareo tamiko.Ary ireo dia hiala ho any amin'ny fampijaliana mandrakizay; fa ny marina ho any amin'ny fiainana mandrakizay.
mg_40,26,74,Dia vao niozona sy nianiana izy ka nanao hoe: Tsy fantatro izany Lehilahy izany; ary niaraka tamin'izay dia nisy akoho naneno.,"Dia vao niozona sy nianiana izy ka nanao hoe: Tsy fantatro izany Lehilahy izany; ary niaraka tamin'izay dia nisy akoho naneno.Ary Petera nahatsiaro ny tenin'i Jesosy, izay nolazainy hoe: Raha tsy mbola misy akoho maneno, dia handà Ahy intelo ianao. Ary rehefa nivoaka teny ivelany izy, dia nitomany fatratra."
mg_40,27,65,"Hoy Pilato taminy: Makà mpiambina ka mandehana, ary ataovy mafy araka izay hainareo ny fiambenana.","Hoy Pilato taminy: Makà mpiambina ka mandehana, ary ataovy mafy araka izay hainareo ny fiambenana.Ary nony lasa izy, dia nalatsany ny mpiambina hiambina mafy ny fasana, rehefa nasiany tombo-kase ny vato."
mg_40,28,19,"koa mandehana ianareo, dia ataovy mpianatra ny firenena rehetra, manao batisa azy ho amin'ny anaran'ny Ray sy ny Zanaka ary ny Fanahy Masina","koa mandehana ianareo, dia ataovy mpianatra ny firenena rehetra, manao batisa azy ho amin'ny anaran'ny Ray sy ny Zanaka ary ny Fanahy Masinasady mampianatra azy hitandrina izay rehetra nandidiako anareo; ary, indro, Izaho momba anareo mandrakariva ambara-pahatongan'ny fahataperan'izao tontolo izao."
mg_41,1,44,"ka nanao taminy hoe: Tandremo tsara mba tsy hisy holazainao na amin'iza na amin'iza; fa mandehana, misehoa amin'ny mpisorona, ka manatera ny fanadiovana anao, izay nandidian'i Mosesy, ho vavolombelona amin'ireo.","ka nanao taminy hoe: Tandremo tsara mba tsy hisy holazainao na amin'iza na amin'iza; fa mandehana, misehoa amin'ny mpisorona, ka manatera ny fanadiovana anao, izay nandidian'i Mosesy, ho vavolombelona amin'ireo.Nefa lasa ralehilahy ka nilazalaza sy nampiely izany zavatra izany, ka dia tsy nahazo niditra miharihary tao an-tanàna intsony Jesosy; fa nitoetra tany ivelany tamin'ny tany foana Izy, dia nanatona Azy ny olona avy eny tontolo eny."
mg_41,3,34,"Ary nony nijery izay nipetraka manodidina Azy Izy, dia hoy Izy: Indreo ny reniko sy ny rahalahiko!","Ary nony nijery izay nipetraka manodidina Azy Izy, dia hoy Izy: Indreo ny reniko sy ny rahalahiko!Fa na iza na iza no manao ny sitrapon'Andriamanitra, dia izy no rahalahiko sy anabaviko ary reniko."
mg_41,4,40,Ary hoy Izy taminy: Nahoana no saro-tahotra ianareo? Tsy mbola manam-pinoana va ianareo?,"Ary hoy Izy taminy: Nahoana no saro-tahotra ianareo? Tsy mbola manam-pinoana va ianareo?Ary natahotra indrindra izy ireo ka niresaka hoe: Iza moa Ity, fa ny rivotra sy ny ranomasina aza manaiky Azy?"
mg_41,5,42,Dia nitsangana niaraka tamin'izay razazavavy ka afa-nandeha; fa efa roa ambin'ny folo taona izy. Ary niaraka tamin'izay dia talanjona indrindra ny olona.,Dia nitsangana niaraka tamin'izay razazavavy ka afa-nandeha; fa efa roa ambin'ny folo taona izy. Ary niaraka tamin'izay dia talanjona indrindra ny olona.Ary Jesosy nandrara azy mafy mba tsy ho fantatr'olona izany; ary nasainy nomena hanina razazavavy.
mg_41,6,55,ka nihazakazaka tamin'izany tany rehetra izany ary nitondra ny marary tamin'ny fandriana ho any amin'izay reny fa nitoerany.,"ka nihazakazaka tamin'izany tany rehetra izany ary nitondra ny marary tamin'ny fandriana ho any amin'izay reny fa nitoerany.Ary na taiza na taiza no nidiran'i Jesosy, na tao amin'ny vohitra, na tao an-tanàna, na tany an-tsaha, dia napetraka teo an-kianja ny marary, ary ny olona nangataka hanendry na dia ny somotraviavin-dambany ihany aza; ary sitrana izay rehetra nanendry Azy.<n>[Gr. voavonjy]</n>"
mg_41,8,37,Fa inona no homen'ny olona ho takalon'ny ainy?,"Fa inona no homen'ny olona ho takalon'ny ainy?Fa na iza na iza no ho menatra Ahy sy ny teniko amin'ity taranaka sady mijangajanga no manota ity, dia ho menatra azy kosa ny Zanak'olona, raha avy amin'ny voninahitry ny Rainy mbamin'ny anjely masina."
mg_41,11,32,"Fa raha holazaintsika hoe kosa: Avy tamin'ny olona, natahotra ny olona izy, satria neken'ny olona rehetra fa mpaminany tokoa Jaona.","Fa raha holazaintsika hoe kosa: Avy tamin'ny olona, natahotra ny olona izy, satria neken'ny olona rehetra fa mpaminany tokoa Jaona.Dia namaly an'i Jesosy izy ka nanao hoe: Tsy fantatray. Ary Jesosy nanao taminy hoe: Izaho kosa tsy hilaza aminareo izay fahefana anaovako izao zavatra izao."
mg_41,13,36,fandrao avy tampoka izy ka mahita anareo matory.,fandrao avy tampoka izy ka mahita anareo matory.Ary izay lazaiko aminareo dia lazaiko amin'ny olona rehetra
mg_41,14,71,Dia niozona sy nianiana izy ka nanao hoe: Tsy fantatro izany Lehilahy lazainareo izany.,"Dia niozona sy nianiana izy ka nanao hoe: Tsy fantatro izany Lehilahy lazainareo izany.Ary niaraka tamin'izay dia nisy akoho naneno fanindroany. Ary Petera nahatsiaro ny teny izay nolazain'i Jesosy taminy hoe: Raha tsy mbola misy akoho maneno fanindroany, dia handà Ahy intelo ianao. Ary nony nieritreritra izany izy, dia nitomany."
mg_42,1,79,"Hamirapiratra amin'izay mipetraka ao amin'ny maizina sy ao amin'ny aloky ny fahafatesana, Hanitsy ny diantsika ho amin'ny lalam-piadanana.","Hamirapiratra amin'izay mipetraka ao amin'ny maizina sy ao amin'ny aloky ny fahafatesana, Hanitsy ny diantsika ho amin'ny lalam-piadanana.Ary ny zazakely nitombo ka nihahery tam-panahy; ary nitoetra tany an-efitra izy ambara-pahatongan'ny andro nisehoany tamin'ny Isiraely."
mg_42,2,51,Ary niara-nidina taminy nankany Nazareta Izy ka nanoa azy. Ary ny reniny nitahiry izany teny rehetra izany tao am-pony.,Ary niara-nidina taminy nankany Nazareta Izy ka nanoa azy. Ary ny reniny nitahiry izany teny rehetra izany tao am-pony.Ary Jesosy nitombo saina sy tena sady nandroso fitia tamin'Andriamanitra sy ny olona.<n>[Na: taona]</n>
mg_42,3,37,"zanak'i Metosela, zanak'i Enoka, zanak'i Jareda, zanak'i Mahalalila, zanak'i Kenana,","zanak'i Metosela, zanak'i Enoka, zanak'i Jareda, zanak'i Mahalalila, zanak'i Kenana,zanak'i Enosa, zanak'i Seta, zanak'i Adama, zanak'Andriamanitra."
mg_42,4,43,"Fa hoy Izy taminy: Tsy maintsy mitory ny teny soa mahafaly ny amin'ny fanjakan'Andriamanitra any amin'ny tanàna hafa koa Aho, satria izany no nanirahana Ahy.","Fa hoy Izy taminy: Tsy maintsy mitory ny teny soa mahafaly ny amin'ny fanjakan'Andriamanitra any amin'ny tanàna hafa koa Aho, satria izany no nanirahana Ahy.Ary Izy nitori-teny tao amin'ny synagoga eran'i Galilia."
mg_42,5,38,Fa ny divay vaovao dia tsy maintsy hatao ao anaty siny hoditra vaovao.,"Fa ny divay vaovao dia tsy maintsy hatao ao anaty siny hoditra vaovao.Tsy misy olona, rehefa nisotro ny divay ela, no maniry ny vaovao; fa hoy izy: Ny ela no tsara.<n>[Na: tsaratsara kokoa]</n>"
mg_42,7,49,Ary izay niara-nipetraka nihinana teo aminy dia niresaka hoe: Iza moa Ity no mba mamela heloka?,Ary izay niara-nipetraka nihinana teo aminy dia niresaka hoe: Iza moa Ity no mba mamela heloka?Ary hoy Izy tamin-dravehivavy: Ny finoanao efa namonjy anao; mandehana soa aman-tsara.
mg_42,8,55,"Dia nody indray ny ainy, ka niarina niaraka tamin'izay izy; ary nasainy nomena hanina izy.","Dia nody indray ny ainy, ka niarina niaraka tamin'izay izy; ary nasainy nomena hanina izy.Ary dia talanjona ny ray aman-dreniny; fa Jesosy nandrara ary tsy hilazalaza amin'olona ny zavatra efa natao."
mg_42,9,61,"Ary hoy ny anankiray koa: Tompoko, hanaraka Anao ihany aho; fa aoka aho aloha handeha hanao veloma ny ao an-tranoko.","Ary hoy ny anankiray koa: Tompoko, hanaraka Anao ihany aho; fa aoka aho aloha handeha hanao veloma ny ao an-tranoko.Fa hoy Jesosy taminy: Tsy misy olona mitana fangady tarihina ary miherika ka miendrika ho ao amin'ny fanjakan'Andriamanitra."
mg_42,10,41,"Fa ny Tompo namaly ka nanao taminy hoe: Marta, Marta, maro ahina sy maro herehina ianao;","Fa ny Tompo namaly ka nanao taminy hoe: Marta, Marta, maro ahina sy maro herehina ianao;nefa zavatra iray loha no ilaina; fa Maria no efa nifidy ny anjara tsara, izay tsy halaina aminy."
mg_42,13,34,"Ry Jerosalema, ry Jerosalema, izay mamono ny mpaminany sy mitora-bato izay nirahina any aminao, impiry Aho no ta-hanangona ny zanakao tahaka ny fanomban'ny akoho ny zanany ao ambanin'ny elany, fa tsy nety ianareo!","Ry Jerosalema, ry Jerosalema, izay mamono ny mpaminany sy mitora-bato izay nirahina any aminao, impiry Aho no ta-hanangona ny zanakao tahaka ny fanomban'ny akoho ny zanany ao ambanin'ny elany, fa tsy nety ianareo!Indro, avela ho anareo ny tranonareo. ary lazaiko aminareo: Tsy hahita Ahy intsony ianareo mandra-pilazanareo hoe: Isaorana anie Izay avy amin'ny anaran'i Jehovah (Sal. 118. 26)."
mg_42,14,34,"Koa tsara ny sira; fa raha ny sira aza no tonga matsatso, inona indray no hahasira azy?","Koa tsara ny sira; fa raha ny sira aza no tonga matsatso, inona indray no hahasira azy?Tsy mahasoa ny tany na ny zezika izy, fa harian'ny olona. Izay manan-tsofina ho enti-mihaino, aoka izy hihaino."
mg_42,15,31,"Ary hoy rainy taminy: Anaka, ianao eto amiko mandrakariva, ary anao avokoa izay rehetra ananako.","Ary hoy rainy taminy: Anaka, ianao eto amiko mandrakariva, ary anao avokoa izay rehetra ananako.Fa mety ny mifaly sy miravoravo; fa ity rahalahinao ity efa maty, fa velona indray, ary efa very, fa hita indray."
mg_42,16,30,"Fa hoy kosa izy: Tsia, ry Abrahama, raiko; fa raha misy miala amin'ny maty hankany aminy, dia hibebaka izy.","Fa hoy kosa izy: Tsia, ry Abrahama, raiko; fa raha misy miala amin'ny maty hankany aminy, dia hibebaka izy.Fa hoy Abrahama taminy: Raha tsy mihaino an'i Mosesy sy ny mpaminany izy, dia tsy hety hino izy, na dia misy mitsangana amin'ny maty aza."
mg_42,19,47,Ary nampianatra isan'andro teo an-kianjan'ny tempoly Izy. Fa ny lohan'ny mpisorona sy ny mpanora-dalàna ary ny loholona nitady hahafaty Azy;,"Ary nampianatra isan'andro teo an-kianjan'ny tempoly Izy. Fa ny lohan'ny mpisorona sy ny mpanora-dalàna ary ny loholona nitady hahafaty Azy;nefa tsy hitany izay hataony, satria ny vahoaka rehetra nazoto dia nazoto hihaino Azy."
mg_42,21,37,Ary nony antoandro dia nampianatra teo an-kianjan'ny tempoly Izy; ary nony alina dia nivoaka Izy ka nitoetra teo an-tendrombohitra atao hoe Oliva.,Ary nony antoandro dia nampianatra teo an-kianjan'ny tempoly Izy; ary nony alina dia nivoaka Izy ka nitoetra teo an-tendrombohitra atao hoe Oliva.Ary ny vahoaka rehetra nankeo aminy maraina koa teo an-kianjan'ny tempoly hihaino Azy.
mg_42,23,55,Ary ny vehivavy izay nomba Azy avy tany Galilia dia nanaraka teo aoriana ka nahita ny fasana sy izay fampandriny ny faty.,Ary ny vehivavy izay nomba Azy avy tany Galilia dia nanaraka teo aoriana ka nahita ny fasana sy izay fampandriny ny faty.Ary niverina ireo ka namboatra zava-manitra sy menaka manitra. Ary tamin'ny Sabata dia nitsahatra ihany izy araka ny lalàna.
mg_42,24,52,"Ary izy ireo nitsaoka Azy, dia niverina ho any Jerosalema sady faly indrindra.","Ary izy ireo nitsaoka Azy, dia niverina ho any Jerosalema sady faly indrindra.Ary teo an-kianjan'ny tempoly isan'andro izy nankalaza an'Andriamanitra."
mg_43,3,35,Ny Ray tia ny Zanaka ka efa nanolotra ny zavatra rehetra ho eo an-tànany.,"Ny Ray tia ny Zanaka ka efa nanolotra ny zavatra rehetra ho eo an-tànany.Izay mino ny Zanaka manana fiainana mandrakizay; fa izay tsy mino ny Zanaka dia tsy hahita fiainana, fa ny fahatezeran'Andriamanitra no mitoetra eo aminy."
mg_43,5,46,"Fa raha mba nino an'i Mosesy ianareo, dia hino Ahy, satria nanoratra nilaza Ahy izy.","Fa raha mba nino an'i Mosesy ianareo, dia hino Ahy, satria nanoratra nilaza Ahy izy.Fa raha tsy mino izay nosoratany ianareo, hataonareo ahoana no fino ny teniko?"
mg_43,9,40,"Ary ny Fariseo sasany izay teo aminy, nony nandre izany, dia nanao taminy hoe: Izahay koa va mba jamba?","Ary ny Fariseo sasany izay teo aminy, nony nandre izany, dia nanao taminy hoe: Izahay koa va mba jamba?Hoy Jesosy taminy: Raha jamba ianareo, dia tsy ho nanan-keloka; nefa hoy ianareo ankehitriny: Mahiratra izahay; dia tsy afaka ny helokareo."
mg_43,10,41,"Ary maro no nankeo aminy ka nanao hoe: Jaona tsy mba nanao famantarana, nefa izay rehetra nolazainy ny amin'ity Lehilahy ity dia marina avokoa.","Ary maro no nankeo aminy ka nanao hoe: Jaona tsy mba nanao famantarana, nefa izay rehetra nolazainy ny amin'ity Lehilahy ity dia marina avokoa.Ary maro no nino Azy teo."
mg_43,12,49,"satria Izaho tsy niteny ho Ahy, fa ny Ray Izay naniraka Ahy, Izy no nandidy Ahy izay holazaiko sy izay hotoriko.","satria Izaho tsy niteny ho Ahy, fa ny Ray Izay naniraka Ahy, Izy no nandidy Ahy izay holazaiko sy izay hotoriko.Ary fantatro fa fiainana mandrakizay ny didiny; koa izay lazaiko dia lazaiko araka izay nolazain'ny Ray tamiko."
mg_43,13,37,"Hoy Petera taminy: Tompoko, nahoana no tsy mahazo manaraka Anao ankehitriny aho? Na ny aiko aza dia hafoiko noho ny aminao.","Hoy Petera taminy: Tompoko, nahoana no tsy mahazo manaraka Anao ankehitriny aho? Na ny aiko aza dia hafoiko noho ny aminao.Jesosy namaly hoe: Ny ainao va no hafoinao noho ny amiko? Lazaiko aminao marina dia marina tokoa: Tsy mbola hisy akoho haneno mandra-pandànao Ahy intelo."
mg_43,14,30,"Tsy hilaza zavatra maro aminareo intsony Aho; fa avy ny andrianan'izao tontolo izao, nefa tsy manana na inona na inona ato amiko izy.","Tsy hilaza zavatra maro aminareo intsony Aho; fa avy ny andrianan'izao tontolo izao, nefa tsy manana na inona na inona ato amiko izy.Fa mba ho fantatr'izao tontolo izao fa tiako ny Ray, ary araka izay nandidian'ny Ray Ahy, dia izany no hataoko. Mitsangàna, andeha isika hiala eto."
mg_43,18,39,"Fa misy fanaonareo amin'ny Paska, handefasako anankiray ho anareo; koa tianareo va raha halefako ho anareo ny Mpanjakan'ny Jiosy?","Fa misy fanaonareo amin'ny Paska, handefasako anankiray ho anareo; koa tianareo va raha halefako ho anareo ny Mpanjakan'ny Jiosy?Ary ireo niantso indray ka nanao hoe: Tsy Ilehio, fa Barabasy; koanefa jiolahy Barabasy."
mg_43,19,41,"Ary nisy saha teo amin'ilay nanomboana Azy tamin'ny hazo fijaliana; ary teo anatin'ilay saha nisy fasana vaovao, izay tsy mbola nandevenana olona.","Ary nisy saha teo amin'ilay nanomboana Azy tamin'ny hazo fijaliana; ary teo anatin'ilay saha nisy fasana vaovao, izay tsy mbola nandevenana olona.Ary teo no nandevenany an'i Jesosy noho ny andro fiomanan'ny Jiosy, satria teo akaiky ny fasana."
mg_43,21,24,Izy no ilay mpianatra izay vavolombelona manambara izany sy nanoratra izany; ary fantatsika fa marina ny fanambarany.,"Izy no ilay mpianatra izay vavolombelona manambara izany sy nanoratra izany; ary fantatsika fa marina ny fanambarany.Ary misy zavatra maro hafa koa izay nataon'i Jesosy, ka raha voasoratra tsirairay avokoa izany rehetra izany, ataoko fa izao tontolo izao aza dia tsy omby ny boky voasoratra."
mg_44,1,25,"mba hahazoany anjara amin'izao fanompoana sy ny mah'Apostoly izao, izay nialan'i Jodasy hankanesany any amin'ny fitoerany.","mba hahazoany anjara amin'izao fanompoana sy ny mah'Apostoly izao, izay nialan'i Jodasy hankanesany any amin'ny fitoerany.Dia nanao filokana ho azy izy, ka latsaka tamin'i Matia ny filokana; ary izy no lany ho isan'ny Apostoly iraika ambin'ny folo lahy."
mg_44,2,46,"Ary dia niray saina isan'andro izy ka nazoto nankeo an-kianjan'ny tempoly ary namaky mofo tao an-trano ka nihinan-kanina tamin'ny fifaliana sy ny fahatsaram-po,","Ary dia niray saina isan'andro izy ka nazoto nankeo an-kianjan'ny tempoly ary namaky mofo tao an-trano ka nihinan-kanina tamin'ny fifaliana sy ny fahatsaram-po,nidera an'Andriamanitra sady nahita fitia tamin'ny vahoaka rehetra. Ary ny olom-bonjena dia nanampin'ny Tompo isan'andro ho isan'ireo."
mg_44,4,36,"Ary Josefa, izay nataon'ny Apostoly hoe koa Barnabasy (izany hoe, raha adika, Zanaky ny fananarana), Levita, avy any Kyprosy no firazanany,","Ary Josefa, izay nataon'ny Apostoly hoe koa Barnabasy (izany hoe, raha adika, Zanaky ny fananarana), Levita, avy any Kyprosy no firazanany,dia nivarotra ny sahany, ary nentiny ny vola vidiny ka napetrany teo anoloan'ny tongotry ny Apostoly."
mg_44,5,41,"Ary ireo dia niala teo anatrehan'ny Synedriona, sady faly, satria natao miendrika hitondra fahafaham-baraka ho voninahitr'izany anarana izany.","Ary ireo dia niala teo anatrehan'ny Synedriona, sady faly, satria natao miendrika hitondra fahafaham-baraka ho voninahitr'izany anarana izany.Ary tsy nitsahatra nampianatra sy nitory an'i Jesosy ho Kristy isan'andro teo an-kianjan'ny tempoly sy tao an-trano izy."
mg_44,8,39,"Ary rehefa niakatra avy teo amin'ny rano izy roa lahy, dia nentin'ny Fanahin'ny Tompo Filipo ka tsy hitan'ilay tandapa intsony; fa nandeha tamin'ny nalehany izy sady nifaly.","Ary rehefa niakatra avy teo amin'ny rano izy roa lahy, dia nentin'ny Fanahin'ny Tompo Filipo ka tsy hitan'ilay tandapa intsony; fa nandeha tamin'ny nalehany izy sady nifaly.Fa Filipo hita tany Azota, dia nitory ny filazantsara tany amin'ny tanàna rehetra izay nalehany ambara-pahatongany tany Kaisaria."
mg_44,9,42,"Ary dia fantatra eran'i Jopa izany, ka maro no nino ny Tompo.","Ary dia fantatra eran'i Jopa izany, ka maro no nino ny Tompo.Ary Petera nitoetra andro maromaro tany Jopa tao amin'i Simona mpandon-koditra."
mg_44,10,47,"Moa misy olona mahazo mandrara ny rano tsy hanaovana batisa ireo, izay efa nandray ny Fanahy Masina tahaka antsika koa?","Moa misy olona mahazo mandrara ny rano tsy hanaovana batisa ireo, izay efa nandray ny Fanahy Masina tahaka antsika koa?Dia nasainy natao batisa amin'ny anaran'i Jesosy Kristy izy. Ary nangatahin'ireo mba hitoetra ao aminy andro vitsivitsy izy."
mg_44,11,29,Ary ny mpianatra ninia hampitondra zavatra araka ny ananany hamonjy ny rahalahy izay nonina tany Jodia.,"Ary ny mpianatra ninia hampitondra zavatra araka ny ananany hamonjy ny rahalahy izay nonina tany Jodia.Dia nataony izany, ary ny tànan'i Barnabasy sy Saoly no nampitondrainy izany ho any amin'ny loholona. <n>[ Gr. presbytera]</n>"
mg_44,12,24,Ary nandroso sy niely ny tenin'Andriamanitra.,"Ary nandroso sy niely ny tenin'Andriamanitra.Ary Barnabasy sy Saoly niverina avy tany Jerosalema, rehefa vita ny fanompoany, dia nitondra an'i Jaona, izay atao hoe Marka, hiaraka aminy. <n>[ Na: niverina tany]</n>"
mg_44,13,51,"Fa izy roa lahy kosa nanintsana ny vovoka tamin'ny tongony hiampanga ireo, dia nankany Ikonioma.","Fa izy roa lahy kosa nanintsana ny vovoka tamin'ny tongony hiampanga ireo, dia nankany Ikonioma.Ary dia feno fifaliana sy ny Fanahy Masina ny mpianatra."
mg_44,14,27,"Ary rehefa tonga tao izy ka namory ny fiangonana, dia nilaza izay rehetra nataon'Andriamanitra tamin'ny nombany azy, sy ny namohany varavaram-pinoana ho an'ny jentilisa.","Ary rehefa tonga tao izy ka namory ny fiangonana, dia nilaza izay rehetra nataon'Andriamanitra tamin'ny nombany azy, sy ny namohany varavaram-pinoana ho an'ny jentilisa.Dia nitoetra elaela ihany tamin'ny mpianatra izy."
mg_44,15,40,"Fa Paoly kosa nifidy an'i Silasy, dia niainga, rehefa natolotry ny rahalahy ho amin'ny fahasoavan'ny Tompo izy.","Fa Paoly kosa nifidy an'i Silasy, dia niainga, rehefa natolotry ny rahalahy ho amin'ny fahasoavan'ny Tompo izy.Dia nandeha namaky an'i Syria sy Kilikia izy nampahery ny fiangonana tany."
mg_44,16,39,Dia tonga izy ka nanony azy sady nitondra azy nivoaka ary nangataka azy handeha hiala ao an-tanàna.,"Dia tonga izy ka nanony azy sady nitondra azy nivoaka ary nangataka azy handeha hiala ao an-tanàna.Dia niala tao an-tranomaizina izy ka niditra tao an-tranon'i Lydia; ary rehefa nahita ny rahalahy izy, dia nananatra azy ka lasa nandeha."
mg_44,17,33,Ary Paoly dia niala teo aminy.,Ary Paoly dia niala teo aminy.Anefa ny olona sasany niray taminy ka nino; mba naman'izany Dionysio Areopagita sy ny vehivavy anankiray atao hoe Damary ary ny sasany koa.
mg_44,18,27,"Ary rehefa ta-handroso hankany Akaia izy, dia namporisika azy ny rahalahy sady nanoratra taratasy ho any amin'ny mpianatra mba handray azy tsara; ary rehefa tonga izy, dia nampahatanjaka tsara izay efa nino noho ny fahasoavana;","Ary rehefa ta-handroso hankany Akaia izy, dia namporisika azy ny rahalahy sady nanoratra taratasy ho any amin'ny mpianatra mba handray azy tsara; ary rehefa tonga izy, dia nampahatanjaka tsara izay efa nino noho ny fahasoavana;fa izy nahery nandresy lahatra ny Jiosy teo imason'ny olona ka naneho marimarina tamin'ny Soratra Masina fa Jesosy no Kristy."
mg_44,19,40,"Fa andrao ampangaina isika noho ny tabataba tsy misy antony izay niseho androany, ka tsy hita izay hilazantsika izao fampitairana izao.","Fa andrao ampangaina isika noho ny tabataba tsy misy antony izay niseho androany, ka tsy hita izay hilazantsika izao fampitairana izao.Ary rehefa nilaza izany izy, dia nampirava ny olona vory teo."
mg_44,20,37,"Ary nitomany mafy izy rehetra, dia namihina ny vozon'i Paoly ka nanoroka azy,","Ary nitomany mafy izy rehetra, dia namihina ny vozon'i Paoly ka nanoroka azy,sady nalahelo loatra noho ny nilazany fa tsy hahita ny tavany intsony izy. Dia nanatitra azy teny an-tsambo izy. <n>[Ny nahatongavan'i Paoly tany Jerosalema, sy ny nataony hampihena ny tsi-fitiavan'ny Kristiana tany Palestina azy]</n>"
mg_44,20,38,sady nalahelo loatra noho ny nilazany fa tsy hahita ny tavany intsony izy. Dia nanatitra azy teny an-tsambo izy.,"sady nalahelo loatra noho ny nilazany fa tsy hahita ny tavany intsony izy. Dia nanatitra azy teny an-tsambo izy. <n>[Ny nahatongavan'i Paoly tany Jerosalema, sy ny nataony hampihena ny tsi-fitiavan'ny Kristiana tany Palestina azy]</n>"
mg_44,21,39,"Fa hoy Paoly: Izaho Jiosy avy any Tarsosy any Kilikia, tompon-tany amin'izay tanàna tsy kely laza; koa trarantitra ianao, aoka aho mba hiteny amin'ny olona.","Fa hoy Paoly: Izaho Jiosy avy any Tarsosy any Kilikia, tompon-tany amin'izay tanàna tsy kely laza; koa trarantitra ianao, aoka aho mba hiteny amin'ny olona.Ary Paoly, rehefa navelany, dia nitsangana teo amin'ny ambaratonga ka nanofa tanana tamin'ny olona. Ary rehefa nangina tsara ny olona, dia niteny mafy tamin'ny teny Hebreo izy ka nanao hoe:"
mg_44,22,29,"Dia nandao azy faingana ireo olona efa hanadina azy; ary ny mpifehy arivo natahotra koa, rehefa nahalala azy fa Romana, satria efa nampamatotra azy izy.","Dia nandao azy faingana ireo olona efa hanadina azy; ary ny mpifehy arivo natahotra koa, rehefa nahalala azy fa Romana, satria efa nampamatotra azy izy.<n>[Ny nandaharan'i Paoly teny teo anatrehan'ny Synedriona]</n> Ary nony ampitso, satria ta-hahafantatra marina izay niampangan'ny Jiosy azy ny mpifehy arivo, dia namaha azy, ary nasainy niangona ny lohan'ny mpisorona sy ny Synedriona rehetra, ary Paoly nentiny nidina ka nampitoeriny teo anatrehany."
mg_44,23,34,"Ary rehefa novakiny ilay taratasy, dia nanontany izay zara-fanapahana nihaviany izy; ary rehefa fantany fa avy tany Kilikia izy,","Ary rehefa novakiny ilay taratasy, dia nanontany izay zara-fanapahana nihaviany izy; ary rehefa fantany fa avy tany Kilikia izy,dia hoy izy: Hihaino tsara ny teninao aho, rehefa tongay ny mpiampanga anao. Dia nasainy nambenana tao an-dapan'i Heroda izy. <n>[ Gr. pretoria]</n>"
mg_44,24,26,Sady nanantena koa izy fa homen'i Paoly vola; ka dia nampaka azy matetika izy ka niresaka taminy.,"Sady nanantena koa izy fa homen'i Paoly vola; ka dia nampaka azy matetika izy ka niresaka taminy.Ary rehefa afaka roa taona, dia Porsio Festosy no nandimby an'i Feliksa; ary Feliksa ta-hahazo sitraka tamin'ny Jiosy, ka dia mbola navelany ho mpifatotra ihany Paoly."
mg_44,25,26,"Ny amin'io lehilahy io tsy hitako izay teny marina hosoratako amin'ny tompoko, koa dia nentiko eto anatrehanareo izy, indrindra fa eto anatrehanao, ry Agripa mpanjaka, mba hadinina izy, ka dia ho hitako izay hosoratako.","Ny amin'io lehilahy io tsy hitako izay teny marina hosoratako amin'ny tompoko, koa dia nentiko eto anatrehanareo izy, indrindra fa eto anatrehanao, ry Agripa mpanjaka, mba hadinina izy, ka dia ho hitako izay hosoratako.Fa ataoko fa tsy mety ny mampanatitra mpifatotra, nefa tsy milaza izay zavatra iampangana azy."
mg_44,26,31,"ary rehefa niala teo izy, dia niresaka hoe: Tsy manao izay tokony hahafaty na hamatorana azy tsy akory izany lehilahy izany.","ary rehefa niala teo izy, dia niresaka hoe: Tsy manao izay tokony hahafaty na hamatorana azy tsy akory izany lehilahy izany.Ary hoy Agripa tamin'i Festosy: Azo nalefa ihany io lehilahy io, saingy efa nifidy ny handahatra any anatrehan'i Kaisara izy."
mg_44,27,43,"Fa ny kapiteny ta-hamonjy an'i Paoly, dia nisakana azy tsy hanao izay nokasainy; fa izay nahay nilomano no nasainy hirotsaka aloha ka hilomano ho any amin'ny tany,","Fa ny kapiteny ta-hamonjy an'i Paoly, dia nisakana azy tsy hanao izay nokasainy; fa izay nahay nilomano no nasainy hirotsaka aloha ka hilomano ho any amin'ny tany,ary ny sisa dia samy hanao izay hahafaka azy, na amin'ny hazo fisaka, na amin'ny zavatra avy amin'ny sambo. Dia tonga soa aman-tsara teny an-tanety avokoa izy rehetra."
mg_44,28,30,"Ary Paoly nitoetra roa taona ngarangidina tao an-trano nohofany ka nandray tsara izay rehetra nankeo aminy,","Ary Paoly nitoetra roa taona ngarangidina tao an-trano nohofany ka nandray tsara izay rehetra nankeo aminy,dia nitory ny fanjakan'Andriamanitra ka nampianatra ny amin'i Jesosy Kristy Tompo tamin'ny fahasahiana be, ary tsy nisy fisakanana."
mg_45,1,31,"tsy manam-pahalalana, tsy mitana fanekena, tsy manam-pitiavana, tsy miantra;","tsy manam-pahalalana, tsy mitana fanekena, tsy manam-pitiavana, tsy miantra;dia olona mahalala tsara ny fitsipika nomen'Andriamanitra fa izay manao izany zavatra izany no miendrika ho faty, nefa tsy manao izany ihany izy, fa mankasitraka ny manao koa."
mg_45,2,28,"Fa tsy izay araka ny miseho no Jiosy, ary tsy izay miseho eo amin'ny nofo no famorana;","Fa tsy izay araka ny miseho no Jiosy, ary tsy izay miseho eo amin'ny nofo no famorana;fa izay araka ny miafina no Jiosy, ary ny famorana dia amin'ny fo, amin'ny fanahy, fa tsy amin'ny soratra; ny fiderana ireny tsy avy amin'ny olona, fa avy amin'Andriamanitra."
mg_45,3,30,"fa iray ihany Andriamanitra, Izay hanamarina ny voafora noho ny finoana, ary ny tsy voafora amin'ny finoana.","fa iray ihany Andriamanitra, Izay hanamarina ny voafora noho ny finoana, ary ny tsy voafora amin'ny finoana.Koa mahafoana ny lalàna amin'ny finoana va isika? Sanatria izany! fa mampiorina tsara ny lalàna isika."
mg_45,5,20,"Ary ny lalàna dia niditra koa hahabe ny fahadisoana. Nefa teo amin'izay nihabiazan'ny ota no nihoaran'ny fahasoavana be lavitra,","Ary ny lalàna dia niditra koa hahabe ny fahadisoana. Nefa teo amin'izay nihabiazan'ny ota no nihoaran'ny fahasoavana be lavitra,mba ho tahaka ny nanjakan'ny ota tao amin'ny fahafatesana no hanjakan'ny fahasoavana kosa amin'ny fahamarinana ho fiainana mandrakizay amin'ny alalan'i Jesosy Kristy Tompontsika."
mg_45,6,22,"Fa ankehitriny, rehefa natao afaka tamin'ny ota ianareo ka efa tonga mpanompon'Andriamanitra, dia manana ny vokatrareo ho amin'ny fahamasinana, ary ny farany dia fiainana mandrakizay.","Fa ankehitriny, rehefa natao afaka tamin'ny ota ianareo ka efa tonga mpanompon'Andriamanitra, dia manana ny vokatrareo ho amin'ny fahamasinana, ary ny farany dia fiainana mandrakizay.Fa fahafatesana no tambin'ny ota; ary fiainana mandrakizay no fanomezam-pahasoavana avy amin'Andriamanitra ao amin'i Kristy Jesosy Tompontsika."
mg_45,7,24,Indrisy! olo-mahantra aho! Iza no hanafaka ahy amin'ny tenan'ity fahafatesana ity?,"Indrisy! olo-mahantra aho! Iza no hanafaka ahy amin'ny tenan'ity fahafatesana ity?Misaotra an'Andriamanitra aho amin'ny alalan'i Jesosy Kristy Tompontsika. Koa raha ny amiko, dia mankatò ny lalàn'Andriamanitra aho amin'ny saiko, fa ny lalàn'ny ota kosa amin'ny nofoko."
mg_45,8,38,"Fa matoky aho fa na fahafatesana, na fiainana, na anjely, na ireo fanapahana, na zavatra ankehitriny, na zavatra ho avy, na hery,","Fa matoky aho fa na fahafatesana, na fiainana, na anjely, na ireo fanapahana, na zavatra ankehitriny, na zavatra ho avy, na hery,na ny ambony, na ny ambany, na inona na inona amin'izao zavatra ary rehetra izao, dia tsy hahasaraka antsika amin'ny fitiavan'Andriamanitra izay ao amin'i Kristy Jesosy Tompontsika."
mg_45,9,32,"Nahoana moa? Satria tsy tamin'ny finoana, fa toa tamin'ny asa, ka tafintohina tamin'ny vato mahatafintohina izy;","Nahoana moa? Satria tsy tamin'ny finoana, fa toa tamin'ny asa, ka tafintohina tamin'ny vato mahatafintohina izy;araka ny voasoratra hoe: Indro Aho mametraka vato mahatafintohina sy vatolampy mahasolafaka ao Ziona; Ary izay mino Azy tsy ho menatra (Isa. 8. 14; 28. 16)."
mg_45,10,20,"Fa sahy mihitsy Isaia ka manao hoe: Hitan'izay tsy nitady Ahy Aho, Ary niseho tamin'izay tsy nanontany Ahy.","Fa sahy mihitsy Isaia ka manao hoe: Hitan'izay tsy nitady Ahy Aho, Ary niseho tamin'izay tsy nanontany Ahy.Fa ny amin'ny Isiraely dia hoy izy: Mandritra ny andro no efa naninjirako ny tanako tamin'izay firenena sady tsy manaraka no mandà (Isa. 65. 1. 2)."
mg_45,11,35,Na iza no nanome Azy aloha hamaliana azy indray?,"Na iza no nanome Azy aloha hamaliana azy indray?Fa Izy no nihavian'izao zavatra rehetra izao, ary Izy no mihazona azy, sady Izy koa no antony; Izy anie no homem-boninahitra mandrakizay. Amena."
mg_45,13,13,"Aoka isika hitondra tena tsara toy ny amin'ny andro; tsy amin'ny filalaovan-dratsy, na amin'ny fahamamoana, tsy amin'ny fijangajangana, na amin'ny fijejojejoana, tsy amin'ny fifandirana, na amin'ny fialonana.","Aoka isika hitondra tena tsara toy ny amin'ny andro; tsy amin'ny filalaovan-dratsy, na amin'ny fahamamoana, tsy amin'ny fijangajangana, na amin'ny fijejojejoana, tsy amin'ny fifandirana, na amin'ny fialonana.Fa itafio Jesosy Kristy Tompo, ary aza miahy ny amin'ny nofo hahatanteraka ny filany."
mg_45,15,32,"mba hankanesako any aminareo amin'ny fifaliana, raha sitrapon'Andriamanitra, ka samy ho velombelona ny fontsika.","mba hankanesako any aminareo amin'ny fifaliana, raha sitrapon'Andriamanitra, ka samy ho velombelona ny fontsika.Ary Andriamanitry ny fiadanana anie ho aminareo rehetra. Amena."
mg_45,16,26,"fa efa naseho ankehitriny tamin'izay soratry ny mpaminany, araka ny didin'Andriamanitra mandrakizay, ka nampahafantarina any amin'ny firenena rehetra hahatonga fanekena ny finoana,","fa efa naseho ankehitriny tamin'izay soratry ny mpaminany, araka ny didin'Andriamanitra mandrakizay, ka nampahafantarina any amin'ny firenena rehetra hahatonga fanekena ny finoana,ho an'Andriamanitra tokana ihany sady hendry anie ny voninahitra amin'ny alalan'i Jesosy Kristy mandrakizay mandrakizay. Amena."
mg_46,2,15,"Fa ny olona araka ny Fanahy kosa dia mahafantatra ny zavatra rehetra, kanefa izy tsy fantarin'olona.","Fa ny olona araka ny Fanahy kosa dia mahafantatra ny zavatra rehetra, kanefa izy tsy fantarin'olona.Fa iza no nahafantatra ny sain'ny Tompo mba hampianatra Azy? (Isa. 40. 13). Fa izahay manana ny sain'i Kristy. <n>[ Na: azy]</n>"
mg_46,3,22,"na Paoly, na Apolosy, na Kefasy, na izao tontolo izao, na fiainana, na fahafatesana, na ny zavatra ankehitriny, na ny zavatra ho avy; dia anareo izany rehetra izany;","na Paoly, na Apolosy, na Kefasy, na izao tontolo izao, na fiainana, na fahafatesana, na ny zavatra ankehitriny, na ny zavatra ho avy; dia anareo izany rehetra izany;ary ianareo an'i Kristy ary Kristy an'Andriamanitra."
mg_46,4,20,"Fa ny fanjakan'Andriamanitra tsy amin'ny teny, fa amin'ny hery.","Fa ny fanjakan'Andriamanitra tsy amin'ny teny, fa amin'ny hery.Inona ary no tianareo? Ho avy aminareo mitondra tsorakazo va aho, sa amin'ny fitiavana sy ny fahalemem-panahy?"
mg_46,5,12,Fa ahoako ny hitsara ny any ivelany? Tsy ny ao anatiny va no tsarainareo?,Fa ahoako ny hitsara ny any ivelany? Tsy ny ao anatiny va no tsarainareo?Fa ny any ivelany dia tsarain'Andriamanitra. Esory aminareo ilay mpanao ratsy.
mg_46,6,19,"Ahoana ary? Moa tsy fantatrareo fa ny tenanareo dia tempolin'ny Fanahy Masina, Izay ao anatinareo sady efa azonareo tamin'Andriamanitra? ka tsy tompon'ny tenanareo ianareo.","Ahoana ary? Moa tsy fantatrareo fa ny tenanareo dia tempolin'ny Fanahy Masina, Izay ao anatinareo sady efa azonareo tamin'Andriamanitra? ka tsy tompon'ny tenanareo ianareo.Fa olom-boavidy ianareo, koa dia mankalazà an'Andriamanitra amin'ny tenanareo."
mg_46,7,39,"Ny vavy voafehin'ny lalàna, raha mbola velona ny lahy; fa raha maty kosa ny lahy, dia afaka hanam-bady izay tiany izy, nefa ao amin'ny Tompo ihany.","Ny vavy voafehin'ny lalàna, raha mbola velona ny lahy; fa raha maty kosa ny lahy, dia afaka hanam-bady izay tiany izy, nefa ao amin'ny Tompo ihany.Nefa raha araka ny hevitro, sambatra kokoa izy raha mitoetra toy izao ihany; ary ataoko fa izaho koa manana ny Fanahin'Andriamanitra."
mg_46,8,12,"Fa raha manota toy izany amin'ny rahalahy ianareo ka manimba ny fieritreretan'ny malemy, dia manota amin'i Kristy ianareo.","Fa raha manota toy izany amin'ny rahalahy ianareo ka manimba ny fieritreretan'ny malemy, dia manota amin'i Kristy ianareo.Koa raha ny hanina no mahatafintohina ny rahalahiko, dia tsy hihinan-kena akory aho mandrakizay, fandrao mahatafintohina ny rahalahiko."
mg_46,9,26,"Raha izaho ary, dia mihazakazaka, nefa tsy toy ny manao kitoatoa; ary mamely totohondry aho, nefa tsy toy ny mamely ny rivotra;","Raha izaho ary, dia mihazakazaka, nefa tsy toy ny manao kitoatoa; ary mamely totohondry aho, nefa tsy toy ny mamely ny rivotra;fa asiako mafy ny tenako ho mangana ka andevoziko, fandrao, na dia efa nitory tamin'ny sasany aza aho, dia holavina kosa ny tenako."
mg_46,10,32,"Aza manao izay hahatafintohina ny Jiosy na ny jentilisa na ny fiangonan'Andriamanitra,","Aza manao izay hahatafintohina ny Jiosy na ny jentilisa na ny fiangonan'Andriamanitra,dia tahaka ahy koa manao izay hahafinaritra ny olona rehetra amin'ny zavatra rehetra ka tsy mitady ny mahasoa ahy ihany, fa ny mahasoa ny maro mba hovonjena izy."
mg_46,12,30,Manana fanomezam-pahasoavana ho enti-mahasitrana va izy rehetra? Miteny amin'ny fiteny tsy fantatra va izy rehetra? Mandika teny va izy rehetra?,"Manana fanomezam-pahasoavana ho enti-mahasitrana va izy rehetra? Miteny amin'ny fiteny tsy fantatra va izy rehetra? Mandika teny va izy rehetra?Nefa maniria fatratra ny fanomezam-pahasoavana lehibe indrindra; ary, indro, izay lalana tsara indrindra no atoroko anareo:"
mg_46,13,12,Fa ankehitriny isika mizaha ao amin'ny fitaratra ka tsy mahita marina; fa rahatrizay dia mifanatrika; ankehitriny sombintsombiny no fantatro; fa rahatrizay dia ho fantatro tsara toy izay nahafantarana ahy.,"Fa ankehitriny isika mizaha ao amin'ny fitaratra ka tsy mahita marina; fa rahatrizay dia mifanatrika; ankehitriny sombintsombiny no fantatro; fa rahatrizay dia ho fantatro tsara toy izay nahafantarana ahy.Ary ankehitriny dia ireto telo ireto no mitoetra: ny finoana, ny fanantenana, ny fitiavana: fa ny fitiavana no lehibe amin'ireo."
mg_46,14,39,"Koa amin'izany, ry rahalahiko, maniria fatratra ny haminany, ary aza mandrara tsy hiteny amin'ny fiteny tsy fantatra;","Koa amin'izany, ry rahalahiko, maniria fatratra ny haminany, ary aza mandrara tsy hiteny amin'ny fiteny tsy fantatra;kanefa aoka ny zavatra rehetra hatao amin'ny fahamendrehana sy ny filaminana."
mg_47,1,23,"Ary izaho miantso an'Andriamanitra ho vavolombelona ny amin'ny fanahiko, fa ny fialàko nenina aminareo ihany no tsy mbola nankanesako taty Korinto.","Ary izaho miantso an'Andriamanitra ho vavolombelona ny amin'ny fanahiko, fa ny fialàko nenina aminareo ihany no tsy mbola nankanesako tatỳ Korinto.Kanefa tsy mihambo ho tompon'ny finoanareo izahay, fa mpiara-miasa hampandroso ny fifalianareo, satria finoana no itoeranareo."
mg_47,2,16,amin'ny sasany dia hanitra avy amin'ny fahafatesana ho amin'ny fahafatesana; fa amin'ny sasany kosa dia hanitra avy amin'ny fiainana ho amin'ny fiainana. Koa iza moa no antonona ho amin'izany zavatra izany?,"amin'ny sasany dia hanitra avy amin'ny fahafatesana ho amin'ny fahafatesana; fa amin'ny sasany kosa dia hanitra avy amin'ny fiainana ho amin'ny fiainana. Koa iza moa no antonona ho amin'izany zavatra izany?Fa tsy mba toy ny maro izay manatsatso ny tenin'Andriamanitra hahazoam-bola izahay; fa toy ny amin'ny fahadiovam-po kosa, dia avy amin'Andriamanitra sady eo anatrehan'Andriamanitra no itenenanay ao amin'i Kristy."
mg_47,3,17,Ary ny Tompo izany Fanahy izany; ary izay itoeran'ny Fanahin'ny Tompo no itoeran'ny fahafahana.,"Ary ny Tompo izany Fanahy izany; ary izay itoeran'ny Fanahin'ny Tompo no itoeran'ny fahafahana.Fa isika rehetra kosa amin'ny tava tsy misarona dia mijery ny voninahitry ny Tompo toy ny amin'ny fitaratra, ka ovana hahazo izany endrika izany indrindra avy amin'ny voninahitra ka ho amin'ny voninahitra, toy ny avy amin'ny Tompo, dia ny Fanahy.<n>[Na: Dia tahaka ny fitaratra tarafin'ny voninahitry ny Tompo]</n>"
mg_47,4,17,"Fa ny fahorianay maivana, izay vetivety foana, dia mainka miasa fatratra indrindra ka mahatanteraka voninahitra mavesatra maharitra mandrakariva ho anay,","Fa ny fahorianay maivana, izay vetivety foana, dia mainka miasa fatratra indrindra ka mahatanteraka voninahitra mavesatra maharitra mandrakariva ho anay,raha tsy mijery ny hita izahay, fa ny tsy hita; fa ny hita dia ho vetivety foana, fa ny tsy hita no haharitra mandrakizay."
mg_47,6,17,"Koa mivoaha eo aminy ianareo, ka misaraha aminy, hoy Jehovah, Ary aza manendry izay zavatra tsy madio; Ary Izaho handray anareo.","Koa mivoaha eo aminy ianareo, ka misaraha aminy, hoy Jehovah, Ary aza manendry izay zavatra tsy madio; Ary Izaho handray anareo.Ary ho Rainareo Aho, ary ianareo ho zanako-lahy sy ho zanako-vavy, hoy Jehovah Tsitoha (Isa. 52. 11, 12)."
mg_47,7,15,"Ary vao mainka miraikitra aminareo aza ny fony, raha mahatsiaro ny fanarahanareo rehetra izy, dia ny haben'ny fahatahorana sy ny fangovitana nandraisanareo azy.","Ary vao mainka miraikitra aminareo aza ny fony, raha mahatsiaro ny fanarahanareo rehetra izy, dia ny haben'ny fahatahorana sy ny fangovitana nandraisanareo azy.Ary faly aho fa matoky anareo amin'ny zavatra rehetra."
mg_47,9,14,ary amin'ny fangatahany ho anareo dia manina anareo izy noho ny haben'ny fahasoavan'Andriamanitra aminareo.,ary amin'ny fangatahany ho anareo dia manina anareo izy noho ny haben'ny fahasoavan'Andriamanitra aminareo.Isaorana anie Andriamanitra noho ny fanomezany tsy azo tononina.
mg_47,11,32,Tany Damaskosy ny governora notendren'i Areta mpanjaka dia nampiambina ny tanàna Damaskosy mba hisambotra ahy;,"Tany Damaskosy ny governora notendren'i Areta mpanjaka dia nampiambina ny tanàna Damaskosy mba hisambotra ahy;fa avy teo amin'ny varavarankely eo amin'ny mànda no nampidinana ahy tamin'ny sobiky, ka dia afa-nandositra ny tànany aho."
mg_47,12,20,"Fa matahotra aho, fandrao, rehefa tonga aho, dia hahita anareo ho toy izay tsy tiako, ary ho hitanareo aho ho toy izay tsy tianareo ; fandrao hisy fifandirana, fialonana, fiafonafonana, fifampiandaniana, fanaratsiana, fibitsibitsihana, fieboeboana, fikotranana, -","Fa matahotra aho, fandrao, rehefa tonga aho, dia hahita anareo ho toy izay tsy tiako, ary ho hitanareo aho ho toy izay tsy tianareo ; fandrao hisy fifandirana, fialonana, fiafonafonana, fifampiandaniana, fanaratsiana, fibitsibitsihana, fieboeboana, fikotranana, -eny, fandrao, rehefa tonga indray aho, dia hampietry ahy eo anatrehanareo Andriamanitro, ary izaho hanana alahelo amin'ny maro izay nanota teo aloha ka tsy mbola nibebaka tamin'ny fahalotoana sy ny fijangajangana ary ny fijejojejoana nataony."
mg_47,13,13,Ny olona masina rehetra manao veloma anareo.,Ny olona masina rehetra manao veloma anareo.Ho aminareo rehetra anie ny fahasoavan'i Jesosy Kristy Tompo sy ny fitiavan'Andriamanitra ary ny firaisana amin'ny Fanahy Masina.
mg_48,1,23,"Fa nandre ihany izy hoe: Ilay mpanenjika antsika fahiny, indro izy ankehitriny mitory ny finoana izay noravany fahiny .","Fa nandre ihany izy hoe: Ilay mpanenjika antsika fahiny, indro izy ankehitriny mitory ny finoana izay noravany fahiny .Ary dia nankalazany an'Andriamanitra aho."
mg_48,2,20,"Voahombo miaraka amin'i Kristy amin'ny hazo fijaliana aho, ary tsy izaho intsony no velona, fa Kristy no velona ato anatiko; fa izay ivelomako ankehitriny eo amin'ny nofo dia ivelomako amin'ny finoana ny Zanak'Andriamanitra, Izay efa tia ahy ka nanolotra ny tenany hamonjy ahy.","Voahombo miaraka amin'i Kristy amin'ny hazo fijaliana aho, ary tsy izaho intsony no velona, fa Kristy no velona ato anatiko; fa izay ivelomako ankehitriny eo amin'ny nofo dia ivelomako amin'ny finoana ny Zanak'Andriamanitra, Izay efa tia ahy ka nanolotra ny tenany hamonjy ahy.Tsy mahafoana ny fahasoavan'Andriamanitra aho; fa raha avy amin'ny lalàna ny fahamarinana, dia maty foana Kristy."
mg_48,5,25,"Raha velon'ny Fanahy isika, dia aoka handeha araka ny Fanahy.","Raha velon'ny Fanahy isika, dia aoka handeha araka ny Fanahy.Aoka isika tsy handrani-tena foana ka hifampihaika sy hifampialona."
mg_49,2,21,"ao aminy no irafetan'ny rafitra rehetra, mitombo tsara ho tempoly masina ao amin'ny Tompo.","ao aminy no irafetan'ny rafitra rehetra, mitombo tsara ho tempoly masina ao amin'ny Tompo.Ary ao aminy no miaraka aorina koa ianareo ho fonenan'Andriamanitra amin'ny Fanahy."
mg_49,3,20,"Ary ho an'izay mahay manao mihoatra noho ny zavatra rehetra, eny, mihoatra lavitra noho izay rehetra angatahintsika na heverintsika aza, araka ny hery izay miasa ato amintsika,","Ary ho an'izay mahay manao mihoatra noho ny zavatra rehetra, eny, mihoatra lavitra noho izay rehetra angatahintsika na heverintsika aza, araka ny hery izay miasa ato amintsika,ho Azy anie ny voninahitra ao amin'ny fiangonana sy ao amin'i Kristy Jesosy hatramin'ny taranaka farany indrindra mandrakizay mandrakizay. Amena. <n>[ Gr. eklesia]</n>"
mg_5,1,45,"Dia niverina ianareo ka nitomany teo anatrehan'i Jehovah; nefa tsy nihaino ny feonareo Jehovah, na nanongilana ny sofiny taminareo.","Dia niverina ianareo ka nitomany teo anatrehan'i Jehovah; nefa tsy nihaino ny feonareo Jehovah, na nanongilana ny sofiny taminareo.Dia nitoetra ela tao Kadesy ianareo, araka ny andro izay nitoeranareo tao."
mg_5,2,36,"Hatrany Aroera, izay eo amoron'ny lohasahan-driaka Arnona, dia hatramin'ny tanàna izay ao an-dohasaha ka hatrany Gileada, dia tsy nisy tanàna tsy afatsika; fa izy rehetra dia natolotr'i Jehovah Andriamanitsika teo anoloantsika.","Hatrany Aroera, izay eo amoron'ny lohasahan-driaka Arnona, dia hatramin'ny tanàna izay ao an-dohasaha ka hatrany Gileada, dia tsy nisy tanàna tsy afatsika; fa izy rehetra dia natolotr'i Jehovah Andriamanitsika teo anoloantsika.Kanefa ny tanin'ny taranak'i Amona no tsy nakekenareo, dia ny tany amoron'ny lohasahan-driaka Jaboka, sy ny tanàna ao amin'ny tany havoana, ary izay rehetra nandraran'i Jehovah Andriamanitsika antsika."
mg_5,3,28,"fa mandidia an'i Josoa ianao, dia mampahereza azy sy mampahatanjaha azy; fa izy no handeha hita eo alohan'ity firenena ity, ary izy no hampandova azy ny tany izay ho hitanao.","fa mandidia an'i Josoa ianao, dia mampahereza azy sy mampahatanjaha azy; fa izy no handeha hita eo alohan'ity firenena ity, ary izy no hampandova azy ny tany izay ho hitanao.Ka dia nitoetra tany an-dohasaha tandrifin'i Beti-peora isika."
mg_5,4,48,"hatrany Aroera, izay ao amoron'ny lohasahan-driaka Arnona, ka hatramin'ny tendrombohitra Siona (Hermona izany),","hatrany Aroera, izay ao amoron'ny lohasahan-driaka Arnona, ka hatramin'ny tendrombohitra Siona (Hermona izany),dia ny tani-hay rehetra any an-dafy atsinanan'i Jordana ka hatramin'ny ranomasina amin'ny tani-hay eo ambodin'i Pisga."
mg_5,5,29,"Koa tandremo mba hanao araka izay efa nandidian'i Jehovah Andriamanitrareo anareo; aza mivily, na ho amin'ny ankavanana, na ho amin'ny ankavia;","Koa tandremo mba hanao araka izay efa nandidian'i Jehovah Andriamanitrareo anareo; aza mivily, na ho amin'ny ankavanana, na ho amin'ny ankavia;fa ny lalana rehetra izay nandidian'i Jehovah Andriamanitrareo anareo no halehanareo, mba ho velona ianareo ka hahita soa, ary ho maro andro any amin'ny tany izay holovanareo."
mg_5,6,24,"Ary Jehovah nandidy antsika hanaraka ireo didy rehetra ireo sy hatahotra an'i Jehovah Andriamanitsika, mba hahita soa mandrakariva isika sy ho velona tahaka ny amin'izao anio izao.","Ary Jehovah nandidy antsika hanaraka ireo didy rehetra ireo sy hatahotra an'i Jehovah Andriamanitsika, mba hahita soa mandrakariva isika sy ho velona tahaka ny amin'izao anio izao.Ary ho fahamarinantsika ny mitandrina hanaraka izany didy rehetra izany eo anatrehan'i Jehovah Andriamanitsika, araka izay efa nandidiany antsika."
mg_5,7,25,"Ny sarin-javatra voasokitra, izay andriamaniny, dia hodoranareo amin'ny afo; aza mitsiriritra ny volafotsy na ny volamena izay eo aminy, na maka izany ho anao, fandrao ho voafandriny ianao, fa fahavetavetana eo imason'i Jehovah Andriamanitrao izany.","Ny sarin-javatra voasokitra, izay andriamaniny, dia hodoranareo amin'ny afo; aza mitsiriritra ny volafotsy na ny volamena izay eo aminy, na maka izany ho anao, fandrao ho voafandriny ianao, fa fahavetavetana eo imason'i Jehovah Andriamanitrao izany.Ary aza mitondra fahavetavetana ho ao an-tranonao, fandrao ho voaozona tahaka izany koa ianao; ho halanao sy ho fahavetavetana eo imasonao indrindra izany, fa zavatra voaozona."
mg_5,8,19,"Fa raha manadino an'i Jehovah Andriamanitrao mihitsy ianao ka manaraka izay andriamani-kafa sady manompo azy sy miankohoka eo anatrehany, dia milaza aminareo marimarina aho fa haringana tokoa ianareo:","Fa raha manadino an'i Jehovah Andriamanitrao mihitsy ianao ka manaraka izay andriamani-kafa sady manompo azy sy miankohoka eo anatrehany, dia milaza aminareo marimarina aho fa haringana tokoa ianareo:tahaka ny andringanana ny firenen-tsamy hafa, izay aringan'i Jehovah eo anoloanareo, no handringanana anareo, satria tsy nihaino ny feon'i Jehovah Andriamanitrareo ianareo."
mg_5,11,31,"Fa ianareo efa handeha hita an'i Jordana ka hiditra sy handova ny tany izay omen'i Jehovah Andriamanitrareo anareo, ary handova azy ianareo ka honina eo;","Fa ianareo efa handeha hita an'i Jordana ka hiditra sy handova ny tany izay omen'i Jehovah Andriamanitrareo anareo, ary handova azy ianareo ka honina eo;koa tandremo mba harahinareo ny didy rehetra sy ny fitsipika izay ataoko eo anoloanareo anio."
mg_5,12,30,"dia mitandrema, fandrao voafandrika hanaraka ny fanaony ianao, rehefa voaringana eo anoloanao izy; ary andrao mamotopototra ny amin'ny andriamaniny ianao ka manao hoe: Nanao ahoana no nanompoan'ireny firenena ireny ny andriamaniny? fa izaho koa mba hanao toy izany.","dia mitandrema, fandrao voafandrika hanaraka ny fanaony ianao, rehefa voaringana eo anoloanao izy; ary andrao mamotopototra ny amin'ny andriamaniny ianao ka manao hoe: Nanao ahoana no nanompoan'ireny firenena ireny ny andriamaniny? fa izaho koa mba hanao toy izany.Aza manao toy izany amin'i Jehovah Andriamanitrao; fa ny fahavetavetana rehetra, izay halan'i Jehovah, no nataony tamin'ny andriamaniny; fa ny zananilahy sy ny zananivavy aza dia nodorany tamin'ny afo ho an'ny andriamaniny."
mg_5,13,18,"Ary aoka tsy hisy hiraikitra amin'ny tananao akory ny zavatra efa natolotra holevonina, mba hitsaharan'i Jehovah amin'ny fahatezerany mirehitra hamindrany fo aminao sy hiantrany anao, ary hahamaroany anao araka izay nianianany tamin'ny razanao,","Ary aoka tsy hisy hiraikitra amin'ny tananao akory ny zavatra efa natolotra holevonina, mba hitsaharan'i Jehovah amin'ny fahatezerany mirehitra hamindrany fo aminao sy hiantrany anao, ary hahamaroany anao araka izay nianianany tamin'ny razanao,raha hohenoinao ny feon'i Jehovah Andriamanitrao ka hotandremanao ny didiny rehetra izay andidiako anao anio, mba hanaovana izay mahitsy eo imason'i Jehovah Andriamanitrao."
mg_5,14,28,"Ary isan-telo taona dia alao ny ampahafolon'ny vokatrao rehetra amin'izany taona izany, ka ataovy ao an-tanànanao;","Ary isan-telo taona dia alao ny ampahafolon'ny vokatrao rehetra amin'izany taona izany, ka ataovy ao an-tanànanao;ary dia aoka ho avy ny Levita (satria tsy mba manana anjara na lova eo aminao izy) sy ny vahiny sy ny kamboty ary ny mpitondratena izay ao an-tanànanao, dia hihinana izy ka ho voky, mba hotahin'i Jehovah Andriamanitrao ianao amin'ny asan-tananao rehetra izay ataonao."
mg_5,15,22,"Ao an-tanànanao ihany no hihinananao ireny; na ny olona maloto na ny madio dia samy mahazo mihinana azy, tahaka ny ahazoany mihinana ny gazela sy ny diera.","Ao an-tanànanao ihany no hihinananao ireny; na ny olona maloto na ny madio dia samy mahazo mihinana azy, tahaka ny ahazoany mihinana ny gazela sy ny diera.Kanefa ny ràny no aza hanina, fa aidino amin'ny tany toy ny rano."
mg_5,16,21,"Aza manangana hazo ho Aseraha ho anao eo anilan'ny alitaran'i Jehovah Andriamanitrao, izay ataonao ho anao.","Aza manangana hazo ho Aseraha ho anao eo anilan'ny alitaran'i Jehovah Andriamanitrao, izay ataonao ho anao.Ary aza manao tsangam-baton-tsampy ho anao; fa halan'i Jehovah Andriamanitrao izany."
mg_5,17,19,"Ary ho ao aminy izany ka hovakiny amin'ny andro rehetra hiainany, mba hianarany hatahotra an'i Jehovah Andriamaniny ka hitandrina ny teny rehetra amin'izao lalàna izao sy ireto didy ireto hankatoavany azy,","Ary ho ao aminy izany ka hovakiny amin'ny andro rehetra hiainany, mba hianarany hatahotra an'i Jehovah Andriamaniny ka hitandrina ny teny rehetra amin'izao lalàna izao sy ireto didy ireto hankatoavany azy,mba tsy hiavonavonan'ny fony amin'ny rahalahiny, ary mba tsy hiviliany hiala amin'ny lalàna, na ho amin'ny ankavanana, na ho amin'ny ankavia, mba ho maro andro amin'ny fanjakany eo amin'ny Isiraely; izy sy ny taranany."
mg_5,18,21,Ary raha hoy ianao anakampo: Hataontsika ahoana no fahafantatra ny teny izay tsy nolazain'i Jehovah?,"Ary raha hoy ianao anakampo: Hataontsika ahoana no fahafantatra ny teny izay tsy nolazain'i Jehovah?Raha miteny amin'ny anaran'i Jehovah ny mpaminany, ka tsy efa ny zavatra, na tsy tanteraka, dia teny izay tsy nolazain'i Jehovah izany: tamin'ny fahasahisahiana no nilazan'ny mpaminany izany, koa aza matahotra azy."
mg_5,19,20,Ary ny olona sisa dia handre izany ka hatahotra ary tsy hanao araka izany ratsy izany eo aminao intsony.,"Ary ny olona sisa dia handre izany ka hatahotra ary tsy hanao araka izany ratsy izany eo aminao intsony.Dia tsy hiantra azy ny masonao; fa aina no hataonao solon'ny aina, maso solon'ny maso, nify solon'ny nify, tanana solon'ny tanana, tongotra solon'ny tongotra."
mg_5,20,19,"Raha hataonao fahirano ela ny tanàna izay tafihinao halaina, dia aza simbana kapaina amin'ny famaky ny hazo eo; fa hisy hohaninao amin'ireo, koa aza kapaina, fa olona va ny hazo any an-tsaha, no hataonao fahirano?","Raha hataonao fahirano ela ny tanàna izay tafihinao halaina, dia aza simbana kapaina amin'ny famaky ny hazo eo; fa hisy hohaninao amin'ireo, koa aza kapaina, fa olona va ny hazo any an-tsaha, no hataonao fahirano?Kanefa ny hazo izay fantatrao fa tsy fihinam-boa dia kapao ihany, ka ataovy manda hamelezana ny tanàna izay miady aminao mandra-paharesiny."
mg_5,21,22,Ary raha misy olona manao fahotana izay tokony hahafaty azy ka atao maty ary ahantona amin'ny hazo.,"Ary raha misy olona manao fahotana izay tokony hahafaty azy ka atao maty ary ahantona amin'ny hazo.dia tsy havela hiloaka alina eo amin'ny hazo ny fatiny, fa tsy maintsy halevinao androtr'iny ihany izy (fa voaozon'Andriamanitra ny mihantona amin'ny hazo); koa aza lotoina ny taninao, izay omen'i Jehovah Andriamanitrao anao ho lovanao."
mg_5,22,28,"Raha misy lehilahy mahita zazavavy virijina, izay tsy voafofo ho vadin'olona, ka misavika azy sady mandry aminy, koa hita izy roroa,","Raha misy lehilahy mahita zazavavy virijina, izay tsy voafofo ho vadin'olona, ka misavika azy sady mandry aminy, koa hita izy roroa,dia hanome sekely volafotsy dimam-polo ho an'ny rain-drazazavavy ralehilahy izay nandry taminy; ary hovadiny izy, satria efa nosavihiny sady nandriany; ary tsy azony hisaorana izy amin'ny andro rehetra hiainany."
mg_5,23,25,"Raha mankany amin'ny tanim-boaloboky ny namanao ianao, dia mahazo manaram-po mihinam-boaloboka hahavoky anao; fa aza mitondra mody.","Raha mankany amin'ny tanim-boaloboky ny namanao ianao, dia mahazo manaram-po mihinam-boaloboka hahavoky anao; fa aza mitondra mody.Raha mankany amin'ny tanimbarin'ny namanao ianao, dia mahazo mioty salohim-bary ny tananao; fa aza jinjanao antsy ny varin'ny namanao."
mg_5,24,21,"Raha mioty ny voalobokao ianao, dia aza miverina hitsimpona izay sisa; fa aoka ho an'ny vahiny sy ny kamboty ary ny mpitondratena izany.","Raha mioty ny voalobokao ianao, dia aza miverina hitsimpona izay sisa; fa aoka ho an'ny vahiny sy ny kamboty ary ny mpitondratena izany.Ary tsarovy fa andevo tany amin'ny tany Egypta ianao; koa izany no andidiako anao hanao izany zavatra izany."
mg_5,25,18,"dia ny nitsenany anao teny an-dàlana sy ny namelezany ny vodi-lalanao, dia izay rehetra tsy afaka teo aorianao, raha reraka sy sasatra ianao; fa tsy natahotra an'Andriamanitra izy.","dia ny nitsenany anao teny an-dalana sy ny namelezany ny vodi-lalanao, dia izay rehetra tsy afaka teo aorianao, raha reraka sy sasatra ianao; fa tsy natahotra an'Andriamanitra izy.Ary rehefa omen'i Jehovah Andriamanitrao fitsaharana amin'ny fahavalonao rehetra manodidina ianao any amin'ny tany izay omen'i Jehovah Andriamanitrao anao ho lovanao, dia hovonoinao ny fahatsiarovana ny Amalekita tsy ho eo ambanin'ny lanitra intsony: aza hadinoinao izany."
mg_5,26,18,"Ary Jehovah kosa efa nampiteny anao androany fa firenena rakitra soa ho Azy ianao, araka izay nolazainy taminao, mba hitandremanao ny didiny rehetra,","Ary Jehovah kosa efa nampiteny anao androany fa firenena rakitra soa ho Azy ianao, araka izay nolazainy taminao, mba hitandremanao ny didiny rehetra,sy hanandratany anao ho ambonin'ny firenena rehetra izay nataony, ho fiderana sy ho anarana ary ho voninahitra ary mba ho firenena masina ho an'i Jehovah Andriamanitrao ianao, araka izay nolazainy."
mg_5,27,25,Hozonina izay mandray kolikoly hahafaty olo-marina. Ary ny vahoaka rehetra hanao hoe: Amena.,Hozonina izay mandray kolikoly hahafaty olo-marina. Ary ny vahoaka rehetra hanao hoe: Amena.Hozonina izay tsy mankatò ny tenin'ity lalàna ity. Ary ny vahoaka rehetra hanao hoe: Amena.
mg_5,28,68,"Ary ianao ho entin'i Jehovah an-tsambo hiverina any Egypta amin'izay lalana efa nolazaiko taminao hoe: Tsy hahita izany intsony ianao; dia hivaro-tena ho andevolahy sy ho andevovavy any amin'ny fahavalonareo ianareo, nefa tsy hisy mpividy.","Ary ianao ho entin'i Jehovah an-tsambo hiverina any Egypta amin'izay lalana efa nolazaiko taminao hoe: Tsy hahita izany intsony ianao; dia hivaro-tena ho andevolahy sy ho andevovavy any amin'ny fahavalonareo ianareo, nefa tsy hisy mpividy.<n>[Filazana ny faneken'i Jehovah tamin'ny Isiraely, sy fananarana azy, andrao misy mandika izany fanekena izany]</n> IZAO no tenin'ny fanekena izay nandidian'i Jehovah an'i Mosesy hatao amin'ny Zanak'Isiraely tany amin'ny tany Moaba, afa-tsy ilay fanekena nataony taminy tao Horeba."
mg_5,29,27,"ary fahavinirana sy fahatezerana ary fahatezerana mirehitra no nandroahan'i Jehovah azy tsy ho eo amin'ny taniny sy nampandehanany azy ho any amin'ny tany hafa, tahaka ny amin'izao anio izao.","ary fahavinirana sy fahatezerana ary fahatezerana mirehitra no nandroahan'i Jehovah azy tsy ho eo amin'ny taniny sy nampandehanany azy ho any amin'ny tany hafa, tahaka ny amin'izao anio izao.An'i Jehovah Andriamanitsika ny zava-miafina; fa antsika sy ny zanatsika mandrakizay kosa ny zavatra ambara, hankatoavantsika ny teny rehetra amin'ity lalàna ity."
mg_5,30,19,"Miantso ny lanitra sy ny tany aho anio ho vavolombelona aminareo fa efa nataoko teo anoloanao ny fiainana sy ny fahafatesana ary ny fitahiana sy ny fanozonana; koa mifidiana ny fiainana, mba ho velona ianao sy ny taranakao,","Miantso ny lanitra sy ny tany aho anio ho vavolombelona aminareo fa efa nataoko teo anoloanao ny fiainana sy ny fahafatesana ary ny fitahiana sy ny fanozonana; koa mifidiana ny fiainana, mba ho velona ianao sy ny taranakao,dia ny ho tia an'i Jehovah Andriamanitrao ianao ka hihaino ny feony sy hifikitra aminy; fa izany no fiainanao sy fahamaroan'ny andronao, mba honenanao eo amin'ny tany izay nianianan'i Jehovah tamin'i Abrahama sy Isaka ary Jakoba razanao, homena azy."
mg_5,31,29,"Fa fantatro fa rehefa maty aho, dia hanao ratsy tokoa ianareo ka hiala amin'ny lalana izay nasaiko nalehanareo; dia ho tratry ny loza ianareo any am-parany, satria hanao izay ratsy eo imason'i Jehovah ianareo ka hampahatezitra Azy amin'ny asan'ny tananareo.","Fa fantatro fa rehefa maty aho, dia hanao ratsy tokoa ianareo ka hiala amin'ny lalana izay nasaiko nalehanareo; dia ho tratry ny loza ianareo any am-parany, satria hanao izay ratsy eo imason'i Jehovah ianareo ka hampahatezitra Azy amin'ny asan'ny tananareo.Dia nolazain'i Mosesy teo anatrehan'ny fiangonana, dia ny Isiraely rehetra, ny tenin'izao fihirana izao mandra-pahavitany."
mg_5,33,28,"Ary mandry fahizay Isiraely, Mitokana irery ny loharanon'i Jakoba Ao amin'ny tany be vary sy ranom-boaloboka, Eny, mampilatsaka ando ny lanitra eo amboniny.","Ary mandry fahizay Isiraely, Mitokana irery ny loharanon'i Jakoba Ao amin'ny tany be vary sy ranom-boaloboka, Eny, mampilatsaka ando ny lanitra eo amboniny.Sambatra ianao, ry Isiraely; Iza no tahaka anao, ry olona voavonjin'i Jehovah, Ampingan'ny famonjena anao sy sabatry ny voninahitrao! Hikoy anao ny fahavalonao. Ary ianao handia ny fitoerany avo."
mg_5,34,11,"tamin'ny famantarana rehetra sy ny fahagagana, izay nanirahan'i Jehovah azy mba hataony tany Egypta tamin'i Farao sy ny mpanompony rehetra ary ny taniny rehetra","tamin'ny famantarana rehetra sy ny fahagagana, izay nanirahan'i Jehovah azy mba hataony tany Egypta tamin'i Farao sy ny mpanompony rehetra ary ny taniny rehetraary tamin'ny herin-tanana rehetra sy ny fampahatahorana lehibe rehetra, izay nasehon'i Mosesy teo imason'ny Isiraely rehetra."
mg_50,1,29,"Fa ianareo efa nomena noho ny an'i Kristy, tsy ny hino Azy ihany, fa ny hiharam-pahoriana koa noho ny aminy,","Fa ianareo efa nomena noho ny an'i Kristy, tsy ny hino Azy ihany, fa ny hiharam-pahoriana koa noho ny aminy,dia manana izany ady izany ianareo, izay hitanareo teo amiko sady mbola renareo fa ato amiko ihany ankehitriny."
mg_50,2,29,"Koa raiso ao amin'ny Tompo izy amin'ny fifaliana indrindra, ary omeo voninahitra izay olona tahaka izany;","Koa raiso ao amin'ny Tompo izy amin'ny fifaliana indrindra, ary omeo voninahitra izay olona tahaka izany;fa saiky maty izy noho ny asan'i Kristy sady nanao ny ainy tsy ho zavatra mba hanefa izay tsy vitanareo tamin'ny fanompoana ahy."
mg_50,4,22,"Manao veloma anareo ny olona masina rehetra, indrindra fa ny ankohonan'i Kaisara.","Manao veloma anareo ny olona masina rehetra, indrindra fa ny ankohonan'i Kaisara.Ho amin'ny fanahinareo anie ny fahasoavan'i Jesosy Kristy Tompo."
mg_51,1,28,"Izy no torinay, ka samy anarinay sy ampianarinay amin'ny fahendrena rehetra ny olona rehetra, mba samy hatolotray ho tanteraka ao amin'i Kristy izy rehetra.","Izy no torinay, ka samy anarinay sy ampianarinay amin'ny fahendrena rehetra ny olona rehetra, mba samy hatolotray ho tanteraka ao amin'i Kristy izy rehetra.Ary ny hahatanteraka izany no ikelezako aina koa sy iezahako fatratra araka ny fiàsan'ny herin'ilay miasa mahery ato anatiko."
mg_51,3,24,satria fantatrareo fa ny Tompo no handraisanareo ny lova ho valiny; fa manompo an'i Kristy Tompo ianareo.,"satria fantatrareo fa ny Tompo no handraisanareo ny lova ho valiny; fa manompo an'i Kristy Tompo ianareo.Fa izay manao ny tsy marina dia handray araka ny tsy marina nataony; fa tsy misy fizahan-tavan'olona,"
mg_51,4,17,Ary lazao amin'i Arkipo hoe: Tandremo ny fanompoana izay noraisinao tao amin'ny Tompo mba hahatanterahanao izany.,"Ary lazao amin'i Arkipo hoe: Tandremo ny fanompoana izay noraisinao tao amin'ny Tompo mba hahatanterahanao izany.Ity no veloma ataon'ny tanako, izaho Paoly. Tsarovy ny fifatorako. Ho aminareo anie ny fahasoavana."
mg_52,1,9,"Fa ireny ihany no milaza ny aminay, dia izay fidirana azonay ho aty aminareo sy ny nialanareo tamin'ny sampy hiverenana amin'Andriamanitra mba hanompo an'Andriamanitra velona sy marina,","Fa ireny ihany no milaza ny aminay, dia izay fidirana azonay ho atỳ aminareo sy ny nialanareo tamin'ny sampy hiverenana amin'Andriamanitra mba hanompo an'Andriamanitra velona sy marina,ary mba hiandry ny Zanany avy any an-danitra, Izay natsangany tamin'ny maty, dia Jesosy, izay Mpanafaka antsika amin'ny fahatezerana ho avy."
mg_52,3,12,"Ary ny Tompo anie hampitombo sy hampandroso anareo amin'ny fifankatiavana sy ny fitiavana ny olona rehetra, dia tahaka anay aminareo koa,","Ary ny Tompo anie hampitombo sy hampandroso anareo amin'ny fifankatiavana sy ny fitiavana ny olona rehetra, dia tahaka anay aminareo koa,mba hampiorina ny fonareo tsy hanan-tsiny amin'ny fahamasinana eo anatrehan'Andriamanitra Raintsika amin'ny fihavian'i Jesosy Tompontsika mbamin'ny masiny rehetra."
mg_52,4,17,"ary rehefa afaka izany, dia isika izay velona ka mbola mitoetra no hakarina hiaraka aminy ho eny amin'ny rahona hitsena ny Tompo any amin'ny habakabaka; dia ho any amin'ny Tompo mandrakariva isika.","ary rehefa afaka izany, dia isika izay velona ka mbola mitoetra no hakarina hiaraka aminy ho eny amin'ny rahona hitsena ny Tompo any amin'ny habakabaka; dia ho any amin'ny Tompo mandrakariva isika.Koa dia mifampionòna ianareo amin'izany teny izany."
mg_53,1,11,"Ary izany no angatahinay mandrakariva ny aminareo, mba hataon'Andriamanitsika ho miendrika ny fiantsoana ianareo, ary hotanterahiny amin'ny hery ny fankasitrahana tsara rehetra sy ny asan'ny finoana,","Ary izany no angatahinay mandrakariva ny aminareo, mba hataon'Andriamanitsika ho miendrika ny fiantsoana ianareo, ary hotanterahiny amin'ny hery ny fankasitrahana tsara rehetra sy ny asan'ny finoana,mba hankalazaina ao aminareo ny anaran'i Jesosy Tompontsika, ary ianareo ao aminy kosa, araka ny fahasoavan'Andriamanitsika sy Jesosy Kristy Tompo."
mg_53,3,17,"Ity no veloma ataon'ny tanako, izaho Paoly; izao no famantarana eo amin'ny epistily rehetra; izao no soratro.","Ity no veloma ataon'ny tanako, izaho Paoly; izao no famantarana eo amin'ny epistily rehetra; izao no soratro.Ho aminareo rehetra anie ny fahasoavan'i Jesosy Kristy Tompontsika."
mg_54,1,19,"amin'ny itananao ny finoana sy ny fieritreretana tsara, izay efa narian'ny sasany, ka toy ny olona vaky sambo izy ny amin'ny finoana;","amin'ny itananao ny finoana sy ny fieritreretana tsara, izay efa narian'ny sasany, ka toy ny olona vaky sambo izy ny amin'ny finoana;naman'ireny Hymeneo sy Aleksandro, izay natolotro ho an'i Satana mba hofaizana tsy hiteny ratsy. <n>[ Gr. hanao blasfemia, izahao Mat. 9,3]</n>"
mg_54,2,14,"Ary tsy Adama no voafitaka, fa ny vehivavy no voafitaka, ka dia tonga mpanota.","Ary tsy Adama no voafitaka, fa ny vehivavy no voafitaka, ka dia tonga mpanota.Nefa hovonjena ihany izy amin'ny fiterahan-jaza, raha maharitra amin'ny finoana sy ny fitiavana ary ny fahamasinana mbamin'ny fahononan-tena."
mg_54,4,15,"Mazotoa hihevitra izany zavatra izany, dia mikeleza aina fatratra amin'izany, mba hiseho amin'ny olona rehetra ny fandrosoanao.","Mazotoa hihevitra izany zavatra izany, dia mikeleza aina fatratra amin'izany, mba hiseho amin'ny olona rehetra ny fandrosoanao.Tandremo ny tenanao sy ny fampianaranao, ka mahareta amin'izany; fa raha manao izany ianao, dia hamonjy ny tenanao sy izay mihaino anao."
mg_54,5,24,"Ny fahotan'ny olona sasany miharihary ka mialoha ho amin'ny fitsarana, fa ny an'ny sasany kosa manaraka ato aoriana.","Ny fahotan'ny olona sasany miharihary ka mialoha ho amin'ny fitsarana, fa ny an'ny sasany kosa manaraka ato aoriana.Ary miharihary toy izany koa ny asa tsara; ary izay tsy toy izany dia tsy ho azo afenina."
mg_54,6,20,"Ry Timoty, tehirizo ilay natolotra anao, ka mialà amin'ny fibedibedena foana sy ny fanoherana avy amin'izay atao hoe fahalalana, kanjo tsy izy,","Ry Timoty, tehirizo ilay natolotra anao, ka mialà amin'ny fibedibedena foana sy ny fanoherana avy amin'izay atao hoe fahalalana, kanjo tsy izy,izay neken'ny sasany, ka nania tamin'ny finoana izy. Ho aminareo anie ny fahasoavana."
mg_55,1,17,"fa raha tany Roma izy, dia nitady ahy fatratra ka nahita","fa raha tany Roma izy, dia nitady ahy fatratra ka nahita(ny Tompo anie hampahita azy famindram-po amin'ny Tompo amin'izay andro izay); ary ny hafatratry ny nanompoany ahy tany Efesosy dia fantatrao tsara."
mg_55,2,25,"mananatra ny mpanohitra amin'ny fahamoram-panahy; fa angamba Andriamanitra hanome azy fibebahana hahalalany tsara ny marina,","mananatra ny mpanohitra amin'ny fahamoram-panahy; fa angamba Andriamanitra hanome azy fibebahana hahalalany tsara ny marina,ka hody ny sainy ho afaka amin'ny fandriky ny devoly, izay nanao azy sambo-belona hanao ny sitrapony. <n>[ Na: ka hody ny sainy - ho afaka amin'ny fandriky ny devoly, izay nanao azy sambo-belona - hanao ny sitrapon'Andriamanitra; na: fa ataon'ny mpanompon'ny Tompo sambo-belona izay hanao ny sitrapon'Andriamanitra]</n>"
mg_55,3,16,"Izay soratra rehetra nomen'ny tsindrimandrin'Andriamanitra dia mahasoa koa ho fampianarana, ho fandresen-dahatra, ho fanitsiana izay diso, ho fitaizana amin'ny fahamarinana,","Izay soratra rehetra nomen'ny tsindrimandrin'Andriamanitra dia mahasoa koa ho fampianarana, ho fandresen-dahatra, ho fanitsiana izay diso, ho fitaizana amin'ny fahamarinana,mba ho tanteraka ny olon'Andriamanitra, ho vonona tsara ho amin'ny asa tsara rehetra."
mg_55,4,21,Mazotoa hankaty alohan'ny ririnina. Manao veloma anao Eobolo sy Poda sy Lino sy Klaodia mbamin'ny rahalahy rehetra.,Mazotoa hankatỳ alohan'ny ririnina. Manao veloma anao Eobolo sy Poda sy Lino sy Klaodia mbamin'ny rahalahy rehetra.Ho amin'ny fanahinao anie ny Tompo. Ho aminareo anie ny fahasoavana.
mg_56,1,15,Madio avokoa ny zavatra rehetra raha amin'ny olona madio; fa raha amin'ny olona voaloto sady tsy mino kosa dia tsy misy madio na inona na inona; fa voaloto na ny sainy na ny fieritreretany.,"Madio avokoa ny zavatra rehetra raha amin'ny olona madio; fa raha amin'ny olona voaloto sady tsy mino kosa dia tsy misy madio na inona na inona; fa voaloto na ny sainy na ny fieritreretany.Manaiky fa mahalala an'Andriamanitra izy, nefa mandà Azy amin'ny asany, dia olona vetaveta sady tsy manaraka ary olona tsy izy, izay tsy manao asa tsara na inona na inona."
mg_56,2,14,"Izay nanolotra ny tenany hamonjy antsika, mba hanavotany antsika ho afaka amin'ny ota rehetra, sy hanadiovany izay olona ho an'ny tenany, sady ho mazoto indrindra amin'ny asa tsara izany.","Izay nanolotra ny tenany hamonjy antsika, mba hanavotany antsika ho afaka amin'ny ota rehetra, sy hanadiovany izay olona ho an'ny tenany, sady ho mazoto indrindra amin'ny asa tsara izany.Izany no lazao sy ananaro ary andrarao amin'ny fahefana rehetra. Aza avela hisy hanao tsinontsinona anao."
mg_56,3,14,"Ary aoka ny antsika koa hianatra hanao asa tsara hahazoany izay ilainy, fandrao tsy hisy vokatra izy.","Ary aoka ny antsika koa hianatra hanao asa tsara hahazoany izay ilainy, fandrao tsy hisy vokatra izy.Manao veloma anao izay rehetra atỳ amiko. Manaova veloma izay rehetra tia anay amin'ny finoana. Ho aminareo rehetra anie ny fahasoavana."
mg_57,1,24,"sy Marka sy Aristarko sy Demasy ary Lioka, mpiara-miasa amiko.","sy Marka sy Aristarko sy Demasy ary Lioka, mpiara-miasa amiko.Ho amin'ny fanahinareo anie ny fahasoavan'i Jesosy Kristy Tompontsika. Amena."
mg_58,2,17,"Koa amin'izany dia miendrika mba hatao tahaka ny rahalahiny amin'ny zavatra rehetra Izy, mba ho Mpisoronabe mamindra fo sy mahatoky ny amin'Andriamanitra, mba hanaovany fanavotana noho ny heloky ny olona.","Koa amin'izany dia miendrika mba hatao tahaka ny rahalahiny amin'ny zavatra rehetra Izy, mba ho Mpisoronabe mamindra fo sy mahatoky ny amin'Andriamanitra, mba hanaovany fanavotana noho ny heloky ny olona.Fa satria nalaim-panahy ny tenany tamin'ny fahoriana nentiny, dia mahavonjy izay alaim-panahy koa Izy. <n>[ Na: satria nijaly ny tenany, raha nalaim-panahy izy]</n>"
mg_58,3,18,"Ary iza no nianianany fa tsy hiditra any amin'ny fitsaharany, afa-tsy izay tsy nanaiky?","Ary iza no nianianany fa tsy hiditra any amin'ny fitsaharany, afa-tsy izay tsy nanaiky?Ka dia hitantsika fa tsy nahazo niditra izy ireo noho ny tsi-finoany."
mg_58,4,15,"Fa isika tsy manana mpisoronabe izay tsy mahay miara-mitondra ny fahalementsika, fa Izay efa nalaim-panahy tamin'ny zavatra rehetra tahaka antsika, kanefa tsy nanana ota.","Fa isika tsy manana mpisoronabe izay tsy mahay miara-mitondra ny fahalementsika, fa Izay efa nalaim-panahy tamin'ny zavatra rehetra tahaka antsika, kanefa tsy nanana ota.Koa aoka isika hanatona ny seza fiandrianan'ny fahasoavana amin'ny fahasahiana, mba hahazoantsika famindram-po sy hahitantsika fahasoavana ho famonjena amin'izay andro mahory. <n>[ Gr. tandrifin'izany]</n>"
mg_58,5,13,"Fa izay rehetra mivelona amin'ny ronono dia tsy zatra amin'ny tenin'ny fahamarinana, satria mbola zaza-bodo.","Fa izay rehetra mivelona amin'ny ronono dia tsy zatra amin'ny tenin'ny fahamarinana, satria mbola zaza-bodo.Fa ho an'izay efa lehibe ny ventin-kanina, dia ho an'izay manana ny saina efa zatra nampiasaina tsara ka mahay manavaka ny tsara sy ny ratsy. <n>[ Na: tanteraka]</n>"
mg_58,6,19,izay ananantsika ho vatofantsiky ny aina sady mafy no tsy mihetsika ary miditra any anatin'ny efitra lamba;,"izay ananantsika ho vatofantsiky ny aina sady mafy no tsy mihetsika ary miditra any anatin'ny efitra lamba;tany no nidiran'i Jesosy ho Mpialoha antsika, rehefa tonga Mpisoronabe ""mandrakizay araka ny fanaon'i Melkizedeka"" Izy."
mg_58,7,27,"Izay tsy mila hanatitra fanatitra isan'andro tahaka ny ataon'ireny mpisoronabe ireny, voalohany noho ny otan'ny tenany, dia vao noho ny an'ny olona kosa; fa izany dia nataony indray mandeha ihany, raha nanatitra ny tenany Izy.","Izay tsy mila hanatitra fanatitra isan'andro tahaka ny ataon'ireny mpisoronabe ireny, voalohany noho ny otan'ny tenany, dia vao noho ny an'ny olona kosa; fa izany dia nataony indray mandeha ihany, raha nanatitra ny tenany Izy.Fa ny lalàna dia manendry olona izay manana fahalemena ho mpisoronabe; fa ny tenin'ny fianianana kosa, izay tato aorian'ny lalàna, dia manendry ny Zanaka, Izay notanterahina ho mandrakizay."
mg_58,9,27,"Ary tahaka ny nanendrena ny olona ny ho faty indray mandeha, ary rehefa afaka izany, dia hisy fitsarana,","Ary tahaka ny nanendrena ny olona ny ho faty indray mandeha, ary rehefa afaka izany, dia hisy fitsarana,dia tahaka izany koa Kristy, rehefa natolotra indray mandeha hitondra ny otan'ny maro, dia hiseho fanindroany, tsy amin'ota, amin'izay miandry Azy, ho famonjena."
mg_58,11,39,"Ary ireo rehetra ireo, na dia efa nahazo laza tsara noho ny finoana aza, dia tsy mba nandray ny teny fikasana,","Ary ireo rehetra ireo, na dia efa nahazo laza tsara noho ny finoana aza, dia tsy mba nandray ny teny fikasana,fa Andriamanitra efa namboatra izay tsara lavitra ho antsika, mba tsy hatao tanteraka ireo raha tsy efa mby eo koa isika."
mg_58,13,24,Manaova veloma amin'izay rehetra mpitondra anareo sy ny olona masina rehetra. Izay an'Italia dia manao veloma anareo.,Manaova veloma amin'izay rehetra mpitondra anareo sy ny olona masina rehetra. Izay an'Italia dia manao veloma anareo.Ho aminareo rehetra anie ny fahasoavana. Amena.
mg_59,1,26,"Raha misy manao azy ho mpivavaka, nefa tsy mamehy ny vavany, fa mamitaka ny fony, dia zava-poana ny fivavahan'izany olona izany.","Raha misy manao azy ho mpivavaka, nefa tsy mamehy ny vavany, fa mamitaka ny fony, dia zava-poana ny fivavahan'izany olona izany.Izao no fivavahana madio sady tsy misy loto eo anatrehan'Andriamanitra Ray: ny mamangy ny kamboty sy ny mpitondratena amin'ny fahoriany, sy ny miaro ny tena tsy hisy pentimpentina avy amin'izao tontolo izao."
mg_59,2,25,"Ary toy izany koa Rahaba janga, tsy nohamarinina tamin'ny asa va izy tamin'ny nandraisany ireny iraka ireny sy ny nampandehanany azy tamin'ny lalan-kafa?","Ary toy izany koa Rahaba janga, tsy nohamarinina tamin'ny asa va izy tamin'ny nandraisany ireny iraka ireny sy ny nampandehanany azy tamin'ny lalan-kafa?Fa maty ny tena, raha tsy misy fanahy, ary maty toy izany koa ny finoana, raha tsy misy asa."
mg_59,4,16,Fa izao dia mirehareha amin'ny fahasahianareo ianareo; ratsy ny fireharehana rehetra toy izany.,"Fa izao dia mirehareha amin'ny fahasahianareo ianareo; ratsy ny fireharehana rehetra toy izany.Koa izay mahalala hanao soa, nefa tsy manao, dia heloka ho azy izany."
mg_59,5,19,"Ry rahalahiko, raha misy eo aminareo miala amin'ny fahamarinana, ary misy anankiray mampibebaka azy,","Ry rahalahiko, raha misy eo aminareo miala amin'ny fahamarinana, ary misy anankiray mampibebaka azy,aoka ho fantany fa izay mampibebaka ny mpanota hiala amin'ny lalan'ny fahadisoany dia hamonjy fanahy tsy ho faty sady hanarona heloka be."
mg_6,1,17,Araka ny nihainoanay an'i Mosesy tamin'ny zavatra rehetra no hihainoanay anao koa; homba anao anie Jehovah Andriamanitrao tahaka ny nombany an'i Mosesy.,Araka ny nihainoanay an'i Mosesy tamin'ny zavatra rehetra no hihainoanay anao koa; homba anao anie Jehovah Andriamanitrao tahaka ny nombany an'i Mosesy.Izay rehetra mandà ny didinao ka tsy mihaino ny teninao amin'izay rehetra andidianao azy dia hatao maty; koa mahereza sy matanjaha ianao.
mg_6,2,23,"Dia niverina izy roa lahy ka nidina avy tany an-tendrombohitra, dia nita ny ony ary nankany amin'i Josoa, zanak'i Nona, ka nilaza ny zavatra rehetra izay efa nihatra taminy,","Dia niverina izy roa lahy ka nidina avy tany an-tendrombohitra, dia nita ny ony ary nankany amin'i Josoa, zanak'i Nona, ka nilaza ny zavatra rehetra izay efa nihatra taminy,ka hoy izy tamin'i Josoa: Efa natolotr'i Jehovah eo an-tanantsika tokoa ny tany rehetra; ary efa ketraka ny mponina rehetra amin'ny tany noho ny tahotra antsika."
mg_6,4,23,"Fa nataon'i Jehovah Andriamanitrareo maina ny falehan'ny rano Jordana teo anoloanareo mandra-pitanareo, dia tahaka ny nataon'i Jehovah Andriamanitrareo tamin'ny Ranomasina Mena, izay nataony maina teo anoloantsika mandra-pitantsika,","Fa nataon'i Jehovah Andriamanitrareo maina ny falehan'ny rano Jordana teo anoloanareo mandra-pitanareo, dia tahaka ny nataon'i Jehovah Andriamanitrareo tamin'ny Ranomasina Mena, izay nataony maina teo anoloantsika mandra-pitantsika,mba ho fantatry ny firenena rehetra ambonin'ny tany fa mahery ny tànan'i Jehovah, ary mba hatahorany an'i Jehovah Andriamanitrareo mandrakizay."
mg_6,5,14,"Dia hoy Izy: Tsia; fa Izaho dia Komandin'ny miaramilan'i Jehovah ka tonga aty ankehitriny. Dia niankohoka tamin'ny tany Josoa ka nanao taminy hoe: Inona no holazainao amin'ny mpanomponao, Tompokolahy ?","Dia hoy Izy: Tsia; fa Izaho dia Komandin'ny miaramilan'i Jehovah ka tonga atỳ ankehitriny. Dia niankohoka tamin'ny tany Josoa ka nanao taminy hoe: Inona no holazainao amin'ny mpanomponao, Tompokolahy ?Dia hoy Ilay Komandin'ny miaramilan'i Jehovah tamin'i Josoa: Esory amin'ny tongotrao ny kapanao; fa masina io tany ijanonanao io. Dia nataon'i Josoa izany."
mg_6,6,26,"Dia nilaza fanozonana Josoa tamin'izany andro izany ka nanao hoe: Ho voaozona eo anatrehan'i Jehovah izay olona mitsangana manorina ity tanàna Jeriko ity indray; ny ain'ny lahimatoany no ho sazin'ny hanorenany ny fanambaniny, ary ny ain'ny faralahiny no ho sazin'ny hananganany ny vavahadiny.","Dia nilaza fanozonana Josoa tamin'izany andro izany ka nanao hoe: Ho voaozona eo anatrehan'i Jehovah izay olona mitsangana manorina ity tanàna Jeriko ity indray; ny ain'ny lahimatoany no ho sazin'ny hanorenany ny fanambaniny, ary ny ain'ny faralahiny no ho sazin'ny hananganany ny vavahadiny.Ary Jehovah nomba an'i Josoa, ka niely tamin'ny tany rehetra ny lazany."
mg_6,7,25,Ary hoy Josoa: Adray ny loza nampidirinao taminay! Mba hahatonga loza aminao kosa Jehovah anio. Dia nitora-bato azy ny Isiraely rehetra ary nandoro ireny tamin'ny afo sady nanangom-bato teo amboniny.,Ary hoy Josoa: Adray ny loza nampidirinao taminay! Mba hahatonga loza aminao kosa Jehovah anio. Dia nitora-bato azy ny Isiraely rehetra ary nandoro ireny tamin'ny afo sady nanangom-bato teo amboniny.Dia nanao antontam-bato lehibe hanarona azy mandraka androany izy. Ary Jehovah dia nionona tamin'ny fahatezerany mirehitra. Izany no nanaovana ny anaran'izany tany mandraka androany hoe Lohasaha Akora.<n>[Akora = fampidiran-doza]</n>
mg_6,8,34,"Ary rehefa afaka izany, dia namaky ny tenin'ny lalàna rehetra izy, dia ny fitahiana sy ny fanozonana, araka izay rehetra voasoratra eo amin'ny bokin'ny lalàna.","Ary rehefa afaka izany, dia namaky ny tenin'ny lalàna rehetra izy, dia ny fitahiana sy ny fanozonana, araka izay rehetra voasoratra eo amin'ny bokin'ny lalàna.Tsy nisy teny tamin'izay rehetra nandidian'i Mosesy, izay tsy novakin'i Josoa teo anatrehan'ny fiangonana, dia ny Isiraely rehetra, mbamin'ny vehivavy sy ny ankizy madinika ary ny vahiny izay teo aminy."
mg_6,9,26,"Dia nanao izany taminy izy ka namonjy azy tamin'ny tanan'ny Zanak'Isiraely, mba tsy hahafaty azy ireo.","Dia nanao izany taminy izy ka namonjy azy tamin'ny tanan'ny Zanak'Isiraely, mba tsy hahafaty azy ireo.Dia natolotr'i Josoa tamin'izany andro izany ireo ho mpikapa hazo sy ho mpantsaka rano ho an'ny fiangonana sy ho an'ny alitaran'i Jehovah mandraka androany eo amin'ny tany izay hofidiny."
mg_6,10,42,"Ary ireo mpanjaka rehetra ireo sy ny taniny dia azon'i Josoa indray mandeha, satria Jehovah, Andriamanitry ny Isiraely, no niady ho an'ny Isiraely.","Ary ireo mpanjaka rehetra ireo sy ny taniny dia azon'i Josoa indray mandeha, satria Jehovah, Andriamanitry ny Isiraely, no niady ho an'ny Isiraely.Dia niverina Josoa sy ny Isiraely rehetra teo aminy ho any an-toby tany Gilgala."
mg_6,11,22,Tsy nisy sisa tany amin'ny tanin'ny Zanak'Isiraely ny Anakita; fa tany Gaza sy Gata ary Asdoda ihany no mbola nisy sisa.,"Tsy nisy sisa tany amin'ny tanin'ny Zanak'Isiraely ny Anakita; fa tany Gaza sy Gata ary Asdoda ihany no mbola nisy sisa.Dia lasan'i Josoa avokoa ny tany rehetra, araka izay rehetra nolazain'i Jehovah tamin'i Mosesy; ary nomen'i Josoa ho lovan'ny Isiraely izany, araka ny fizaran'ny fireneny. Dia nitsahatra ny ady ka nandry ny tany."
mg_6,12,23,"ny mpanjakan'i Dora eo amin'ny havoan'i Dora, iray; ny mpanjakan'ny firenen-tsamy hafa any Gilgala, iray;","ny mpanjakan'i Dora eo amin'ny havoan'i Dora, iray; ny mpanjakan'ny firenen-tsamy hafa any Gilgala, iray;ny mpanjakan'i Tirza, iray. Iraika amby telo-polo no isan'ny mpanjaka rehetra."
mg_6,13,32,Ireo no voazaran'i Mosesy ho lova tany Arbota-moaba an-dafy atsinanan'i Jordana tandrifin'i Jeriko.,"Ireo no voazaran'i Mosesy ho lova tany Arbota-moaba an-dafy atsinanan'i Jordana tandrifin'i Jeriko.Ary ny firenen'i Levy tsy mba nomen'i Mosesy lova; fa Jehovah, Andriamanitry ny Isiraely, no lovany, araka izay efa nolazainy taminy."
mg_6,14,14,"Izany no nahatongavan'i Hebrona ho lovan'i Kaleba, zanak'i Jefone, Kenizita, mandraka androany satria tanteraka tamin'ny fanarahana an'i Jehovah, Andriamanitry ny Isiraely, izy.","Izany no nahatongavan'i Hebrona ho lovan'i Kaleba, zanak'i Jefone, Kenizita, mandraka androany satria tanteraka tamin'ny fanarahana an'i Jehovah, Andriamanitry ny Isiraely, izy.Ary tanànan'Arba no anaran'i Hebrona taloha; ilay lehilahy vaventy tamin'ny Anakita izany Arba izany. Dia nandry ny tany ka tsy nisy ady intsony.<n>[Na: Kiriat-arba; izahao Jos. xv. 54]</n>"
mg_6,15,62,sy Nibsana sy ilay Tanànantsira ary En-jedy: tanàna enina sy ny zana-bohiny.,"sy Nibsana sy ilay Tanànantsira ary En-jedy: tanàna enina sy ny zana-bohiny.Ary ny amin'ny Jebosita, mponina any Jerosalema, dia tsy naharoaka azy ny taranak'i Joda; fa miara-monina amin'ny taranak'i Joda any Jerosalema mandraka androany izy ireny."
mg_6,16,9,"mbamin'ny tanàna natokana ho an'ny taranak'i Efraima teo amin'ny lovan'ny taranak'i Manase koa, dia ny tanàna rehetra mbamin'ny zana-bohiny.","mbamin'ny tanàna natokana ho an'ny taranak'i Efraima teo amin'ny lovan'ny taranak'i Manase koa, dia ny tanàna rehetra mbamin'ny zana-bohiny.Ary tsy nandroaka ny Kananita izay nonina tany Gazera izy; fa monina eo amin'i Efraima ny Kananita mandraka androany ka ampanaovina fanompoana."
mg_6,17,16,"Dia hoy ny taranak'i Josefa: Tsy ampy ho anay ny tany havoana; ary manana kalesy vy ny Kananita rehetra, izay monina any amin'ny tany lemaka, dia izay any Beti-sana sy ny zana-bohiny ary izay any amin'ny tany lemaka Jezirela.","Dia hoy ny taranak'i Josefa: Tsy ampy ho anay ny tany havoana; ary manana kalesy vy ny Kananita rehetra, izay monina any amin'ny tany lemaka, dia izay any Beti-sana sy ny zana-bohiny ary izay any amin'ny tany lemaka Jezirela.Dia hoy Josoa tamin'ny taranak'i Josefa, dia Efraima sy Manase: Firenena lehibe ianao ka mahery indrindra: tsy anjara iray ihany no ho azonao, fa tany havoana koa; fa ala izany ka tevezo, dia ho anao ny an-tsisiny: fa handroaka ny Kananita ianao, na dia manana kalesy vy aza izy ireo sady mahery.<n>[Na: fa]</n>"
mg_6,18,27,sy Rekema sy Iripela sy Tarala,sy Rekema sy Iripela sy Taralasy Zela sy Elefa sy ny Jebosita (Jerosalema izany) sy Gibea sy Kiriata: tanàna efatra ambin'ny folo sy ny zana-bohiny. Izany no lovan'ny taranak'i Benjamina araka ny fokony.<n>[Na: ny havoan'i Kiriata]</n>
mg_6,19,50,"Araka ny tenin'i Jehovah dia nomeny azy ny tanàna izay nangatahiny, dia Timnata-sera any amin'ny tany havoan'i Efraima: dia nanamboatra ny tanàna izy ka nitoetra tao.","Araka ny tenin'i Jehovah dia nomeny azy ny tanàna izay nangatahiny, dia Timnata-sera any amin'ny tany havoan'i Efraima: dia nanamboatra ny tanàna izy ka nitoetra tao.Ireo no lova izay nozarain'i Eleazara mpisorona sy Josoa, zanak'i Nona, ary ny lohan'ny fianakaviana tamin'ny firenen'ny Zanak'Isiraely tao Silo teo anatrehan'i Jehovah, dia teo am-baravaran'ny trano-lay fihaonana, araka ny filokana. Dia vitany avokoa ny nizarany ny tany."
mg_6,21,44,"Dia nomen'i Jehovah fitsaharana amin'ny manodidina izy, araka izay rehetra nianiananany tamin'ny razany, ka tsy nisy lehilahy tamin'ny fahavalony rehetra nahajanona teo anoloany; fa natolotr'i Jehovah teo an-tanany avokoa ny fahavalony rehetra.","Dia nomen'i Jehovah fitsaharana amin'ny manodidina izy, araka izay rehetra nianiananany tamin'ny razany, ka tsy nisy lehilahy tamin'ny fahavalony rehetra nahajanona teo anoloany; fa natolotr'i Jehovah teo an-tànany avokoa ny fahavalony rehetra.Tsy nisy latsata na dia kely akory aza ny zava-tsoa rehetra izay nolazain'i Jehovah tamin'ny taranak'Isiraely; fa tanteraka avokoa izany rehetra izany."
mg_6,22,33,"Ary sitraky ny zanak'Isiraely izany, dia nisaotra an'Andriamanitra ny Zanak'Isiraely ka tsy nihevitra hiakatra hiady aminy intsony handrava ny tany izay nonenan'ny taranak'i Robena sy Gada.","Ary sitraky ny zanak'Isiraely izany, dia nisaotra an'Andriamanitra ny Zanak'Isiraely ka tsy nihevitra hiakatra hiady aminy intsony handrava ny tany izay nonenan'ny taranak'i Robena sy Gada.Dia nasian'ny taranak'i Robena sy Gada anarana hoe Edy ilay alitara fa vavolombelona ho amintsika roa tonta io fa Jehovah no Andriamanitra."
mg_6,23,15,"Ary tahaka ny efa nanatanterahana taminareo ny zava-tsoa rehetra, izay nolazain'i Jehovah Andriamanitrareo taminareo, no hanatanterahan'i Jehovah aminareo kosa ny loza rehetra mandra-paharingany anareo tsy ho eo amin'ity tany soa nomen'i Jehovah Andriamanitrareo anareo ity.","Ary tahaka ny efa nanatanterahana taminareo ny zava-tsoa rehetra, izay nolazain'i Jehovah Andriamanitrareo taminareo, no hanatanterahan'i Jehovah aminareo kosa ny loza rehetra mandra-paharingany anareo tsy ho eo amin'ity tany soa nomen'i Jehovah Andriamanitrareo anareo ity.Amin'izay hivadihanareo ny faneken'i Jehovah Andriamanitrareo, izay nandidiany anareo, sy handehananareo hanompo ireo andriamani-kafa ary hiankohofanareo eo anatrehany, dia hirehitra aminareo ny fahatezeran'i Jehovah, ary ho lany ringana faingana ianareo tsy ho eo amin'ny tany soa nomeny anareo."
mg_60,1,24,"Fa ""ny nofo rehetra dia tahaka ny ahitra, Ary izay mety ho voninahiny dia tahaka ny vonin'ny ahitra. Malazo ny ahitra, ka mihintsana ny voniny;","Fa ""ny nofo rehetra dia tahaka ny ahitra, Ary izay mety ho voninahiny dia tahaka ny vonin'ny ahitra. Malazo ny ahitra, ka mihintsana ny voniny;Fa ny tenin'ny Tompo maharitra mandrakizay"" (Isa. 40.6 - 8). Ary izany no tenin'ny filazantsara izay notorina taminareo."
mg_60,5,13,"Izay any Babylona, voafidy ho namanareo, manao veloma anareo, ary Marka zanako koa.","Izay any Babylona, voafidy ho namanareo, manao veloma anareo, ary Marka zanako koa.Mifanaova veloma amin'ny fanoroham-pitiavana. Ho aminareo rehetra izay ao amin'i Kristy anie ny fiadanana."
mg_61,1,20,fa fantatrareo voalohany indrindra fa ny famoahan-kevitry ny faminaniana ao amin'ny Soratra Masina dia tsy efan'ny fisainan'ny olona fotsiny ihany;,fa fantatrareo voalohany indrindra fa ny famoahan-kevitry ny faminaniana ao amin'ny Soratra Masina dia tsy efan'ny fisainan'ny olona fotsiny ihany;fa tsy nisy faminaniana avy tamin'ny sitrapon'ny olona tany aloha rehetra; fa avy tamin'Andriamanitra no nitenenan'ny olona araka izay nitondran'ny Fanahy Masina azy.
mg_61,2,21,"Fa tsara aminy raha tsy nahalala ny lalan'ny fahamarinana toy izay hiala amin'ny didy masina natolotra azy, rehefa nahalala izany izy.","Fa tsara aminy raha tsy nahalala ny lalan'ny fahamarinana toy izay hiala amin'ny didy masina natolotra azy, rehefa nahalala izany izy.Efa mihatra aminy ny ohabolana marina hoe: ""Ny amboa miverina indray amin'ny loany"" (Oha. 26. 11), ary: ""Ny kisoavavy efa nisasa dia mihosim-potaka indray."""
mg_61,3,17,"Koa, satria fantatrareo rahateo izany, ry malala, dia tandremo fandrao ho voataonan'ny fahadisoan'ny ratsy fanahy ianareo ka ho lavo hiala amin'izay iorenanareo;","Koa, satria fantatrareo rahateo izany, ry malala, dia tandremo fandrao ho voataonan'ny fahadisoan'ny ratsy fanahy ianareo ka ho lavo hiala amin'izay iorenanareo;fa mitomboa amin'ny fahasoavana sy ny fahalalana an'i Jesosy Kristy, Tompontsika sy Mpamonjy. Ho Azy anie ny voninahitra ankehitriny sy mandrakizay. Amena."
mg_62,2,28,"Ary ankehitriny, anaka, tomoera ao aminy, mba hananantsika fahasahiana, raha hiseho Izy, ka tsy ho menatra eo anatrehany amin'ny fihaviany.","Ary ankehitriny, anaka, tomoera ao aminy, mba hananantsika fahasahiana, raha hiseho Izy, ka tsy ho menatra eo anatrehany amin'ny fihaviany.Raha fantatrareo fa marina Izy, dia fantaro fa izay rehetra manao ny marina no zanany naterany."
mg_62,4,20,"Raha misy manao hoe: Tia an'Andriamanitra aho, nefa mankahala ny rahalahiny, dia mpandainga izy; fa izay tsy tia ny rahalahiny izay hitany, hataony ahoana no fitia an'Andriamanitra Izay tsy hitany?","Raha misy manao hoe: Tia an'Andriamanitra aho, nefa mankahala ny rahalahiny, dia mpandainga izy; fa izay tsy tia ny rahalahiny izay hitany, hataony ahoana no fitia an'Andriamanitra Izay tsy hitany?Ary izao no didy efa azontsika taminy: Izay tia an'Andriamanitra dia tsy maintsy tia ny rahalahiny koa."
mg_63,1,12,"Manana zavatra maro hosoratana aminareo aho, nefa tsy tiako hatao amin'ny taratasy sy ny ranomainty izany; fa manantena ho tonga aty aminareo aho ka hiteny mifanatrika, mba ho tanteraka ny fifalianareo.","Manana zavatra maro hosoratana aminareo aho, nefa tsy tiako hatao amin'ny taratasy sy ny ranomainty izany; fa manantena ho tonga atỳ aminareo aho ka hiteny mifanatrika, mba ho tanteraka ny fifalianareo.Ny zanaky ny rahavavinao voafidy manao veloma anao."
mg_64,1,14,"fa manantena hahita anao faingana ihany aho, dia hiteny mifanatrika isika.","fa manantena hahita anao faingana ihany aho, dia hiteny mifanatrika isika.Ho aminao anie ny fiadanana. Ny sakaiza atỳ manao veloma anao. Veloma amin'ny sakaiza tsirairay araka ny anarany avy."
mg_65,1,24,"Ary ho an'izay maharo anareo mba tsy ho tafintohina, ary hametraka anareo tsy hanan-tsiny eo anoloan'ny voninahiny amin'ny firavoravoana,","Ary ho an'izay maharo anareo mba tsy ho tafintohina, ary hametraka anareo tsy hanan-tsiny eo anoloan'ny voninahiny amin'ny firavoravoana,ho an'Andriamanitra tokana, Mpamonjy antsika, amin'ny alalan i Jesosy Kristy Tompontsika anie, ny voninahitra sy ny fahalehibiazana, ny fanjakana sy ny fahefana hatramin'ny taloha indrindra sy ankehitriny ary mandrakizay. Amena."
mg_66,1,19,"Koa soraty izay zavatra efa hitanao, na izay zavatra ankehitriny, na izay zavatra mbola ho avy rahatrizay,","Koa soraty izay zavatra efa hitanao, na izay zavatra ankehitriny, na izay zavatra mbola ho avy rahatrizay,dia ny zava-miafina ny amin'ny kintana fito izay efa hitanao teny an-tanako ankavanana sy ny fanaovan-jiro volamena fito. Ny kintana fito dia ny anjelin'ny fiangonana fito: ary ny fanaovan-jiro fito dia fiangonana fito. <n>[ Gr. eklesia]</n>"
mg_66,2,28,Ary homeko azy ny kintana fitarika andro.,"Ary homeko azy ny kintana fitarika andro.Izay manan-tsofina, aoka izy hihaino izay lazain'ny Fanahy amin'ny fiangonana. <n>[ Gr. eklesia]</n>"
mg_66,3,21,"Izay maharesy dia havelako hiara-mipetraka amiko eo ambonin'ny seza fiandrianako, dia tahaka ny nandreseko kosa sy ny niarahako nipetraka amin'ny Raiko eo ambonin'ny seza fiandrianany.","Izay maharesy dia havelako hiara-mipetraka amiko eo ambonin'ny seza fiandrianako, dia tahaka ny nandreseko kosa sy ny niarahako nipetraka amin'ny Raiko eo ambonin'ny seza fiandrianany.Izay manan-tsofina, aoka izy hihaino izay lazain'ny Fanahy amin'ny fiangonana. <n>[ Gr. eklesia]</n>"
mg_66,5,13,"Ary izao zavatra ary rehetra izao, na izay any an-danitra, na izay ety ambonin'ny tany sy any ambanin'ny tany, na izay any an-dranomasina mbamin'izay rehetra ao anatiny, dia reko samy nanao hoe: Ho an'ilay mipetraka eo ambonin'ny seza fiandrianana sy ho an'ny Zanak'ondry anie ny saotra sy ny haja sy ny voninahitra ary ny fanjakana mandrakizay mandrakizay.","Ary izao zavatra ary rehetra izao, na izay any an-danitra, na izay etỳ ambonin'ny tany sy any ambanin'ny tany, na izay any an-dranomasina mbamin'izay rehetra ao anatiny, dia reko samy nanao hoe: Ho an'ilay mipetraka eo ambonin'ny seza fiandrianana sy ho an'ny Zanak'ondry anie ny saotra sy ny haja sy ny voninahitra ary ny fanjakana mandrakizay mandrakizay.Ary ny zava-manan'aina efatra nanao hoe: Amena. Ary ny loholona dia niankohoka ka nivavaka. <n>[ Gr. presbytera]</n>"
mg_66,6,16,"ary hoy izy tamin'ny tendrombohitra sy ny vatolampy; Mianjerà aminay, ka afeno izahay amin'ny tavan'ilay mipetraka eo ambonin'ny seza fiandrianana sy amin'ny fahatezeran'ny Zanak'ondry;","ary hoy izy tamin'ny tendrombohitra sy ny vatolampy; Mianjerà aminay, ka afeno izahay amin'ny tavan'ilay mipetraka eo ambonin'ny seza fiandrianana sy amin'ny fahatezeran'ny Zanak'ondry;fa tonga ny andro lehiben'ny fahatezeran'ireo, ka iza no mahajanona? <n>[ Na: ny fahatezerany]</n>"
mg_66,7,16,Tsy ho noana na hangetaheta intsony ireo; ary tsy haninona azy ny masoandro na izay hafanana akory.,Tsy ho noana na hangetaheta intsony ireo; ary tsy haninona azy ny masoandro na izay hafanana akory.Fa ny Zanak'ondry Izay eo afovoan'ny seza fiandrianana no ho Mpiandry azy ka hitondra azy ho amin'ny loharanon'ny ranon'aina; ary hofafan'Andriamanitra ny ranomaso rehetra amin'ny masony (Isa. 25. 8).
mg_66,8,12,"Ary ny anjely fahefatra nitsoka, dia nasiana ny ampahatelon'ny masoandro sy ny ampahatelon'ny volana ary ny ampahatelon'ny kintana rehetra, mba ho maizina ny ampahatelony, ka tsy hazava ny ampahatelon'ny andro, mba ho toy izany koa ny alina.","Ary ny anjely fahefatra nitsoka, dia nasiana ny ampahatelon'ny masoandro sy ny ampahatelon'ny volana ary ny ampahatelon'ny kintana rehetra, mba ho maizina ny ampahatelony, ka tsy hazava ny ampahatelon'ny andro, mba ho toy izany koa ny alina.Dia nahita ny nahare voromahery anankiray nanidina teny afovoan'ny lanitra aho, izay nanao tamin'ny feo mahery hoe: Loza, loza, loza ho an'izay monina eny ambonin'ny tany noho ny feo sisa an'ny trompetry ny anjely telo izay efa hitsoka!"
mg_66,9,20,"Nefa ny olona sisa, izay tsy matin'ireo loza ireo, dia tsy nibebaka hiala tamin'ny asan'ny tanany, mba tsy hivavaka amin'ny demonia sy ny sampy volamena sy volafotsy sy varahina sy vato ary hazo, izay tsy mahajery, na mahare, na afa-mamindra;","Nefa ny olona sisa, izay tsy matin'ireo loza ireo, dia tsy nibebaka hiala tamin'ny asan'ny tànany, mba tsy hivavaka amin'ny demonia sy ny sampy volamena sy volafotsy sy varahina sy vato ary hazo, izay tsy mahajery, na mahare, na afa-mamindra;ary tsy nibebaka tamin'ny namonoany olona izy, na tamin'ny nanaovany ody ratsy, na tamin'ny fijangajangany, na tamin'ny halatra nataony koa."
mg_66,10,10,"Dia noraisiko ilay boky kely teny an-tanan'ny anjely ka nohaniko avokoa; ary raha nataoko teo am-bavako izy, dia mamy tahaka ny tantely, kanjo nony voateliko, dia nangidy ny kiboko.","Dia noraisiko ilay boky kely teny an-tanan'ny anjely ka nohaniko avokoa; ary raha nataoko teo am-bavako izy, dia mamy tahaka ny tantely, kanjo nony voateliko, dia nangidy ny kiboko.Ary nisy nilaza tamiko hoe: Tsy maintsy maminany indray ianao ny amin'ny olona maro sy ny firenena maro sy ny fiteny maro ary ny mpanjaka maro."
mg_66,11,18,"Ary tezitra ny firenena maro, ary tonga ny fahatezeranao Sy ny fotoana hitsarana ny maty, sy hanomezana valim-pitia ny mpaminany mpanomponao sy ny olona masina ary izay matahotra ny anaranao, na kely na lehibe, ary mba hanimbanao izay manimba ny tany.","Ary tezitra ny firenena maro, ary tonga ny fahatezeranao Sy ny fotoana hitsarana ny maty, sy hanomezana valim-pitia ny mpaminany mpanomponao sy ny olona masina ary izay matahotra ny anaranao, na kely na lehibe, ary mba hanimbanao izay manimba ny tany.Ary novohana ny tempolin'Andriamanitra any an-danitra, ka hita ny fiaran'ny fanekeny teo anatin'ny tempoliny; ary nisy helatra sy feo sy kotrokorana sy horohorontany ary havandra vaventy."
mg_66,12,16,"Nefa ny tany namonjy an-dravehivavy, fa nivava ny tany ka nitelina ny riaka izay navoaky ny dragona tamin'ny vavany.","Nefa ny tany namonjy an-dravehivavy, fa nivava ny tany ka nitelina ny riaka izay navoaky ny dragona tamin'ny vavany.Dia tezitra tamin'ilay vehivavy ny dragona ka lasa nandeha hiady tamin'ny zanany sisa, izay mitandrina ny didin'Andriamanitra sy mitana ny filazana an'i Jesosy. Ary nitsangana teo ambonin'ny fasiky ny ranomasina izy."
mg_66,13,17,"mba tsy hisy hahazo hividy na hivarotra, afa-tsy izay manana ny marika, dia ny anaran'ny bibi-dia, na ny isan'ny anarany.","mba tsy hisy hahazo hividy na hivarotra, afa-tsy izay manana ny marika, dia ny anaran'ny bibi-dia, na ny isan'ny anarany.Indro ny fahendrena. Aoka izay manan-tsaina hanisa ny isan'ny bibi-dia, fa fanisan'olona izany; ary enina amby enim-polo amby enin-jato no isany."
mg_66,14,19,"Ary naroson'ilay anjely tamin'ny tany ny fijinjany, dia nangoniny ny voaloboky ny tany ka nazerany tao amin'ny famiazana lehibe, dia ny fahatezeran'Andriamanitra.","Ary naroson'ilay anjely tamin'ny tany ny fijinjany, dia nangoniny ny voaloboky ny tany ka nazerany tao amin'ny famiazana lehibe, dia ny fahatezeran'Andriamanitra.Ary voahitsaka teny ivelan'ny tanàna ny famiazana, ary avy tao amin'ny famiazana dia nisy rà nahadifotra hatramin'ny lamboridin-tsoavaly ka lasa hatramin'ny enin-jato amby arivo stadio."
mg_66,15,7,"Ary ny anankiray tamin'ny zava-manan'aina efatra nanome ny anjely fito lovia volamena fito, feno ny fahatezeran'Andriamanitra, Izay velona mandrakizay mandrakizay.","Ary ny anankiray tamin'ny zava-manan'aina efatra nanome ny anjely fito lovia volamena fito, feno ny fahatezeran'Andriamanitra, Izay velona mandrakizay mandrakizay.Ary ny tempoly dia feno setroka avy tamin'ny voninahitr'Andriamanitra sy ny heriny, ka tsy nisy nahazo niditra tao amin'ny tempoly mandra-pahatanteraky ny loza fito nentin'ny anjely fito."
mg_66,16,20,"Ary ny nosy rehetra nandositra, ary ny tendrombohitra tsy hita intsony.","Ary ny nosy rehetra nandositra, ary ny tendrombohitra tsy hita intsony.Ary nisy havandra vaventy nilatsaka avy tany an-danitra ho amin'ny olona, tokony ho lanjan-talenta iray avy; ary niteny ratsy an'Andriamanitra ny olona noho ny loza avy tamin'ny havandra; fa lehibe loatra izany loza izany."
mg_66,17,17,Fa Andriamanitra efa nanome fo ireo hanatanteraka ny heviny sy hifanara-tsaina ary hanome ny fanjakany ho an'ilay bibi-dia mandra-pahatanteraky ny tenin'Andriamanitra.,"Fa Andriamanitra efa nanome fo ireo hanatanteraka ny heviny sy hifanara-tsaina ary hanome ny fanjakany ho an'ilay bibi-dia mandra-pahatanteraky ny tenin'Andriamanitra.Ary ravehivavy, ilay hitanao, dia tanàna lehibe, izay manjaka amin'ny mpanjakan'ny tany."
mg_66,18,23,ary ny fahazavan'ny jiro tsy mba hahazava eo aminao intsony; ary ny feon'ny mpampakatra sy ny ampakarina tsy ho re eo aminao intsony; fa lehiben'ny tany ny mpandrantonao; fa ny ody ratsinao no nentinao namitaka ny firenena rehetra.,ary ny fahazavan'ny jiro tsy mba hahazava eo aminao intsony; ary ny feon'ny mpampakatra sy ny ampakarina tsy ho re eo aminao intsony; fa lehiben'ny tany ny mpandrantonao; fa ny ody ratsinao no nentinao namitaka ny firenena rehetra.Ary teo anatiny no nahitana ny ran'ny mpaminany sy ny olona masina sy itsy rehetra novonoina teny ambonin'ny tany.
mg_66,19,20,"Ary nosamborina ilay bibi-dia mbamin'ny mpaminany sandoka, dia ilay nanao ny famantarana teo anatrehany, izay nentiny namitaka ny efa nandray ny mariky ny bibi-dia sady miankohoka eo anoloan'ny sariny; ary dia natsipy velona ho any amin'ny farihy afo mirehitra solifara izy roroa.","Ary nosamborina ilay bibi-dia mbamin'ny mpaminany sandoka, dia ilay nanao ny famantarana teo anatrehany, izay nentiny namitaka ny efa nandray ny mariky ny bibi-dia sady miankohoka eo anoloan'ny sariny; ary dia natsipy velona ho any amin'ny farihy afo mirehitra solifara izy roroa.Ary ny olona sisa dia matin'ny sabatra mivoaka avy amin'ny vavan'ilay mitaingina ny soavaly; ary ny vorona rehetra dia voky ny nofony."
mg_66,21,26,Ary ny voninahitra sy ny hajan'ny firenena maro dia ho entina ao anatiny.,"Ary ny voninahitra sy ny hajan'ny firenena maro dia ho entina ao anatiny.Ary tsy mba hiditra ao mihitsy izay tsy masina, na izay manao vetaveta, na izay mandainga, fa izay voasoratra ao anatin'ny bokin'ny fiainana izay an'ny Zanak'ondry ihany."
mg_7,1,35,"fa tian'ny Amorita hitoerana indrindra ny tendrombohitra Heresa sy ny tany Aialona sy Salbima; nefa nahery ny tanan'ny taranak'i Josefa, ka dia nampanaovina fanompoana ireo.","fa tian'ny Amorita hitoerana indrindra ny tendrombohitra Heresa sy ny tany Aialona sy Salbima; nefa nahery ny tanan'ny taranak'i Josefa, ka dia nampanaovina fanompoana ireo.Ary ny fari-tanin'ny Amorita dia hatramin'ny fiakarana Akrabima ka hatramin'ilay harambato no ho mankany."
mg_7,2,22,"mba hizahako toetra ny Isiraely amin'ireny, na hitandrina ny lalan'i Jehovah ka handeha amin'izany araka izay nitandreman'ny razany izany izy, na tsia.","mba hizahako toetra ny Isiraely amin'ireny, na hitandrina ny lalan'i Jehovah ka handeha amin'izany araka izay nitandreman'ny razany izany izy, na tsia.Dia navelan'i Jehovah ireny firenena ireny ka tsy noroahiny faingana; sady tsy voatolony teo an-tànan'i Josoa ireny."
mg_7,3,30,Dia resin'ny tanan'ny Isiraely ny Moabita tamin'izany andro izany. Ary nandry valo-polo taona ny tany.,"Dia resin'ny tanan'ny Isiraely ny Moabita tamin'izany andro izany. Ary nandry valo-polo taona ny tany.Ary nanarakaraka azy Samgara, zanak'i Anata, izay namely ny Filistina enin-jato lahy tamin'ny fanindronan-omby; dia namonjy ny Isiraely koa izy."
mg_7,4,23,"Dia naetrin'Andriamanitra teo anoloan'ny Zanak'Isiraely tamin'izany andro izany Jabina, mpanjakan'i Kanana.","Dia naetrin'Andriamanitra teo anoloan'ny Zanak'Isiraely tamin'izany andro izany Jabina, mpanjakan'i Kanana.Ary ny tanan'ny Zanak'Isiraely nihahery tamin'i Jabina, mpanjakan'i Kanana, mandra-pandringany azy."
mg_7,5,30,"Tsy efa mahita va izy? Tsy mizara babo va izy? Dia zazavavy iray na roa ho an'ny isan-dahy, Ary lamba samy hafa volo ho babon'i Sisera, Lamba roa samy hafa soratra ho eo am-bozon'ny nahazo babo.","Tsy efa mahita va izy? Tsy mizara babo va izy? Dia zazavavy iray na roa ho an'ny isan-dahy, Ary lamba samy hafa volo ho babon'i Sisera, Lamba roa samy hafa soratra ho eo am-bozon'ny nahazo babo.Ho levona tahaka izany anie ny fahavalonao rehetra, Jehovah ô; Fa aoka izay tia Azy kosa ho tahaka ny masoandro, raha miposaka amin'ny heriny izy. Dia nandry ny tany efa-polo taona."
mg_7,6,39,"Ary hoy koa Gideona tamin'Andriamanitra: Aoka tsy hirehitra amiko ny fahatezeranao, fa hiteny izao indray mandeha izao monja aho; aoka mba hizahako izao indray mandeha izao monja amin'ny volon'ondry: aoka ny volon'ondry ihany no ho maina, fa ny tany rehetra kosa no ho lenan'ny ando.","Ary hoy koa Gideona tamin'Andriamanitra: Aoka tsy hirehitra amiko ny fahatezeranao, fa hiteny izao indray mandeha izao monja aho; aoka mba hizahako izao indray mandeha izao monja amin'ny volon'ondry: aoka ny volon'ondry ihany no ho maina, fa ny tany rehetra kosa no ho lenan'ny ando.Dia nataon'Andriamanitra izany tamin'ny alin'iny, ka ny volon'ondry ihany no maina, fa ny tany rehetra kosa dia lenan'ny ando."
mg_7,7,24,"Ary Gideona naniraka olona hitety ny tany havoan'i Efraima rehetra ka nanao hoe: Midina hisakana ny Midiana, ka vonjeo ny rano eo alohany hatrany Beti-bara sy Jordana. Dia nivory ny lehilahy rehetra amin'ny Efraima ka namonjy ny rano hatrany Beti-bara sy Jordana.","Ary Gideona naniraka olona hitety ny tany havoan'i Efraima rehetra ka nanao hoe: Midina hisakana ny Midiana, ka vonjeo ny rano eo alohany hatrany Beti-bara sy Jordana. Dia nivory ny lehilahy rehetra amin'ny Efraima ka namonjy ny rano hatrany Beti-bara sy Jordana.Ary nisambotra ny andriana roa lahy amin'ny Midiana izy, dia Oreba sy Zeba, ary Oreba novonoiny teo ambonin'ny vatolampin'i Oreba, ary Zeba novonoiny teo amin'ny famiazam-boalobok'i Zeba, dia nanenjika ny Midiana izy; ary ny lohan'i Oreba sy Zeba dia nentiny tany amin'i Gideona tany an-dafin'i Jordana."
mg_7,8,34,"Ary ny Zanak'Isiraely tsy nahatsiaro an'i Jehovah Andriamaniny, Izay efa namonjy azy tamin'ny tanan'ny fahavalony rehetra nanodidina,","Ary ny Zanak'Isiraely tsy nahatsiaro an'i Jehovah Andriamaniny, Izay efa namonjy azy tamin'ny tanan'ny fahavalony rehetra nanodidina,sady tsy nanao soa tamin'ny taranak'i Jerobala (na Gideona), araka izay soa rehetra nataon'i Gideona tamin'ny Isiraely, izy."
mg_7,9,56,"Izany no namalian'Andriamanitra ny ratsy nataon'i Abimeleka, izay efa nataony tamin'ny rainy tamin'ny namonoany ny rahalahiny fito-polo lahy.","Izany no namalian'Andriamanitra ny ratsy nataon'i Abimeleka, izay efa nataony tamin'ny rainy tamin'ny namonoany ny rahalahiny fito-polo lahy.Ary ny ratsy rehetra nataon'ny mponina tao Sekema dia natsingerin'Andriamanitra tamin'ny lohany avokoa, ka dia nihatra taminy ilay fanozonana nataon'i Jotama, zanak'i Jerobala."
mg_7,10,17,Dia nivory ny taranak'i Amona ka nitoby tany Gileada. Ary nivory kosa ny Zanak'Isiraely ka nitoby tany Mizpa.,"Dia nivory ny taranak'i Amona ka nitoby tany Gileada. Ary nivory kosa ny Zanak'Isiraely ka nitoby tany Mizpa.Dia nifampiera ny olona, dia ireo andrianan'i Gileada, hoe: Iza no lehilahy handeha voalohany hiady amin'ny taranak'i Amona? dia ho lohany amin'ny mponina rehetra any Gileada izy."
mg_7,11,39,"Ary rehefa tapitra ny roa volana, dia niverina tany amin'ny rainy izy; ary nataony taminy araka ny voadiny izay nataony; ary tsy mbola nahalala lahy izy. Ary tonga fanao tamin'ny Isiraely","Ary rehefa tapitra ny roa volana, dia niverina tany amin'ny rainy izy; ary nataony taminy araka ny voadiny izay nataony; ary tsy mbola nahalala lahy izy. Ary tonga fanao tamin'ny Isiraelyny fandehanan'ny zazavavin'ny Isiraely isan-taona hankalaza ny zanakavavin'i Jefta Gileadita hefarana isan-taona.<n>[Na: hitomany]</n>"
mg_7,12,14,"Ary nanana zanakalahy efa-polo sy zafy telo-polo izay nitaingina zana-boriky fito-polo izy, ary nitsara ny Isiraely valo taona.","Ary nanana zanakalahy efa-polo sy zafy telo-polo izay nitaingina zana-boriky fito-polo izy, ary nitsara ny Isiraely valo taona.Dia maty Abdona, zanak'i Elela, avy any Piratona, ka nalevina tany Piratona, any amin'ny tanin'ny Efraima any amin'ny tany havoan'ny Amalekita."
mg_7,13,24,"Ary niteraka zazalahy ravehivavy, ka ny anarany nataony hoe Samsona; dia nitombo ny zaza, ary Jehovah nitahy azy.","Ary niteraka zazalahy ravehivavy, ka ny anarany nataony hoe Samsona; dia nitombo ny zaza, ary Jehovah nitahy azy.Dia niantomboka nanindry azy indraindray ny Fanahin'i Jehovah tany Mahane-dana, teo anelanelan'i Zora sy Estaola.<n>[Mahane-dana = Tobin'i Dana]</n>"
mg_7,14,19,"Dia nilatsaka tamin'i Samsona ny Fanahin'i Jehovah ka nidina nankany Askelona izy, dia namono telo-polo lahy tao, ary nalainy ny fitafian'ireo ka nomeny ho an'izay nilaza ny fampanonona. Dia nirehitra ny fahatezeran'i Samsona, ka niakatra nankany amin'ny tranon-drainy izy.","Dia nilatsaka tamin'i Samsona ny Fanahin'i Jehovah ka nidina nankany Askelona izy, dia namono telo-polo lahy tao, ary nalainy ny fitafian'ireo ka nomeny ho an'izay nilaza ny fampanonona. Dia nirehitra ny fahatezeran'i Samsona, ka niakatra nankany amin'ny tranon-drainy izy.Ary ny vadiny dia lasan'ny namany, izay efa nataony sakaizany."
mg_7,16,30,"Dia hoy Samsona: Aoka hiara-maty amin'ny Filistina aho. Dia nezahiny mafy, ka dia nianjera tamin'ireo andriana sy ny vahoaka rehetra izay teo ny trano. Ary ny maty izay novonoiny teo amin'ny nahafatesany no be lavitra noho izay novonoiny tamin'ny andro niainany.","Dia hoy Samsona: Aoka hiara-maty amin'ny Filistina aho. Dia nezahiny mafy, ka dia nianjera tamin'ireo andriana sy ny vahoaka rehetra izay teo ny trano. Ary ny maty izay novonoiny teo amin'ny nahafatesany no be lavitra noho izay novonoiny tamin'ny andro niainany.Ary nidina ny rahalahiny sy ny mpianakavin-drainy rehetra, dia naka ny fatiny ka nitondra azy niakatra, dia nandevina azy teo anelanelan'i Zora sy Estaola tao amin'ny fasan'i Manoa rainy. Ary izy efa nitsara ny Isiraely roa-polo taona."
mg_7,17,12,"Dia natokan'i Mika ilay Levita, ka dia tonga mpisorony izy ary nitoetra tao an-tranon'i Mika.","Dia natokan'i Mika ilay Levita, ka dia tonga mpisorony izy ary nitoetra tao an-tranon'i Mika.Dia hoy Mika: Fantatro izao fa hanisy soa ahy Jehovah, satria manana ity Levita ity ho mpisoroko aho."
mg_7,19,29,"Ary rehefa tonga tao an-tranony izy, dia naka antsy, ka noraisiny ny fatin'ny vaditsindranony, dia norasainy araka ny famavanin'ny taolana ho roa ambin'ny folo toko, ka nampitondrainy eran'ny tanin'ny Isiraely rehetra.","Ary rehefa tonga tao an-tranony izy, dia naka antsy, ka noraisiny ny fatin'ny vaditsindranony, dia norasainy araka ny famavanin'ny taolana ho roa ambin'ny folo toko, ka nampitondrainy eran'ny tanin'ny Isiraely rehetra.Ary hoy ity rehetra nahita: Tsy nisy zavatra natao na hita toy izany hatramin'ny andro niakaran'ny Zanak'Isiraely avy tany amin'ny tany Egypta ka mandraka androany; hevero izany, samia maka saina, ka ambarao."
mg_7,21,24,"Dia samy nandeha niala teo ny Zanak'Isiraely tamin'izany andro izany, samy ho any amin'ny fireneny sy ny fokony avy; dia niala teo ho any amin'ny lovany avy ny olona rehetra.","Dia samy nandeha niala teo ny Zanak'Isiraely tamin'izany andro izany, samy ho any amin'ny fireneny sy ny fokony avy; dia niala teo ho any amin'ny lovany avy ny olona rehetra.Tsy nisy mpanjaka teo amin'ny Isiraely tamin'izany andro izany; fa samy nanao izay nataony ho marina avy izy rehetra."
mg_8,1,21,"Nivoaka nanam-be aho, fa ampodin'i Jehovah tsy manana na inona na inona. Nahoana aho no ataonareo hoe Naomy, fa Jehovah efa nitsangan-ko fahavaloko, ary ny Tsitoha efa nampahory ahy?","Nivoaka nanam-be aho, fa ampodin'i Jehovah tsy manana na inona na inona. Nahoana aho no ataonareo hoe Naomy, fa Jehovah efa nitsangan-ko fahavaloko, ary ny Tsitoha efa nampahory ahy?Dia niverina Naomy, ary Rota, vehivavy Moabita, vinantoni-vavy. nomba azy tamin'izy niverina avy tany amin'ny tany Moaba; dia tonga tao Betlehema izy tamin'ny niandohan'ny taom-pijinjana ny vary hordea."
mg_8,2,22,"Ary hoy Naomy tamin'i Rota vinantoni-vavy: Tsara izany, anaka, raha miara-mivoaka amin'ny ankizivavy ianao, fandrao hisy haninona anao raha any an-tsaha hafa.","Ary hoy Naomy tamin'i Rota vinantoni-vavy: Tsara izany, anaka, raha miara-mivoaka amin'ny ankizivavy ianao, fandrao hisy haninona anao raha any an-tsaha hafa.Ary izy tsy nety nisaraka tamin'ny zatovovavin'i Boaza, fa nitsimpona mandra-pahatapitry ny fijinjana ny vary hordea sy ny vary tritika; ary nitoetra tao amin'ny rafozani-vavy Izy."
mg_8,3,17,Ary hoy koa izy: Ireto vary hordea inenin'ny famarana ireto dia nomeny ahy; fa hoy izy tamiko: Aza mandeha tsy mitondra zavatra ho any amin'ny rafozanao-vavy.,"Ary hoy koa izy: Ireto vary hordea inenin'ny famarana ireto dia nomeny ahy; fa hoy izy tamiko: Aza mandeha tsy mitondra zavatra ho any amin'ny rafozanao-vavy.Dia hoy izy: Mitoera ihany, anaka, mandra-pahafantatrao izay hiantefan'ny raharaha; fa tsy hijanona ralehilahy, fa hovitainy anio ihany ny raharaha."
mg_8,4,21,ary Salmona niteraka an'i Boaza; ary Boaza niteraka an'i Obeda;,ary Salmona niteraka an'i Boaza; ary Boaza niteraka an'i Obeda;ary Obeda niteraka an'i Jese; ary Jese niteraka an'i Davida.
mg_9,1,27,Ny hahazoako ity zazalahy ity no nivavahako; dia nomen'i Jehovah ahy izay nangatahiko taminy.,"Ny hahazoako ity zazalahy ity no nivavahako; dia nomen'i Jehovah ahy izay nangatahiko taminy.Koa atolotro ho an'i Jehovah kosa izy: eny, amin'ny andro rehetra hiainany dia voatolotra ho an'i Jehovah izy. Dia nivavaka tamin'i Jehovah izy."
mg_9,2,35,"Ary Izaho hanangana mpisorona mahatoky ho Ahy, izay hanao araka ny ato am-poko sy ato an-tsaiko; ary Izaho hampaharitra ny taranany, ka handeha eo anatrehan'ny voahosotro mandrakizay izy.","Ary Izaho hanangana mpisorona mahatoky ho Ahy, izay hanao araka ny ato am-poko sy ato an-tsaiko; ary Izaho hampaharitra ny taranany, ka handeha eo anatrehan'ny voahosotro mandrakizay izy.Ary ho avy izay sisa rehetra amin'ny taranakao ka hiankohoka eo anatrehany hangataka vola kely sy mofo iray ka hanao hoe: Masìna ianao, mba tendreo ho isan'ny mpisorona aho, mba hahazoako sombi-mofo hohanina."
mg_9,3,20,Ary ny Isiraely rehetra hatrany Dana ka hatrany Beri-sheba nahalala fa efa mpaminanin'i Jehovah tokoa Samoela.,Ary ny Isiraely rehetra hatrany Dana ka hatrany Beri-sheba nahalala fa efa mpaminanin'i Jehovah tokoa Samoela.Dia niseho tao Silo indray Jehovah; fa niseho tamin'i Samoela tao Silo Jehovah tamin'ny teniny.
mg_9,5,11,"Dia naniraka olona izy ka nanangona ireo andriana rehetra tamin'ny Filistina ka nanao hoe: Ampandehano ny fiaran'ny Andriamanitry ny Isiraely, ary aoka ho entina ho any amin'ny fitoerany ihany indray izy mba tsy hahafaty antsika sy ny firenentsika; fa nanerana ny tanàna ny horohoron'ny fahafatesana, fa navesatra indrindra tao ny tanan'Andriamanitra.","Dia naniraka olona izy ka nanangona ireo andriana rehetra tamin'ny Filistina ka nanao hoe: Ampandehano ny fiaran'ny Andriamanitry ny Isiraely, ary aoka ho entina ho any amin'ny fitoerany ihany indray izy mba tsy hahafaty antsika sy ny firenentsika; fa nanerana ny tanàna ny horohoron'ny fahafatesana, fa navesatra indrindra tao ny tànan'Andriamanitra.Ary ny olona izay tsy maty dia voan'ny vay kosa, ka ny fitarainan'ny tao an-tanàna dia niakatra ho any an-danitra."
mg_9,6,20,"Ary hoy ny mponina tao Beti-semesy: Iza no mahajanona eo anoloan'izao Jehovah Andriamanitra masina izao? Ary ho amin'iza no hiakarany, rehefa miala amintsika?","Ary hoy ny mponina tao Beti-semesy: Iza no mahajanona eo anoloan'izao Jehovah Andriamanitra masina izao? Ary ho amin'iza no hiakarany, rehefa miala amintsika?Dia naniraka olona nankany amin'ny mponina tao Kiriata-jearima izy hanao hoe: Efa naverin'ny Filistina ny fiaran'i Jehovah; koa midìna ianareo, dia ento miakatra ho any aminareo izy."
mg_9,7,16,Ary nandeha isan-taona isan-taona izy nitety any Betela sy Gilgala ary Mizpa ka nitsara ny Isiraely teo amin'ireo tanàna rehetra ireo.,"Ary nandeha isan-taona isan-taona izy nitety any Betela sy Gilgala ary Mizpa ka nitsara ny Isiraely teo amin'ireo tanàna rehetra ireo.Dia niverina ho any Rama indray izy, fa tao ny tranony; ary nitsara ny Isiraely tao izy sady nanorina alitara tao ho an'i Jehovah."
mg_9,8,21,"Ary ren'i Samoela ny teny rehetra nolazain'ny olona, ka dia nolazainy teo anatrehan'i Jehovah kosa.","Ary ren'i Samoela ny teny rehetra nolazain'ny olona, ka dia nolazainy teo anatrehan'i Jehovah kosa.Ary hoy Jehovah tamin'i Samoela: Henoy ny teniny ka manendre mpanjaka ho azy. Dia hoy Samoela tamin'ny lehilahy amin'ny Isiraely: Samia ary mandeha ho any amin'ny tanànanareo avy ianareo rehetra."
mg_9,9,26,"Ary nifoha maraina koa izy ireo; ary nony nazavaratsy ny andro, dia niantso an'i Saoly teo an-tampon-trano Samoela ka nanao hoe: Mitsangàna ianao mba havoakako. Dia nitsangana Saoly, ka lasa nivoaka ho any ala-trano izy roa lahy, dia izy sy Samoela.","Ary nifoha maraina koa izy ireo; ary nony nazavaratsy ny andro, dia niantso an'i Saoly teo an-tampon-trano Samoela ka nanao hoe: Mitsangàna ianao mba havoakako. Dia nitsangana Saoly, ka lasa nivoaka ho any ala-trano izy roa lahy, dia izy sy Samoela.Ary nony nidina teo amin'ny faran'ny tanàna izy, dia hoy Samoela tamin'i Saoly: Ampandehano eo alohantsika ny zatovo (dia lasa nandeha izy), fa mijanòna kely ianao hilazako ny tenin'Andriamanitra."
mg_9,10,26,"Fa Saoly kosa nandeha nody tany Gibea, ary nomba azy ny olona maro, izay voatendrin'ny tanan'Andriamanitra ny fony.","Fa Saoly kosa nandeha nody tany Gibea, ary nomba azy ny olona maro, izay voatendrin'ny tànan'Andriamanitra ny fony.Fa nisy kosa olona tena ratsy fanahy nanao hoe: Hataon'io lehilahy io ahoana no famonjy antsika? Dia nanazimba an'i Saoly ireo ka tsy nitondra fanomezana ho azy. Nefa Saoly dia tahaka ny marenina."
mg_9,11,14,Ary hoy Samoela tamin'ny vahoaka: Andeha isika hankany Gilgala hanavao ny fanjakana any.,"Ary hoy Samoela tamin'ny vahoaka: Andeha isika hankany Gilgala hanavao ny fanjakana any.Dia lasa ny vahoaka nankany Gilgala; ary tany Gilgala no nananganany an'i Saoly ho mpanjaka teo anatrehan'i Jehovah; ary tany no nanaterany fanati-pihavanana teo anatrehan'i Jehovah, dia nifaly indrindra teo Saoly mbamin'ny lehilahy rehetra amin'ny Isiraely."
mg_9,12,24,"Kanefa matahora an'i Jehovah ianareo, ka manompoa Azy marina amin'ny fonareo rehetra; fa eritrereto izao zavatra lehibe nataony ho anareo izao.","Kanefa matahora an'i Jehovah ianareo, ka manompoa Azy marina amin'ny fonareo rehetra; fa eritrereto izao zavatra lehibe nataony ho anareo izao.Fa raha mbola manao ratsy ihany ianareo, dia haringana ianareo sy ny mpanjakanareo koa."
mg_9,13,22,Ary tamin'ny andro niadiana dia tsy nisy sabatra na lefona hita teny an-tanan'ny vahoaka rehetra izay eo amin'i Saoly sy Jonatana; fa tamin'i Saoly sy Jonatana zanany ihany no nisy.,Ary tamin'ny andro niadiana dia tsy nisy sabatra na lefona hita teny an-tànan'ny vahoaka rehetra izay eo amin'i Saoly sy Jonatana; fa tamin'i Saoly sy Jonatana zanany ihany no nisy.Ary ny avy tao amin'ny miaramilan'ny Filistina nivoaka ho ao amin'ny hadilanana mankany. Mikmasy.
mg_9,14,51,"Ary Kisy no rain'i Saoly; ary Nera, rain'i Abnera, dia zanak'i Abiela.","Ary Kisy no rain'i Saoly; ary Nera, rain'i Abnera, dia zanak'i Abiela.Ary mafy ny ady tamin'ny Filistina tamin'ny andron'i Saoly rehetra; koa raha nisy olona matanjaka sy mahery hitan'i Saoly, dia nalainy ho azy."
mg_9,15,34,Ary Samoela nankany Rama; fa Saoly kosa niakatra tany amin'ny tranony tao Gibean'i Saoly.,Ary Samoela nankany Rama; fa Saoly kosa niakatra tany amin'ny tranony tao Gibean'i Saoly.Ary Samoela tsy namangy an'i Saoly intsony ambara-pahafatiny; fa Samoela nalahelo an'i Saoly. Ary Jehovah nanenina noho ny nanaovany an'i Saoly ho mpanjakan'ny Isiraely.
mg_9,16,22,"Ary Saoly naniraka tany amin'i Jese nanao hoe: Masïna ianao, avelao Davida hitoetra eo anatrehako, fa efa mahita fitia amiko izy.","Ary Saoly naniraka tany amin'i Jese nanao hoe: Masìna ianao, avelao Davida hitoetra eo anatrehako, fa efa mahita fitia amiko izy.Ary raha nisy fanahy avy tany amin'Andriamanitra tonga tao amin'i Saoly, dia noraisin'i Davida ny lokanga ka notendren'ny tànany; ka dia velombelona sady nanaritra Saoly, ary ny fanahy ratsy niala taminy."
mg_9,17,57,"Ary nony niverina avy namono ilay Filistina Davida, dia nalain'i Abnera izy ka nentiny teo anatrehan'i Saoly, ary mbola teny an-tanany ihany ny lohan'ilay Filistina.","Ary nony niverina avy namono ilay Filistina Davida, dia nalain'i Abnera izy ka nentiny teo anatrehan'i Saoly, ary mbola teny an-tànany ihany ny lohan'ilay Filistina.Dia hoy Saoly taminy: Zanak'iza moa ianao, ry zatovo? Ary hoy Davida: Zanak'i Jese Betlehemita mpanomponao aho."
mg_9,18,29,Ary dia vao mainka natahotra an'i Davida Saoly; ka dia tonga fahavalon'i Davida mandrakariva izy.,"Ary dia vao mainka natahotra an'i Davida Saoly; ka dia tonga fahavalon'i Davida mandrakariva izy.Ary ireo andrianan'ny Filistina dia nanafika; ary isaky ny nanafika izy, dia Davida no hita fa hendry noho ny mpanompon'i Saoly rehetra, ka dia nisandratra ny anarany."
mg_9,19,23,"Dia nankany Naiota any Rama Saoly, ary tonga tao aminy koa ny Fanahin'Andriamanitra, dia nandroso izy sady naminany teny am-pandehanana ambara-pahatongany tany Naiota any Rama.","Dia nankany Naiota any Rama Saoly, ary tonga tao aminy koa ny Fanahin'Andriamanitra, dia nandroso izy sady naminany teny am-pandehanana ambara-pahatongany tany Naiota any Rama.Ary nanaisotra ny fitafiany koa izy ka mba naminany tahaka ny sasany teo anatrehan'i Samoela, ary izy nandry nitanjaka mandritra iny andro sy alina iny. Koa izany no nanaovan'ny olona hoe: Saoly koa moa mba isan'ny mpaminany?"
mg_9,20,41,"Ary nony lasa ilay zazalahy, dia nitsangana avy any atsimo Davida, ka niankohoka tamin'ny tany izy sady niondrika in-telo, ary nifanoroka izy roa lahy, ka samy nitomany; nefa ny an'i Davida dia mafy loatra.","Ary nony lasa ilay zazalahy, dia nitsangana avy any atsimo Davida, ka niankohoka tamin'ny tany izy sady niondrika in-telo, ary nifanoroka izy roa lahy, ka samy nitomany; nefa ny an'i Davida dia mafy loatra.Ary hoy Jonatana tamin'i Davida: Mandehana soa aman-tsara; fa efa nianiana tamin'ny anaran'i Jehovah isika roa lahy hoe: Jehovah no vavolombelona amiko sy aminao ary amin'ny taranako sy ny taranakao mandrakizay."
mg_9,21,15,"Ary hoy Akisy tamin'ny mpanompony: He! hitanareo fa very saina io lehilahy io, ka nahoana no nentinareo ety amiko izy?","Ary hoy Akisy tamin'ny mpanompony: He! hitanareo fa very saina io lehilahy io, ka nahoana no nentinareo etỳ amiko izy?Izaho moa mitady olona very saina, no nitondranareo ity olona very saina ity mba hanondrana eto anatrehako? Moa hiditra ato an-tranoko va ilehio?"
mg_9,22,22,Ary hoy Davida tamin'i Abiatara: Fantatro androtr'iny ihany fa tao Doega Edomita ka hilaza amin'i Saoly tokoa; koa izaho no anton'ny nahafaty ny olona rehetra tamin'ny tarana-drainao.,"Ary hoy Davida tamin'i Abiatara: Fantatro androtr'iny ihany fa tao Doega Edomita ka hilaza amin'i Saoly tokoa; koa izaho no anton'ny nahafaty ny olona rehetra tamin'ny tarana-drainao.Tomoera etỳ amiko, ka aza matahotra; fa izay mikatsaka ny aiko no mikatsaka ny ainao koa; fa eto amiko no hahavoavonjy anao."
mg_9,23,27,"Dia nisy iraka tonga tao amin'i Saoly nanao hoe: Avia haingana ianao, fa ny Filistina efa manafika ny tany.","Dia nisy iraka tonga tao amin'i Saoly nanao hoe: Avia haingana ianao, fa ny Filistina efa manafika ny tany.Dia niverina Saoly tamin'ny nanenjehany an'i Davida ary nandeha niady tamin'ny Filistina; ary ny anaran'izany tany izany dia nataony hoe: Sela-hamalekota.<n>[Sela-hamalekota = Harambato fandosirana]</n>"
mg_9,24,22,"Koa mianiàna amiko amin'i Jehovah ianao ankehitriny fa tsy handringana ny taranako mandimby ahy ianao, ary tsy hovonoinao amin'ny mpianakavin'ny raiko ny anarako.","Koa mianiàna amiko amin'i Jehovah ianao ankehitriny fa tsy handringana ny taranako mandimby ahy ianao, ary tsy hovonoinao amin'ny mpianakavin'ny raiko ny anarako.Ary Davida dia nianiana tamin'i Saoly; ary dia lasa nody Saoly, fa Davida sy ny olony kosa niakatra nankany amin'ny batery fiarovana."
mg_9,25,43,Ary Davida efa nanambady an'i Ahinoama avy any Jezirela koa; ary samy novadiny avokoa izy roa vavy.,"Ary Davida efa nanambady an'i Ahinoama avy any Jezirela koa; ary samy novadiny avokoa izy roa vavy.Fa Saoly efa nanome an'i Mikala, zananivavy, vadin'i Davida, ho vadin'i Palty, zanak'i Laisy, avy any Galima."
mg_9,26,24,"Ary, indro, fa tahaka ny nanaovako ny aina ho lehibe androany no mba hanaovan'i Jehovah ny aiko ho lehibe kosa ka hanafahany ahy amin'ny fahoriana rehetra.","Ary, indro, fa tahaka ny nanaovako ny aina ho lehibe androany no mba hanaovan'i Jehovah ny aiko ho lehibe kosa ka hanafahany ahy amin'ny fahoriana rehetra.Ary hoy Saoly tamin'i Davida: Hotahina anie ianao, ry Davida zanako; hanao dia hanao ianao sady hahatontosa. Dia lasa Davida, fa Saoly kosa nitodi-doha hiverina."
mg_9,27,11,"Ary tsy nisy novelomin'i Davida ho entiny any Gata, na lehilahy na vehivavy; fa hoy izy: Andrao izahay lazainy hoe: Toy izany no nataon'i Davida, ary toy izany no fanaony tamin'ny andro rehetra nitoerany tany amin'ny tanin'ny Filistina.","Ary tsy nisy novelomin'i Davida ho entiny any Gata, na lehilahy na vehivavy; fa hoy izy: Andrao izahay lazainy hoe: Toy izany no nataon'i Davida, ary toy izany no fanaony tamin'ny andro rehetra nitoerany tany amin'ny tanin'ny Filistina.Ary Akisy nino an'i Davida ka nanao hoe: Efa nampangidy hoditra ny tenany any amin'ny Isiraely olony izy, ka dia ho mpanompoko mandrakizay.<n>[Heb. nanamaimbo]</n>"
mg_9,28,24,"Ary ravehivavy nanana zanak'omby mifahy tao an-trano; dia nandeha haingana izy ka namono izany, ary naka koba izy, dia nofetafetainy ka nendasiny ho mofo tsy misy masirasira.","Ary ravehivavy nanana zanak'omby mifahy tao an-trano; dia nandeha haingana izy ka namono izany, ary naka koba izy, dia nofetafetainy ka nendasiny ho mofo tsy misy masirasira.Ary narosony teo anoloan'i Saoly sy teo anoloan'ny mpanompony izany; dia nihinana izy ireo, ary dia niainga ka lasa nandeha tamin'iny alina iny ihany."
mg_9,29,10,"Koa mifohaza maraina koa ianao mbamin'ny mpanompon'ny tomponao izay nanaraka anao; ary rehefa nifoha maraina ianareo, ka mazava ny andro, dia mandehana.","Koa mifohaza maraina koa ianao mbamin'ny mpanompon'ny tomponao izay nanaraka anao; ary rehefa nifoha maraina ianareo, ka mazava ny andro, dia mandehana.Ary Davida sy ny olony nifoha maraina koa handeha maraina hiverina any amin'ny tanin'ny Filistina. Ary ny Filistina dia niakatra nankany Jezirela."
mg_9,30,30,sy ho an'izay ao Horma sy ho an'izay ao Korasana sy ho an'izay ao Ataka,sy ho an'izay ao Horma sy ho an'izay ao Korasana sy ho an'izay ao Atakasy ho an'izay ao Hebrona ary ho an'izay any amin'ny tany rehetra nandehandehanan'i Davida sy ny olony.
mg_9,31,12,dia niainga ny lehilahy mahery rehetra ka nandeha mandritra ny alina ary naka ny fatin'i Saoly sy ny fatin'ny zanany teo amin'ny màndan'i Beti-sana; ary tonga tao Jabesy izy ka nandoro azy tao.,"dia niainga ny lehilahy mahery rehetra ka nandeha mandritra ny alina ary naka ny fatin'i Saoly sy ny fatin'ny zanany teo amin'ny màndan'i Beti-sana; ary tonga tao Jabesy izy ka nandoro azy tao.Ary nentiny ny taolany ka naleviny tao ambanin'ilay hazo tamariska tao Jabesy, ary dia nifady hanina hafitoana izy."
