livre,chapitre,verset,similarite,notre_texte,texte_github
mg_1,2,7,0.90,"Ary vovo-tany no namoronan'i Jehovah Andriamanitra ny olona, ary nofofoniny fofonaina mahavelona ny vavorony; dia tonga olombelona izy*. [*Tonga manan'aina ny olona]","Ary vovo-tany no namoronan'i Jehovah Andriamanitra ny olona, ary nofofoniny fofonaina mahavelona ny vavorony; dia tonga olombelona izy."
mg_1,6,21,0.76,"Ary analao ho anao ny zavatra rehetra izay mety ho fihinana, ka angony ho eo aminao; dia ho fihinana ho anao sy ho an'ireo koa izany.","Ary analao ho anao ny zavatra rehetra izay mety ho fihinana, ka angòny ho eo aminao; dia ho fihinana ho anao sy ho an'ireo koa izany.Dia nataon'i Noa izany; araka izay rehetra nandidian'Andriamanitra azy no nataony."
mg_1,18,32,0.75,"Ary hoy izy: Aoka anie mba tsy ho tezitra Ianao, Tompo, fa hiteny izao indray mandeha izao ihany aho: Angamba folo no ho hita ao. Ary hoy Izy: Tsy mba handringana Aho noho ny folo.","Ary hoy izy: Aoka anie mba tsy ho tezitra Hianao, Tompo, fa hiteny izao indray mandeha izao ihany aho: Angamba folo no ho hita ao. Ary hoy Izy: Tsy mba handringana Aho noho ny folo.Dia lasa nandeha Jehovah, rehefa vita ny teny nataony tamin'i Abrahama; ary Abrahama niverina ho any amin'ny fonenany."
mg_1,37,35,0.80,"Dia avy ny zananilahy rehetra sy ny zananivavy rehetra mba hampionona azy, fa tsy nety nampiononina izy, fa hoy izy; Tsia, fa hidina misaona ho any amin'ny zanako any amin'ny fiainan-tsy hita aho. Ary dia mbola nitomany azy ny rainy.","Dia avy ny zananilahy rehetra sy ny zananivavy rehetra mba hampionona azy, fa tsy nety nampiononina izy, fa hoy izy; Tsia, fa hidina misaona ho any amin'ny zanako any amin'ny fiainan-tsi-hita aho. Ary dia mbola nitomany azy ny rainy.Ary ny Midianita nivarotra an'i Josefa tany Egypta tamin'i Potifara, tandapan'i Farao sady mpifehy ny mpiambina."
mg_10,2,18,0.92,"Ary mba teo koa izy telo lahy zanak'i Zeroia, dia Joaba sy Abisay ary Asahela; ary Asahela dia haingan-tongotra tahaka ny gazela* any an'efitra. [*Izahao II Samoela 1:19]","Ary mba teo koa izy telo lahy zanak'i Zeroia, dia Joaba sy Abisay ary Asahela; ary Asahela dia haingan-tongotra tahaka ny gazela any an-efitra.<n>[Izahao i. and. 19]</n>"
mg_10,2,27,0.93,"Ary hoy Joaba: Raha velona koa Andriamanitra, raha tsy ilay teninao*, dia efa lasa nody any naraina avokoa ny olona ka tsy nanenjika ny rahalahiny akory. [*Izaho II Samoela 2:14]","Ary hoy Joaba: Raha velona koa Andriamanitra, raha tsy ilay teninao, dia efa lasa nody any naraina avokoa ny olona ka tsy nanenjika ny rahalahiny akory.<n>[Izaho and. 14]</n>"
mg_10,6,8,0.94,"Ary dia tezitra* Davida noho ny namelezan'i Jehovah an'i Oza, ka dia nataony hoe Perez-oza** ny anaran'izany tany izany mandraka androany. [*Na: nalahelo] [**Perez-oza = Famelezana an'i Oza]","Ary dia tezitra Davida noho ny namelezan'i Jehovah an'i Oza, ka dia nataony hoe Perez-oza ny anaran'izany tany izany mandraka androany.<n>[Na: nalahelo]</n><n>[Perez-oza = Famelezana an'i Oza]</n>"
mg_10,7,6,0.93,"Fa tsy mbola nitoetra an-trano Aho hatramin'ny nitondrako ny Zanak'Isiraely niakatra avy tany Egypta ka mandraka androany, fa nifindrafindra toby* sy nifindrafindra toerana**. [*Hebreo: lay] [**Hebreo: tabernakely]","Fa tsy mbola nitoetra an-trano Aho hatramin'ny nitondrako ny Zanak'Isiraely niakatra avy tany Egypta ka mandraka androany, fa nifindrafindra toby sy nifindrafindra toerana. <n>[Heb. lay]</n><n>[Heb. tabernakely]</n>"
mg_10,7,11,0.94,sy tahaka ny hatramin'ny nanendreko mpitsara ho mpifehy ny Isiraely oloko; ary hampiadana* anao ho afaka amin'ny fahavalonao rehetra Aho. Ary lazain'i Jehovah aminao koa fa hanome taranaka** ho anao Izy. [*Hebreo: nampiadana] [**Hebreo: hanao trano],sy tahaka ny hatramin'ny nanendreko mpitsara ho mpifehy ny Isiraely oloko; ary hampiadana anao ho afaka amin'ny fahavalonao rehetra Aho. Ary lazain'i Jehovah aminao koa fa hanome taranaka ho anao Izy.<n>[Heb. nampiadana]</n><n>[Heb. hanao trano]</n>
mg_10,7,28,0.57,"Ary noho izany, Jehovah Tompo o, satria Ianao no Andriamanitra, ary marina ny teninao, ary Ianao efa nilaza izany zava-tsoa izany ny amin'ny mpanomponao,","Ary noho izany, Jehovah Tompo ô, satria Hianao no Andriamanitra, ary marina ny teninao, ary Hianao efa nilaza izany zava-tsoa izany ny amin'ny mpanomponao,dia aoka ho sitrakao ny hitahy ny taranaky ny mpanomponao haharitra mandrakizay eo anatrehanao; fa Hianao, Jehovah Tompo ô, efa niteny izany; eny, aoka ny fitahianao no hitahianao ny taranaky ny mpanomponao mandrakizay."
mg_10,8,18,0.92,"ary Benaia, zanak'i Joiada, no mpifehy ny mpiambina andriana*; ary ny zanak'i Davida no mpanolo-tsaina**. [*Hebreo: Kerenita sy Peletita] [**Na: mpisorona]","ary Benaia, zanak'i Joiada, no mpifehy ny mpiambina andriana; ary ny zanak'i Davida no mpanolo-tsaina. <n>[Heb. Kerenita sy Peletita]</n><n>[Na: mpisorona]</n>"
mg_10,12,30,0.58,"Dia nesoriny ny satro-boninahitr'ilay mpanjaka* teny an-dohany talenta volamena iray no lanjany, sady nisy vato soa, ary dia nisatrohan'i Davida. Ary navoakany tao an-tanàna ny babo azo, ka be dia be ireny. [*Na: Malkama; izahao Zefania 1:5]","Dia nesoriny ny satro-boninahitr'ilay mpanjaka teny an-dohany talenta volamena iray no lanjany, sady nisy vato soa, ary dia nisatrohan'i Davida. Ary navoakany tao an-tanàna ny babo azo, ka be dia be ireny.<n>[Na: Malkama; izahao Zef. i. 5]</n>Ary dia navoakany koa ny olona teo ka nataony teo amin'ny tsofa sy ny fangao-by lehibe ary ny famaky vy, ary nataony tao anatin'ny fandoroam-biriky; toy izany no nataony tamin'ny tanànan'ny taranak'i Amona rehetra. Ary Davida sy ny vahoaka rehetra dia niverina nankany Jerosalema.<n>[Na: (nampiasaina tamin')]</n>"
mg_10,17,23,0.18,"Ary nony hitan'i Ahitofela fa tsy narahina ny hevitra nataony, dia nasiany lasely ny borikiny, dia niainga izy dia nody tany an-tranony tany an-tanànany; ary nanafatra ny ankohonany izy, dia nanaton-tena, ka dia maty ary nalevina tao amin'ny fasan-drainy.","Ary nony hitan'i Ahitofela fa narahina ny hevitra nataony, dia nasiany lasely ny borikiny, dia niainga izy dia nody tany an-tranony tany an-tanànany; ary nanafatra ny ankohonany izy, dia nanaton-tena, ka dia maty ary nalevina tao amin'ny fasan-drainy."
mg_10,17,28,0.49,Avy mitondra fandriana sy bakoly sy vilany tany sy vary hordea sy koba sy lango sy tsaramaso sy voanemba* ary voanemba voaendy [*erva lenta],Avy mitondra fandriana sy bakoly sy vilany tany sy vary hordea sy koba sy lango sy tsaramaso sy voanemba ary voanemba voaendy <n>[erva lenta]</n>sy tantely sy rononomandry sy ondry ary zanak'omby ho an'i Davida sy ny olona nanaraka azy; fa hoy izy: Noana sy sasatra ary mangetaheta atỳ an-efitra ny vahoaka.<n>[Na: rononomandrin'omby]</n>
mg_10,19,27,0.92,"Fa hoy izy: Ry mpanjaka tompoko, nofitahin'ny mpanompoko aho; Fa hoy izaho mpanomponao : Hanisy lasely ny boriky aho hitaingenako ka hankany amin'ny mpanjaka; fa malemy tongotra ny mpanomponao.","Fa hoy izy: Ry mpanjaka tompoko, nofitahin'ny mpanompoko aho: Hanisy lasely ny boriky aho hitaingenako ka hankany amin'ny mpanjaka; fa malemy tongotra ny mpanomponao."
mg_10,19,43,0.54,Ary ny lehilahy rehetra amin'ny Joda dia namaly ny lehilahy amin'ny Isiraely hoe: Satria havanay akaiky ny mpanjaka; ka ahoana no mahatezitra anareo amin'izany? Nandany ny mpanjaka va izahay? Na nanome zavatra anay akory va izy?,"Ary ny lehilahy rehetra amin'ny Joda dia namaly ny lehilahy amin'ny Isiraely hoe: Satria havanay akaiky ny mpanjaka; ka ahoana no mahatezitra anareo amin'izany? Nadany ny mpanjaka va izahay? Na nanome zavatra anay akory va izy?Ary ny lehilahy amin'ny Isiraely kosa namaly ny lehilahy amin'ny Joda hoe: Izahay manana anjaram-polo amin'ny mpanjaka; eny, izahay manana an'i Davida mihoatra noho ianareo; koa ahoana ianareo no nanao tsinontsinona anay? Tsy izahay va no niteny talohanareo nampody ny mpanjakanay? Ary ny tenin'ny lehilahy amin'ny Joda dia lozaloza kokoa noho ny tenin'ny lehilahy amin'ny Isiraely."
mg_10,20,26,0.93,ary Ira Jairita kosa no mpanolo-tsaina* an'i Davida. [*Na: mpisorona],ary Ira Jairita kosa no mpanolo-tsaina an'i Davida.<n>[Na: mpisorona]</n>
mg_10,21,8,0.92,"Ary ny mpanjaka naka azy roa lahy, zanak'i Rizpa, zanakavavin'i Aia, izay naterany tamin'i Saoly, dia Armony sy Mefiboseta, ary ny dimy lahy zanak'i Mikala,* zanakavavin'i Saoly, izay naterany tamin'i Adriela, zanak'i Barzilay Meholatita, [*Na: (Meraba) izahao I Samoela 18:19]","Ary ny mpanjaka naka azy roa lahy, zanak'i Rizpa, zanakavavin'i Aia, izay naterany tamin'i Saoly, dia Armony sy Mefiboseta, ary ny dimy lahy zanak'i Mikala, zanakavavin'i Saoly, izay naterany tamin'i Adriela, zanak'i Barzilay Meholatita,<n>[Na: (Meraba); izahao 1 Sam.xviii.19]</n>"
mg_10,21,19,0.95,"Ary nisy ady indray koa tamin'ny Filistina teo Goba, ary Elanana, zanak'i Jare-oregima Betlehemita, namono an'i Goliata Gatita*, izay nanan-jaran-defona tahaka ny vodi-tenon'ny mpanenona. [*Na: ny rahalahin'i Goliata; izahao I Tantara 20:5]","Ary nisy ady indray koa tamin'ny Filistina teo Goba, ary Elanana, zanak'i Jare-oregima Betlehemita, namono an'i Goliata Gatita, izay nanan-jaran-defona tahaka ny vodi-tenon'ny mpanenona.<n>[Na: ny rahalahin'i Goliata; izahao 1 Tan. xx.5]</n>"
mg_10,22,6,0.92,"Ny famatoran'ny fiainan-tsy hita* nihodidina tamiko, nisakana ahy ny fandriky ny fahafatesana. [*Hebreo: Sheola]","Ny famatoran'ny fiainan-tsi-hita nihodidina tamiko, nisakana ahy ny fandriky ny fahafatesana.<n>[Heb. Sheola]</n>"
mg_10,22,27,0.93,Ny madio no isehoanao fa madio; Ary ny mpiolakolaka kosa no isehoanao fa lalin-tsaina*. [*Hebreo: miolakolaka],Ny madio no isehoanao fa madio; Ary ny mpiolakolaka kosa no isehoanao fa lalin-tsaina.<n>[Heb. miolakolaka]</n>
mg_10,22,46,0.93,"Ny hafa firenena dia mihaketraka ka miala amin-kovitra avy ao* amin'ny fiarovany mafy. [*Izahao Salamo 18:46. Ny dikan'ny teny Hebreo eto dia misikina avy ao, etc]","Ny hafa firenena dia mihaketraka ka miala amin-kovitra avy ao amin'ny fiarovany mafy.<n>[Izahao Sal. xviii.46. Ny dikan'ny teny Hebreo eto dia misikina avy ao, etc]</n>"
mg_10,24,24,0.71,"Ary hoy ny mpanjaka tamin'i Araona: Tsia, fa hovidiko aminao mihitsy araka izay tokom-bidiny ireo; fa tsy hanatitra fanatitra dorana ho an'i Jehovah Andriamanitro amin'izay azoko fotsiny aho. Ka dia novidin'i Davida sekely volafotsy dimam-polo ny famoloana sy ny omby.","Ary hoy ny mpanjaka tamin'i Araona: Tsia, fa hovidiko aminao mihitsy araka izay tokom-bidiny ireo; fa tsy hanatitra fanatitra dora na ho an'i Jehovah Andriamanitro amin'izay azoko fotsiny aho. Ka dia novidin'i Davida sekely volafotsy dimam-polo ny famoloana sy ny omby.Ary Davida nanao alitara teo ho an'i Jehovah ka nanatitra fanatitra dorana sy fanati-pihavanana. Ka dia neken'i Jehovah ny fifonana natao ho an'ny tany, ka nitsahatra tsy namely ny Isiraely intsony ilay areti-mandringana."
mg_11,2,6,0.94,"Koa manaova araka ny fahendrenao, ary aza avela hidina any amin'ny fiainan-tsy hita* amin'ny fiadanana ny volo fotsiny. [*Hebreo: Sheola]","Koa manaova araka ny fahendrenao, ary aza avela hidina any amin'ny fiainan-tsi-hita amin'ny fiadanana ny volo fotsiny.<n>[Heb: Sheola]</n>"
mg_11,2,9,0.94,"Koa aza ataonao afa-tsiny izy; fa lehilahy hendry ianao, ka fantatrao izay tokony hanaovanao azy, ka amin'ny fandatsahan-drà no hampidinanao ny volo fotsiny ho any amin'ny fiainan-tsy hita*. [*Hebreo: Sheola]","Koa aza ataonao afa-tsiny izy; fa lehilahy hendry ianao, ka fantatrao izay tokony hanaovanao azy, ka amin'ny fandatsahan-drà no hampidinanao ny volo fotsiny ho any amin'ny fiainan-tsi-hita.<n>[Heb. Sheola]</n>"
mg_11,4,13,0.93,"Beni-gabera tao Ramota-gileada; ny tanàna madinika an'i Jaàra*, zanak'i Manase, izay any Gileada, no azy; azy koa ny tany Argoba, izay any Basana, dia tanana enim-polo lehibe nisy manda sy hidy varahina; [*Havota-jaàra; izahao Nomery 32:41]","Beni-gabera tao Ramota-gileada; ny tanàna madinika an'i Jaïra, zanak'i Manase, izay any Gileada, no azy; azy koa ny tany Argoba, izay any Basana, dia tanana enim-polo lehibe nisy manda sy hidy varahina; <n>[Havota-jaïra; izahao Nom. xxxii. 41]</n>"
mg_11,5,4,0.94,"Fa nanapaka ny tany rehetra aty* an-dafin'ny Ony** hatrany Tifsa ka hatrany Gaza izy, dia tamin'ny mpanjaka rehetra ety* an-dafin'ny Ony; ary izy dia tsara fihavanana tamin'ireny rehetra manodidina nanoa azy ireny. [*Na: any] [**Eofrata]","Fa nanapaka ny tany rehetra atỳ an-dafin'ny Ony hatrany Tifsa ka hatrany Gaza izy, dia tamin'ny mpanjaka rehetra etỳ an-dafin'ny Ony; ary izy dia tsara fihavanana tamin'ireny rehetra manodidina nanoa azy ireny.<n>[Na: any]</n><n>[Eofrata]</n>"
mg_11,7,44,0.93,ary ny tavin-drano lehibe* iray sy ny sarin'omby roa ambin'ny folo teo ambaniny. [*Hebreo: ranomasina],ary ny tavin-drano lehibe iray sy ny sarin'omby roa ambin'ny folo teo ambaniny. <n>[Heb. ranomasina]</n>
mg_11,8,36,0.21,"dia mihainoa any an-danitra Ianao, ka mamelà ny fahotan'ny mpanomponao, dia ny Isiraely olonao satria atoronao azy ny lalana tsara izay tokony halehany, ary mandatsaha ranonorana amin'ny taninao, izay nomenao ho lovan'ny olonao.","dia mihainoa any an-danitra Hianao, ka mamelà ny fahotan'ny mpanomponao, dia ny Isiraely olonao satria atoronao azy ny lalana tsara izay tokony halehany, ary mandatsaha ranonorana amin'ny taninao, izay nomenao ho lovan'ny olonao."
mg_11,9,27,0.66,"Ary Hirama nampandeha ny vahoakany tamin'ny sambo, dia matilà izay nahay ranomasina, hiaraka amin'ny vahoakan'i Solomona.","Ary Hirama nampandeha ny vahoakany tamin'ny sambo, dia matilô izay nahay ranomasina, hiaraka amin'ny vahoakan'i Solomona.Ary nankany Ofira ireo, dia naka talenta volamena roa-polo amby efa-jato, ka nentiny tany amin'i Solomona mpanjaka izany."
mg_11,13,4,0.95,"Ary nony ren'i Jeroboama mpanjaka ny tenin'ny lehilahin'Andriamanitra izay niantso ny alitara tao Betela, dia naninjitra ny tanany niala tamin'ny alitara izy ka nanao hoe: Hazony ilehio. Dia maty* iny tanany nahinjiny nanondro azy iny ka tsy azony noketrahina intsony. [*Hebreo: maina]","Ary nony ren'i Jeroboama mpanjaka ny tenin'ny lehilahin'Andriamanitra izay niantso ny alitara tao Betela, dia naninjitra ny tànany niala tamin'ny alitara izy ka nanao hoe: Hazony ilehio. Dia maty iny tànany nahinjiny nanondro azy iny ka tsy azony noketrahina intsony. <n>[Heb. maina]</n>"
mg_11,13,33,0.76,"Rehefa afaka izany, Jeroboama dia tsy mbola niala tamin'ny lalan-dratsiny ihany, fa mbola naka tamin'ny ankabiazam-bahoaka ho mpisorona amin'ny fitoerana avo; koa na iza na iza tia izany dia natokany*, mba ho tonga mpisorona amin'ny fitoerana avo. [*Hebreo: nofenoiny ny tanany]","Rehefa afaka izany, Jeroboama dia tsy mbola niala tamin'ny lalan-dratsiny ihany, fa mbola naka tamin'ny ankabiazam-bahoaka ho mpisorona amin'ny fitoerana avo; koa na iza na iza tia izany dia natokany, mba ho tonga mpisorona amin'ny fitoerana avo. <n>[Heb. nofenoiny ny tànany]</n>Ary dia tonga fahotan'ny taranak'i Jeroboama izany ka namongorana sy nandringanana azy tsy ho eo ambonin'ny tany."
mg_11,18,32,0.94,"ary izany vato izany dia nataony alitara ho an'ny anaran'i Jehovah; ary nanao hady kely manodidina ny alitara koa izy, izay mifafy* voan-javatra indroan'ny famarana**. [*Na: mahalany] [**Hebreo: sea]","ary izany vato izany dia nataony alitara ho an'ny anaran'i Jehovah; ary nanao hady kely manodidina ny alitara koa izy, izay mifafy voan-javatra indroan'ny famarana. <n>[Na: mahalany]</n><n>[Heb. sea]</n>"
mg_11,18,36,0.89,"Ary nony tamin'ny fotoan'ny fanatitra hariva dia nanatona Elia mpaminany ka nanao hoe: Jehovah o. Andriamanitr'i Abrahama sy Isaka ary Isiraely, aoka ho fantatra anio fa Ianao no Andriamanitra amin'ny Isiraely, ary izaho no mpanomponao, ary araka ny teninao no efa nanaovako izao zavatra izao.","Ary nony tamin'ny fotoan'ny fanatitra hariva dia nanatona Elia mpaminany ka nanao hoe: Jehovah ô. Andriamanitr'i Abrahama sy Isaka ary Isiraely, aoka ho fantatra anio fa Hianao no Andriamanitra amin'ny Isiraely, ary izaho no mpanomponao, ary araka ny teninao no efa nanaovako izao zavatra izao."
mg_11,19,4,0.37,"Fa izy kosa nandeha lalana indray andro tany an'efitra, ary tonga ka nipetraka teo ambanin'ny anjavidy* anankiray; dia nangataka ho faty izy ka nanao hoe: Aoka izay! alao ny aiko ankehitriny, Jehovah o. fa tsy tsara noho ny razako aho. [*Hebreo: rotema; zava-maniry mifanahatahaka amin'ny kifafam-bohitra]","Fa izy kosa nandeha lalana indray andro tany an-efitra, ary tonga ka nipetraka teo ambanin'ny anjavidy anankiray; dia nangataka ho faty izy ka nanao hoe: Aoka izay! alao ny aiko ankehitriny, Jehovah ô. fa tsy tsara noho ny razako aho.<n>[Heb. rotema; zava-maniry mifanahatahaka amin'ny kifafam-bohitra]</n>"
mg_11,20,10,0.77,"ary izy naniraka tany aminy ka nanao hoe: Hataon'ireo andriamanitra amiko anie izany, eny, mihoatra noho izany aza, raha ho ampy eran-tanan'ila akory ny vovok'i Samaria amin'ny isan-olona manaraka ahy.","ary izy naniraka tany aminy ka nanao hoe: Hataon'ireo andriamanitra amiko anie izany, eny, mihoatra noho izany aza, raha ho ampy eran-tànan-ila akory ny vovok'i Samaria amin'ny isan-olona manaraka ahy."
mg_11,20,42,0.78,"Dia hoy izy taminy: Izao no lazain'i Jehovah: Satria nalefanao niala teo an-tananao ny lehilahy izay nasaiko hovonoina* tokoa, dia ny ainao no hisolo ny ainy, ary ny olonao no hisolo ny olony. [*Hebreo: nataoko herema]","Dia hoy izy taminy: Izao no lazain'i Jehovah: Satria nalefanao niala teo an-tananao ny lehilahy izay nasaiko hovonoina tokoa, dia ny ainao no hisolo ny ainy, ary ny olonao no hisolo ny olony.<n>[Heb. nataoko herema]</n>Ary ny mpanjakan'ny Isiraely nandeha ho any an-tranony sady nalahelo no sosotra, dia tonga tany Samaria."
mg_12,2,22,0.92,Ka dia tsara* ny rano mandraka androany araka ny teny nataon'i Elisa. [*Hebreo: sitrana],Ka dia tsara ny rano mandraka androany araka ny teny nataon'i Elisa.<n>[Heb. sitrana]</n>
mg_12,10,20,0.87,"Ary hoy Jeho: Manendre* fivoriana masina ho an'i Bala. Koa dia nanendry* andro izy. [*Hebreo: Manamasina, Hebreo: nanamasina]",Ary hoy Jeho: Manendre fivoriana masina ho an'i Bala. Koa dia nanendry andro izy.<n>[Heb. Manamasina]</n><n>[Heb. nanamasina]</n>
mg_12,12,21,0.53,"Ary nitsangana ny mpanompon'i Joasy ka niodina taminy, dia namono azy tao an-trano Milo*, ao am-pidinana mankany Sila. [*Hebreo: fiarovana]","Ary nitsangana ny mpanompon'i Joasy ka niodina taminy, dia namono azy tao an-trano Milo, ao am-pidinana mankany Sila.<n>[Heb. fiarovana]</n>Fa Jozakara, zanak'i Simata, sy Jozabada, zanak'i Somera mpanompony namely azy ho faty; dia nalevina tao amin'ny razany tao an-tanànan'i Davida izy; ary Amazia zanany no nanjaka nandimby azy."
mg_12,17,3,0.94,"Niakatra hanafika azy Salmanesera, mpanjakan'i Asyria, ka dia tonga mpanompony nandoa hetra* ho azy Hosea. [*Hebreo: fanomezana]","Niakatra hanafika azy Salmanesera, mpanjakan'i Asyria, ka dia tonga mpanompony nandoa hetra ho azy Hosea.<n>[Heb. fanomezana]</n>"
mg_12,18,27,0.95,"Fa hoy Rabsake taminy: Moa ho amin'ny tomponao sy ianao akory va no nanirahan'ny tompoko ahy hilaza izao teny izao, fa tsy ho amin'ny olona izay mipetraka eny ambonin'ny manda, hihinanany izay tsy fihinany* sy hisotroany izay tsy fisotrony** miaraka aminareo? [*Hebreo: ny tainy] [**Hebreo: ny amaniny]","Fa hoy Rabsake taminy: Moa ho amin'ny tomponao sy ianao akory va no nanirahan'ny tompoko ahy hilaza izao teny izao, fa tsy ho amin'ny olona izay mipetraka eny ambonin'ny manda, hihinanany izay tsy fihinany sy hisotroany izay tsy fisotrony miaraka aminareo? <n>[Heb. ny tainy]</n><n>[Heb. ny amaniny]</n>"
mg_12,19,24,0.92,"Izaho no nihady ka nisotro rano vao niseho*, ary ny faladiako no handritako ny ony mbamin'ny lahin-drano rehetra any Egypta**. [*Na: ranon'ny firenena hafa, Hebreo: Mazora]","Izaho no nihady ka nisotro rano vao niseho, ary ny faladiako no handritako ny ony mbamin'ny lahin-drano rehetra any Egypta. <n>[Na: ranon'ny firenena hafa]</n><n>[Heb. Mazora]</n>"
mg_12,20,18,0.94,Ary na dia ny terakao aza dia hisy ho entiny koa; ka ho tandonaka* any amin'ny lapan'ny mpanjakan'i Babylona ireo. [*Hebreo: ionoka],Ary na dia ny terakao aza dia hisy ho entiny koa; ka ho tandonaka any amin'ny lapan'ny mpanjakan'i Babylona ireo.<n>[Heb. ionoka]</n>
mg_12,24,12,0.91,"Ary Joiakina, mpanjakan'ny Joda, nivoaka nankany amin'ny mpanjakan'i Babylona, dia izy sy ny reniny ary ny mpanompony sy ny mpanapaka mbamin'ny tandapany*; [*Hebreo: ionoka] ary nentin'ny mpanjakan'i Babylona izy tamin'ny taona fahavalo nanjakany.","Ary Joiakina, mpanjakan'ny Joda, nivoaka nankany amin'ny mpanjakan'i Babylona, dia izy sy ny reniny ary ny mpanompony sy ny mpanapaka mbamin'ny tandapany;<n>[Heb. ionoka]</n> ary nentin'ny mpanjakan'i Babylona izy tamin'ny taona fahavalo nanjakany."
mg_13,3,17,0.95,"Ary ny zanakalahin'Jekonia dia Asira*, Sealtiela no zanak'i Asira, [*Na: Jekonia mpifatotra]","Ary ny zanakalahin'Jekonia dia Asira, Sealtiela no zanak'i Asira,<n>[Na: Jekonia mpifatotra]</n>"
mg_13,6,13,0.86,Ary ny zanakalahin'i Samoela dia Vasny lahimatoa sy Abia*. [*Na: (Jozla sy Abia faralahy) izahao I Tantara 6:18 sy I Samoela 8:2],Ary ny zanakalahin'i Samoela dia Vasny lahimatoa sy Abia.<n>[Na: (Jozla sy Abia faralahy); izahao and 18 sy 1 Sam. viii.2]</n>
mg_13,9,41,0.86,Ary ny zanakalahin'i Mika dia Pitona sy Maleka sy Tarea ary Ahaza*. [*Izahao I Tantara 8:35],Ary ny zanakalahin'i Mika dia Pitona sy Maleka sy Tarea ary Ahaza.<n>[Izahao viii. 35]</n>
mg_13,11,8,0.94,Ary nandrafitra ny manodidina ny tanàna hatrany Milo* izy; ary Joaba nampamboatra ny sisa tamin'ny tanàna. [*Hebreo: fiarovana],Ary nandrafitra ny manodidina ny tanàna hatrany Milo izy; ary Joaba nampamboatra ny sisa tamin'ny tanàna.<n>[Heb. fiarovana]</n>
mg_13,13,11,0.94,"Ary dia tezitra* Davida noho ny namelezan'i Jehovah an'i Oza, ka dia nataony hoe Perez-oza** no anaran'izany tany izany mandraka androany. [*Na: nalahelo] [**Perez-oza = Famelezana an'i Oza]","Ary dia tezitra Davida noho ny namelezan'i Jehovah an'i Oza, ka dia nataony hoe Perez-oza no anaran'izany tany izany mandraka androany.<n>[Na: nalahelo]</n><n>[Perez-oza = Famelezana an'i Oza]</n>"
mg_13,17,5,0.92,"fa tsy mbola nitoetra an-trano Aho hatramin'ny nitondrako ny Isiraely niakatra ka mandraka androany, fa nifindrafindra toby* sy nifindrafindra toerana**. [*Hebreo: lay] [**Hebreo: tabernakely]","fa tsy mbola nitoetra an-trano Aho hatramin'ny nitondrako ny Isiraely niakatra ka mandraka androany, fa nifindrafindra toby sy nifindrafindra toerana. <n>[Heb. lay]</n><n>[Heb. tabernakely]</n>"
mg_13,17,25,0.94,"Fa Ianao, Andriamanitro o, efa nanambara tamin'ny mpanomponao fa homenao taranaka izy*; koa Izany no nampahasahy ny mpanomponao hivavaka eto anatrehanao. [*Hebreo: hanao trano ho azy Ianao]","Fa Hianao, Andriamanitro ô, efa nanambara tamin'ny mpanomponao fa homenao taranaka izy; koa Izany no nampahasahy ny mpanomponao hivavaka eto anatrehanao.<n>[Heb. hanao trano ho azy Hianao]</n>"
mg_13,17,26,0.62,"Ary noho izany, Jehovah o, satria Ianao no Andriamanitra, ary Ianao efa nilaza izany zava-tsoa izany ny amin'ny mpanomponao,","Ary noho izany, Jehovah ô, satria Hianao no Andriamanitra, ary Hianao efa nilaza izany zava-tsoa izany ny amin'ny mpanomponao,dia ho sitrakao ny hitahy ny taranaky ny mpanomponao haharitra mandrakizay eo anatrehanao; fa izay tahinao, Jehovah ô, dia voatahy mandrakizay."
mg_13,21,29,0.71,Fa ny tabernakelin'i Jehovah izay nataon'i Mosesy tany an'efitra sy ny alitara fandoroana ny fanatitra dorana kosa dia teo amin'ny fitoerana avo tao Gibeona fahizay;,Fa ny tabernakelin'i Jehovah izay nataon'i Mosesy tany an-efitra sy ny alitara fandoroana ny fanatitra dorana kosa dia teo amin'ny fitoerana avo tao Gibeona fahizay;nefa Davida tsy nahazo nankeo anoloan'izany hanontany amin'Andriamanitra; fa raiki-tahotra izy noho ny sabatr'Ilay Anjelin'i Jehovah.
mg_13,26,18,0.86,"Tany Parbara* andrefana nisy efatra amin'ny lalana, ary roa tao Parbara. [*Izahao II Mpanjaka 23:11]","Tany Parbara andrefana nisy efatra amin'ny lalana, ary roa tao Parbara.<n>[Izahao 2 Mpan. xxiii. 11]</n>"
mg_13,29,2,0.86,"Ary tamin'ny heriko rehetra no namoriako izay hanaovana ny tranon'Andriamanitra, dia ny volamena hanaovana ny fanaka volamena, ary ny volafotsy hanaovana ny fanaka volafotsy, ary ny varahina hanaovana ny fanaka varahina, ary ny vy hanaovana ny fanaka vy, ary ny hazo hanaovana ny fanaka hazo, ary ny vato beryla sy ny vato halatsaka an-tranontranony* ary ny vato alatsaka asiana antimony sy ny vato misoratsoratra** ary ny vato soa samy hafa rehetra ary ny vatosanga*** betsaka. [*Na: beryla mbamin'ny tranontranony] [**Na: tenona samy hafa soratra] [***marmora fotsy]","Ary tamin'ny heriko rehetra no namoriako izay hanaovana ny tranon'Andriamanitra, dia ny volamena hanaovana ny fanaka volamena, ary ny volafotsy hanaovana ny fanaka volafotsy, ary ny varahina hanaovana ny fanaka varahina, ary ny vy hanaovana ny fanaka vy, ary ny hazo hanaovana ny fanaka hazo, ary ny vato beryla sy ny vato halatsaka an-tranontranony ary ny vato alatsaka asiana antimony sy ny vato misoratsoratra ary ny vato soa samy hafa rehetra ary ny vatosanga betsaka.<n>[Na: beryla mbamin'ny tranontranony]</n><n>[Na: tenona samy hafa soratra]</n><n>[marmora fotsy]</n>"
mg_14,2,16,0.68,"Ary Solomona nanisa ny lehilahy hafa firenena rehetra izay nonina tamin'ny tanin'ny Isiraely araka ny nanisan'i Davida rainy azy, ary ny isany dia enin-jato amby telo arivo amby dimy alina sy iray hetsy.","Ary Solomona nanisa ny lehilahy hafa firenena rehetra izay nonina tamin'ny tanin'ny Isiraely araka ny nanisan'i Davida rainy Lzy, ary ny isany dia enin-jato amby telo arivo amby dimy alina sy iray hetsy.Ary ny fito alina tamin'ireo dia nataony mpitondra entana, ary ny valo alina nataony mpikapa hazo eny an-tendrombohitra, ary ny enin-jato amby telo arivo nataony mpifehy hampiasa ny olona."
mg_14,3,17,0.95,"Ary ny andry natsangany teo anoloan'ny tempoly, ny iray tamin'ny ankavanana, ary ny iray tamin'ny ankavia; ary ny anaran'ny teo amin'ny ankavanana nataony hoe Jakina*, ary ny anaran'ny teo amin'ny ankavia kosa nataony hoe Boaza**. [*Jakina = Hampiorina izy] [**Boaza = Ao aminy no misy hery (?)]","Ary ny andry natsangany teo anoloan'ny tempoly, ny iray tamin'ny ankavanana, ary ny iray tamin'ny ankavia; ary ny anaran'ny teo amin'ny ankavanana nanao ny hoe Jakina, ary ny anaran'ny teo amin'ny ankavia kosa natao hoe Boaza.<n>[Jakina = Hampiorina izy]</n><n>[Boaza = Ao aminy no misy hery (?)]</n>"
mg_14,4,10,0.92,"Ary ny tavin-drano lehibe* nataony tamin'ny ankavanana, dia teo amin'ny atsimo-atsinanana. [*Hebreo: ranomasina]","Ary ny tavin-drano lehibe nataony tamin'ny ankavanana, dia teo amin'ny atsimo-atsinana.<n>[Heb. ranomasina]</n>"
mg_14,4,15,0.93,ary ny tavin-drano lehibe* iray sy ny sarin'omby roa ambin'ny folo; ambaniny. [*Hebreo: ranomasina],ary ny tavin-drano lehibe iray sy ny sarin'omby roa ambin'ny folo; ambaniny. <n>[Heb. ranomasina]</n>
mg_14,6,13,0.91,"fa efa nanao fitaingenana varahina izy, ary napetrany teo afovoan'ny kianja io (dimy hakiho ny lavany, ary dimy hakiho ny sakany, ary telo hakiho ny hahavony) dia nitsangana teo amin'io izy ka nandohalika teo anatrehan'ny fiangonana, dia ny Isiraely rehetra, ary namelatra ny tanany manandrify ny lanitra","fa efa nanao fitaingenana varahina izy, ary napetrany teo afovoan'ny kianja io (dimy hakiho ny lavany, ary dimy hakiho ny sakany, ary telo hakiho ny hahavony); dia nitsangana teo amin'io izy ka nandohalika teo anatrehan'ny fiangonana, dia ny Isiraely rehetra, ary namelatra ny tànany manandrify ny lanitra"
mg_14,6,27,0.21,"dia mihainoa any an-danitra Ianao, ka mamelà ny fahotan'ny mpanomponao, dia ny Isiraely olonao, satria atoronao azy ny lalana tsara izay tokony halehany, ary mandatsaha ranonorana amin'ny taninao, izay nomenao ho lovan'ny olonao.","dia mihainoa any an-danitra Hianao, ka mamelà ny fahotan'ny mpanomponao, dia ny Isiraely olonao, satria atoronao azy ny lalana tsara izay tokony halehany, ary mandatsaha ranonorana amin'ny taninao, izay nomenao ho lovan'ny olonao."
mg_14,6,41,0.78,"Koa ankehitriny mitsangàna, ry Jehovah Andriamanitra o, ho amin'ny fitsaharanao, dia Ianao sy ny fiaran'ny herinao; aoka ny mpisoronao hitafy famonjena, Jehovah Andriamanitra o. ary aoka ny olonao masina hifaly amin'ny soa.","Koa ankehitriny mitsangàna, ry Jehovah Andriamanitra ô, ho amin'ny fitsaharanao, dia Hianao sy ny fiaran'ny herinao; aoka ny mpisoronao hitafy famonjena, Jehovah Andriamanitra ô. ary aoka ny olonao masina hifaly amin'ny soa.Ry Jehovah Andriamanitra ô, aza lavinao ny voahosotrao; tsarovy ny famindram-po nampanantenaina an'i Davida mpanomponao."
mg_14,11,15,0.94,fa nanendry mpisorona ho amin'ny fitoerana avo sy ho an'ny Seàrima* ary ho an'ny ombilahy kely izay nataony). [*Hebreo: osilahy; anaran'andriamani-tsy izy],fa nanendry mpisorona ho amin'ny fitoerana avo sy ho an'ny Seïrima ary ho an'ny ombilahy kely izay nataony). <n>[Heb. osilahy; anaran'andriamani-tsi-izy]</n>
mg_14,12,5,0.88,"Ary Semaia mpaminany tonga tao amin-dRehoboama sy ireo mpanapaka ny Joda, izay tafangona tany Jerosalema noho ny amin'i Sisaka, ka nanao taminy hoe: Izao no lazain'i Jehovah: Ianareo efa nahafoy Ahy, koa Izaho kosa dia mba nahafoy anareo ho eo an-tanan'i Sisaka.","Ary Semaia mpaminany tonga tao amin-dRehoboama sy ireo mpanapaka ny Joda, izay tafangona tany Jerosalema noho ny amin'i Sisaka, ka nanao taminy hoe: Izao no lazain'i Jehovah: Hianareo efa nahafoy Ahy, koa Izaho kosa dia mba nahafoy anareo ho eo an-tànan'i Sisaka."
mg_14,18,8,0.94,"Ary ny mpanjakan'ny Isiraely niantso ny tandapa* anankiray ka nanao taminy hoe: Alao faingana Mikaia, zanak'i Jimla. [*Hebreo: ionoka]","Ary ny mpanjakan'ny Isiraely niantso ny tandapa anankiray ka nanao taminy hoe: Alao faingana Mikaia, zanak'i Jimla.<n>[Heb. ionoka]</n>"
mg_14,20,1,0.92,"Ary nony afaka izany, dia avy hiady tamin'i Josafata ny taranak'i Moaba sy ny taranak'i Amona mbamin'ny any ankoatry ny Amonita*. [*Na: mbamin'ny Meonita; izahao II Tantara 36:7]","Ary nony afaka izany, dia avy hiady tamin'i Josafata ny taranak'i Moaba sy ny taranak'i Amona mbamin'ny any ankoatry ny Amonita.<n>[Na: mbamin'ny Meonita; izahao xxxvi. 7]</n>"
mg_14,20,20,0.32,"Ary nifoha maraina koa izy, dia niainga nankany an'efitr'i Tekoa, ary nony nivoaka izy, dia nitsangana teo Josafata ka nanao hoe : Mihainoa ahy, ry Josa, sy ianareo, ry mponina eto Jerosalema: Minoa an'i Jehovah Andriamanitrareo, dia ho tafatoetra ianareo; minoa ny mpaminaniny, dia hambinina ianareo.","Ary nifoha maraina koa izy, dia niainga nankany an-efitr'i Tekoa; ary nony nivoaka izy, dia nitsangana teo Josafata ka nanao hoe: Mihainoa ahy, ry Joda, sy ianareo, ry mponina eto Jerosalema: Minoa an'i Jehovah Andriamanitrareo, dia ho tafatoetra ianareo; minoa ny mpaminaniny, dia hambinina ianareo."
mg_14,22,2,0.93,"Roa amby efa-polo* taona Ahazia, fony izy vao nanjaka, ary herintaona no nanjakany tany Jerosalema. Ary ny anaran-dreniny dia Atalia, zanak'i Omry. [*Na: Roa amby roa-polo; izahao II Mpanjaka 8:26]","Roa amby efa-polo taona Ahazia, fony izy vao nanjaka, ary herintaona no nanjakany tany Jerosalema. Ary ny anaran-dreniny dia Atalia, zanak'i Omry.<n>[Na: Roa amby roa-polo; izahao 2 Mpan. viii. 26]</n>"
mg_14,24,15,0.95,"Fa tratrantitra sy ela niainana* Joiada vao maty: telo-polo amby zato taona izy vao maty. [*Hebreo: voky andro, na afa-pon'ny miaina]","Fa tratrantitra sy ela niainana Joiada vao maty: telo-polo amby zato taona izy vao maty. <n>[Heb. voky andro, na afa-pon'ny miaina]</n>"
mg_14,25,23,0.94,"Ary Amazia, mpanjakan'i Joda, zanak'i Joasy, zanak'i Joahaza, dia nosamborin'i Joasy, mpanjakan'ny Isiraely, tany Beti-semesy ka nentiny nakany Jerosalema; ary nandravan'i Joasy efa-jato hakiho ny mandan'i Jerosalema hatramin'ny vavahadin'i Efraima ka hatramin'ny vavahady anjorony.","Ary Amazia, mpanjakan'ny Joda, zanak'Joasy, zanak'i Joahaza, dia nosamborin'i Joasy, mpanjakan'ny Isiraely, tany Beti-semesy ka nentiny nankany Jerosalema; ary nandravan'i Joasy efa-jato hakiho ny mandan'i Jerosalema hatramin'ny vavahadin'i Efraima ka hatramin'ny vavahady anjorony."
mg_14,26,10,0.12,Ary nanao tilikambo tany an'efitra koa izy sady nihady lavaka maro ho famorian-drano; fa izy nanana omby aman'ondry betsaka teny an-tany lemaka sy teny an-tanety ary mpiasa koa sy mpamboatra tanim-boaloboka teny an-tendrombohitra sy teny Karmela koa; fa tia asa tany izy.,Ary nanao tilikambo tany an-efitra koa izy sady nihady lavaka maro ho famorian-drano; fa izy nanana omby aman'ondry betsaka teny an-tany lemaka sy teny an-tanety ary mpiasa koa sy mpamboatra tanim-boaloboka teny an-tendrombohitra sy teny Karmela koa; fa tia asa tany izy.
mg_14,32,17,0.57,"sady nanoratra taratasy hihaika an'i Jehovah, Andriamanitry ny Isiraely, sy hiteny ratsy Azy ka nanao hoe: Tahaka ny tsy nahavonjen'ireny andriamanitry ny firenena tany amin'ny tany hafa ny olony tamin'ny tanako no tsy hahavonjen'ny Andriamanitr'i Hezekia ny olony koa amin'ny tanako.","sady nanoratra taratasy hihaika an'i Jehovah, Andriamanitry ny Isiraely, sy hiteny ratsy Azy ka nanao hoe: Tahaka ny tsy nahavonien'ireny andriamanitry ny firenena tany amin'ny tany hafa ny olony tamin'ny tanako no tsy hahavonjen'ny Andriamanitr'i Hezekia ny olony koa amin'ny tanako."
mg_14,36,9,0.93,"Valo* taona Joiakina, fony izy vao nanjaka, ary telo volana sy hafoloana no nanjakany tany Jerosalema; ary nanao izay ratsy eo imason'i Jehovah izy. [*Na: Valo ambin'ny folo, izahao II Mpanjaka 24:8]","Valo taona Joiakina, fony izy vao nanjaka, ary telo volana sy hafoloana no nanjakany tany Jerosalema; ary nanao izay ratsy eo imason'i Jehovah izy. <n>[Na: Valo ambin'ny folo, izahao 2 Mpan. xxiv. 8]</n>"
mg_14,36,21,0.95,"hanatanterahana ny tenin'i Jehovah nampilaza.na an'i Jeremia, mandra-panonitry ny tany ny Sabatany; fa tamin'ny andro rehetra izay nahafoanany dia natsahatra ny tany mba hanonitra* ny Sabatany mandra-pahatapitry ny fito-polo taona. [*Izaho Levitikosy 26:34]","hanatanterahana ny tenin'i Jehovah nampilaza.na an'i Jeremia, mandra-panonitry ny tany ny Sabatany; fa tamin'ny andro rehetra izay nahafoanany dia natsahatra ny tany mba hanonitra ny Sabatany mandra-pahatapitry ny fito-polo taona.<n>[Izaho Lev xxvi. 34]</n>"
mg_14,36,22,0.65,"Ary tamin'ny taona voalohany nanjakan'i Kyrosy, mpanjakan'i Persia, dia notairin'i Jehovah ny fanahin'i Kyrosy mpanjakan'i Persia. mba hanatanteraka ny tenin'i Jehovah izay nampilazainy an'i Jeremia, ka dia nandefa teny eran'ny fanjakany rehetra izy, sady nataony an-tsoratra koa izany hoe:","Ary tamin'ny taona voalohany nanjakan'i Kyrosy, mpanjakan'i Perisa, dia notairin'i Jehovah ny fanahin'i Kyrosy mpanjakan'i Persia. mba hanatanteraka ny tenin'i Jehovah izay nampilazainy an'i Jeremia, ka dia nandefa teny eran'ny fanjakany rehetra izy, sady nataony an-tsoratra koa izany hoe:Izao no lazain'i Kyrosy, mpanjakan'i Persia: Ny fanjakana rehetra ambonin'ny tany dia efa nomen'i Jehovah, Andriamanitry ny lanitra, ahy; ary Izy efa nandidy ahy hanao trano ho Azy any Jerosalema, izay any Joda. Koa iza avy moa aminareo rehetra no olony? Jehovah Andriamaniny anie nomba azy, fa aoka hiakatra izy."
mg_15,2,69,0.62,"Nanome araka izay nananany avy izy hanampy ny vola voavory hanaovana ny asa, dia darika* volamena arivo sy enina alina ary mane volafotsy dimy arivo ary akanjo-mpisorona zato. [*Izahao I Tantara 29:7]","Nanome araka izay nananany avy izy hanampy ny vola voavory hanaovana ny asa, dia darika volamena arivo sy enina alina ary mane volafotsy dimy arivo ary akanjo-mpisorona zato.<n>[Izahao 1 Tan. xxix. 7]</n>Ary samy tafapetraka teny an-tanànany avy ny mpisorona sy ny Levita sy ny sasany tamin'ny vahoaka sy ny mpihira sy ny mpiandry varavarana ary ny Netinima, dia ny Isiraely rehetra samy tao an-tanànany avy."
mg_15,4,23,0.74,"Ary rehefa voavaky teo anatrehan-dRehoma mpanolo-tsaina sy Simsay mpanoratra mbamin'ny namany ny taratasin'i Artaksersesy mpanjaka, dia niakatra faingana ho any Jerosalema ho any amin'ny Jiosy izy ka nampitsahatra azy an-keriny*. [*Hebreo: amin-tsandry aman-kery]","Ary rehefa voavaky teo anatrehan-dRehoma mpanolo-tsaina sy Simsay mpanoratra mbamin'ny namany ny taratasin'i Artaksersesy mpanjaka, dia niakatra faingana ho any Jerosalema ho any amin'ny Jiosy izy ka nampitsahatra azy an-keriny. <n>[Heb. amin-tsandry aman-kery]</n>Dia natsahatra tsy natao ny tranon'Andriamanitra, izay tany Jerosalema; ary mbola nitsahatra ihany izany hatramin'ny taona faharoa nanjakan'i Dariosy, mpanjakan'i Persia."
mg_15,8,22,0.78,"Fa nahamenatra ahy ny hangataka miaramila sy mpitaingin-tsoavaly amin'ny mpanjaka hiaro anay amin'ny fahavalonay eny an-dàlana, satria efa niteny tamin'ny mpanjaka izahay ka nanao hoe: Ny tanan'Andriamanitray mahasoa izay rehetra mitady Azy; fa ny heriny sy ny fahatezerany kosa mamely izay rehetra mahafoy Azy.","Fa nahamenatra ahy ny hangataka miaramila sy mpitaingin-tsoavaly amin'ny mpanjaka hiaro anay amin'ny fahavalonay eny an-dalana, satria efa niteny tamin'ny mpanjaka izahay ka nanao hoe: Sy tànan'Andriamanitray mahasoa izay rehetra mitady Azy; fa ny heriny sy ny fahatezerany kosa mamely izay rehetra mahafoy Azy."
mg_15,8,27,0.92,"sy kapoaka volamena misarona roa-polo, lanjan'ny darika* arivo, ary fanaka varahina roa manganohano, tsara toy ny volamena. [*Izahao I Tantara 29:7]","sy kapoaka volamena misarona roa-polo, lanjan'ny darika arivo, ary fanaka varahina roa manganohano, tsara toy ny volamena. <n>[Izahao 1 Tan. xxix. 7]</n>"
mg_15,9,14,0.49,"fa raha handika ny didinao indray izahay ka hifanambady amin'ireny olom-betaveta ireny, moa tsy ho tezitra aminay mandra-pahalany ritranay va Ianao, ka tsy hisy sisa afaka akory?","fa raha handika ny didinao indray izahay ka hifanambady amin'ireny olom-betaveta ireny, moa tsy ho tezitra aminay mandra-pahalany ritranay va Hianao, ka tsy hisy sisa afaka akory?Jehovah, Andriamanitry ny Isiraely ô, marina Hianao, fa izahay no hany sisa afaka tahaka ny amin'izao anio izao; indreto izahay eto anatrehanao amin'ny fahadisoanay, fa noho izany dia tsy mahajanona eto anatrehanao izahay."
mg_15,9,15,0.95,"Jehovah, Andriamanitry ny Isiraely o, marina Ianao, fa izahay no hany sisa afaka tahaka ny amin'izao anio izao; indreto izahay eto anatrehanao amin'ny fahadisoanay, fa noho izany dia tsy mahajanona eto anatrehanao izahay.","Jehovah, Andriamanitry ny Isiraely ô, marina Hianao, fa izahay no hany sisa afaka tahaka ny amin'izao anio izao; indreto izahay eto anatrehanao amin'ny fahadisoanay, fa noho izany dia tsy mahajanona eto anatrehanao izahay."
mg_17,3,14,0.63,Ny kopen'ny teny izay natao didy ho amin'ny isan-tokony amin'ny fanjakana dia nisokatra mba ho hitan*'ny olona rehetra hampiomana azy ho amin'izany andro izany. [*Na: dia novakina tamin'],"Ny kopen'ny teny izay natao didy ho amin'ny isan-tokony amin'ny fanjakana dia nisokatra mba ho hitan'ny olona rehetra hampiomana azy ho amin'izany andro izany.<n>[Na: dia novakina tamin']</n>Dia nivoaka ny tsimandoa, ka nododonan'ny tenin'ny mpanjaka; ary nantsoina tany Sosana renivohitra koa ny lalàna. Ary ny mpanjaka sy Hamana nipetraka hisotro; fa ny tao an-tanàna Sosana kosa dia very hevitra."
mg_17,4,16,0.89,"Mandehana ary, vorio ny Jiosy rehetra izay hita ato Sosana ary mifadia hanina noho ny amiko, ka aza mihinana na misotro hateloana na andro na alina; ary izaho sy ny ankizivaviko hifady toy izany koa, ary amin'izany no hidirako ao amin'ny mpanjaka, na dia tsy araka ny lalàna aza; koa raha tàhiny maty aho, dia maty.","Mandehana ary, vorio ny Jiosy rehetra izay mba ato Sosana ary mifadia hanina noho ny amiko, ka aza mihinana na misotro hateloana na andro na alina; ary izaho sy ny ankizivaviko hifady toy izany koa, ary amin'izany no hidirako ao amin'ny mpanjaka, na dia tsy araka ny lalàna aza; koa raha tàhiny maty aho, dia maty.Dia lasa Mordekay ka nanao araka izay rehetra nandidian'i Estera azy."
mg_17,7,9,0.81,"Ary Harbona, tsindranolahy* anankiray, izay teo anatrehan'ny mpanjaka, dia nilaza hoe Indro miorina eo akaikin'ny tranon'i Hamana ny hazo, dimam-polo hakiho ny hahavony, izay nataon'i Hamana hanantonany an'i Mordekay, ilay niteny soa ho an'ny mpanjaka. Dia hoy ny mpanjaka ahantòny amin'io izy. [*Hebreo: ionoka]","Ary Harbona, tsindranolahy anankiray, izay teo anatrehan'ny mpanjaka, dia nilaza hoe Indro miorina eo akaikin'ny tranon'i Hamana ny hazo, dimam-polo hakiho ny hahavony, izay nataon'i Hamana hanantonany an'i Mordekay, ilay niteny soa ho an'ny mpanjaka. Dia hoy ny mpanjaka ahantòny amin'io izy. <n>[Heb. ionoka]</n>Ary Hamana dia nahantony tamin'ilay hazo efa natsangany hanantonana an'i Mordekay. Dia vao izay no nionona ny hatezeran'ny mpanjaka."
mg_18,1,19,0.27,"ary, indro, nisy rivotra mahery avy tany an'efitra ka namely ny zoron-trano efatra, dia nianjera tamin'ny zatovo ny trano, ka maty izy rehetra, ary izaho dia izaho irery ihany no afa-nandositra hilaza aminao.","ary, indro, nisy rivotra mahery avy tany an-efitra ka namely ny zoron-trano efatra, dia nianjera tamin'ny zatovo ny trano, ka maty izy rehetra, ary izaho dia izaho irery ihany no afa-nandositra hilaza aminao."
mg_18,3,14,0.92,"Teo amin'ny mpanjaka sy ny mpanolo-tsaina avy amin'ny tany, izay nanao* ireny tanàna efa rava**, [*Na: namboatra] [**Na: fasana lehibe]","Teo amin'ny mpanjaka sy ny mpanolo-tsaina avy amin'ny tany, izay nanao ireny tanàna efa rava, <n>[Na: namboatra]</n><n>[Na: fasana lehibe]</n>"
mg_18,4,6,0.94,Tsy ny fivavahanao* va no tokinao? Ary tsy fanantenanao va ny fahitsian'ny lalanao? [*Hebreo: fahatahoranao],Tsy ny fivavahanao va no tokinao? Ary tsy fanantenanao va ny fahitsian'ny lalanao? <n>[Heb. fahatahoranao]</n>
mg_18,7,9,0.93,"Tahaka ny rahona misava ka levona, dia tahaka izany koa, izay midina any amin'ny fiainan-tsy hita* tsy mba hiakatra intsony; [*Hebreo: Sheola]","Tahaka ny rahona misava ka levona, dia tahaka izany koa, izay midina any amin'ny fiainan-tsi-hita tsy mba hiakatra intsony;<n>[Heb. Sheola]</n>"
mg_18,7,15,0.94,"Ka dia aleon'ny fanahiko ny hokendaina, eny, aleoko ny fahafatesana aza toy izay izato fitofezako* izato; [*Hebreo: taolako]","Ka dia aleon'ny fanahiko ny hokendaina, eny, aleoko ny fahafatesana aza toy izay izato fitofezako izato;<n>[Heb. taolako]</n>"
mg_18,9,9,0.95,"Manao ireo kintana lehibe Izy, dia ny Bera sy ny Telonohorefy ary ny Ikotokelimiadilaona sy ireo kintana maro any atsimo*, [*Hebreo: ireny efi-trano ery atsimo]","Manao ireo kintana lehibe Izy, dia ny Bera sy ny Telonohorefy ary ny Ikotokelimiadilaona sy ireo kintana maro any atsimo,<n>[Heb. ireny efi-trano erỳ atsimo]</n>"
mg_18,9,23,0.93,"Raha misy loza* mahafaty tampoka, dia mihomehy ny fizahan-toetra ny marina Izy. [*Hebreo: fikapohana]","Raha misy loza mahafaty tampoka, dia mihomehy ny fizahan-toetra ny marina Izy.<n>[Heb. fikapohana]</n>"
mg_18,9,26,0.93,"Mihelina tahaka ny lakana faingam-pandeha* izy, tahaka ny voromahery mipaoka hanina. [*Hebreo: lakana zozoro]","Mihelina tahaka ny lakana faingam-pandeha izy, tahaka ny voromahery mipaoka hanina.<n>[Heb. lakana zozoro]</n>"
mg_18,11,8,0.93,Avo tahaka ny lanitra izany! ka inona no hainao atao? Lalina noho ny fiainan-tsy hita*! ka inona no fantatrao? [*Hebreo: Sheola],Avo tahaka ny lanitra izany! ka inona no hainao atao? Lalina noho ny fiainan-tsi-hita! ka inona no fantatrao? <n>[Heb. Sheola]</n>
mg_18,12,24,0.66,Mahavery saina ny loholona amin'ny tany Izy ary mampirenireny azy any an'efitra tsy misy lalana;,Mahavery saina ny loholona amin'ny tany Izy ary mampirenireny azy any an-efitra tsy misy lalana;Mitsapatsapa amin'ny maizina tsy misy mavaza ireo; ary mampivembena azy tahaka ny olona mamo Izy.
mg_18,13,16,0.92,"Ary izao no ho famonjena ahy: Ny* mpihatsaravelatsihy** tsy sahy mankeo anatrehany. [*Na: Ary ho famonjena ahy Izy, fa ny] [**Na: ratsy fanahy]","Ary izao no ho famonjena ahy: Ny mpihatsaravelatsihy tsy sahy mankeo anatrehany.<n>[Na: Ary ho famonjena ahy Izy, fa ny]</n><n>[Na: ratsy fanahy]</n>"
mg_18,13,18,0.94,"Indro, fa efa voatoriko* ny adiko; Fantatro fa hanan-drariny aho. [*Na: voalamiko]","Indro, fa efa voatoriko ny adiko; Fantatro fa hanan-drariny aho.<n>[Na: voalamiko]</n>"
mg_18,13,27,0.69,Dia mampiditra ny tongotro eo amin'ny boloky hazo Ianao ary mitsikilo ny diako rehetra; Ny hodiavin'ny tongotro dia feranao.,"Dia mampiditra ny tongotro eo amin'ny boloky hazo Hianao ary mitsikilo ny diako rehetra; Ny hodiavin'ny tongotro dia feranao.Dia izaho ity izay mihalevona tahaka ny zavatra hanin'ny fositra, eny, tahaka ny fitafiana lanin'ny kalalao."
mg_18,14,6,0.95,"Dia mihodina tsy hanatrika azy Ianao, mba hitsaharany, ka hifaliany amin*'ny androny toy ny mpikarama. [*Na: hotaperany]","Dia mihodina tsy hanatrika azy Hianao, mba hitsaharany, ka hifaliany amin'ny androny toy ny mpikarama.<n>[Na: hotaperany]</n>"
mg_18,14,13,0.94,"Enga anie ka hanafina ahy any amin'ny fiainan-tsy hita* Ianao Ka hampiery ahy mandra-pahafaky ny fahatezeranao! Ary hanendry fetr'andro ho ahy, dia hahatsiaro ahy [*Hebreo: Sheola]","Enga anie ka hanafina ahy any amin'ny fiainan-tsi-hita Hianao Ka hampiery ahy mandra-pahafaky ny fahatezeranao! Ary hanendry fetr'andro ho ahy, dia hahatsiaro ahy <n>[Heb. Sheola]</n>"
mg_18,15,15,0.93,"Indro, ireo anjeliny* aza tsy mahatoky Azy, ary ny lanitra aza tsy madio eo imasony; [*Hebreo: masina]","Indro, ireo anjeliny aza tsy mahatoky Azy, ary ny lanitra aza tsy madio eo imasony;<n>[Heb. masina]</n>"
mg_18,15,34,0.71,"Fa tsy ho vanona ny ankohonan'ny mpihatsaravelatsihy*, ary ho lanin'ny afo ny tranon'ny mpitoroka. [*Na: ratsy fanahy]","Fa tsy ho vanona ny ankohonan'ny mpihatsaravelatsihy, ary ho lanin'ny afo ny tranon'ny mpitoroka.<n>[Na: ratsy fanahy]</n>Torontoronina fampahoriana izy ka miteraka fandozana, ary ny kibony mamorom-pitaka."
mg_18,16,15,0.94,"Lamba fisaonana* no voazaitrako hanarona ny hoditro, ary nalàko baraka tamin'ny vovoka ny tandroko. [*Hebreo: lamba malailay]","Lamba fisaonana no voazaitrako hanarona ny hoditro, ary nalàko baraka tamin'ny vovoka ny tandroko.<n>[Heb. lamba malailay]</n>"
mg_18,16,21,0.68,Mba hanamarina ahy olombelona eo anatrehany Izy sy hanafa-tsiny ahy zanak'olombelona amin'ny sakaizako*. [*Hebreo: sakaizany],"Mba hanamarina ahy olombelona eo anatrehany Izy sy hanafa-tsiny ahy zanak'olombelona amin'ny sakaizako.<n>[Heb. sakaizany]</n>Fa rehefa lasa ny taona vitsy, dia handeha any amin'ny lalana izay tsy hiverenako intsony aho."
mg_18,17,13,0.93,"Raha mbola misy antenaiko, dia ny fiainan-tsy hita* fonenako ihany; Ao amin'ny maizina no hamelarako ny fandriako. [*Hebreo: Sheola]","Raha mbola misy antenaiko, dia ny fiainan-tsi-hita fonenako ihany; Ao amin'ny maizina no hamelarako ny fandriako.<n>[Heb. Sheola]</n>"
mg_18,17,14,0.94,Ny fasana* no nantsoiko hoe: Raiko ianao; Ary ny kankana: Reniko sy anabaviko ianao. [*Na: Ny fahalovana],Ny fasana no nantsoiko hoe: Raiko ianao; Ary ny kankana: Reniko sy anabaviko ianao.<n>[Na: Ny fahalòvana]</n>
mg_18,17,16,0.92,"Midina any amin'ny vavahadin'ny fiainan-tsy hita* izany, raha mba hahita fitsaharana ao amin'ny vovoka aho. [*Hebreo: Sheola]","Midina any amin'ny vavahadin'ny fiainan-tsi-hita izany, raha mba hahita fitsaharana ao amin'ny vovoka aho.<n>[Heb. Sheola]</n>"
mg_18,18,12,0.95,"Liana azy ny loza*, ary ny fandringanana dia vonona eo anilany; [*Na: Lanin'ny mosary izy]","Liana azy ny loza, ary ny fandringanana dia vonona eo anilany;<n>[Na: Lanin'ny mosary izy]</n>"
mg_18,18,16,0.94,"Maina ny fakany ao ambany, ary tapaka* ny rantsany eo ambony. [*Na: malazo]","Maina ny fakany ao ambany, ary tapaka ny rantsany eo ambony.<n>[Na: malazo]</n>"
mg_18,19,25,0.91,"Kanefa raha izaho, dia fantatro fa velona ny Mpanavotra* ahy, ka hitsangana any am-parany** eo ambonin'ny vovoka Izy. [*Hebreo: Goela] [**Na: ho farany]","Kanefa raha izaho, dia fantatro fa velona ny Mpanavotra ahy, ka hitsangana any am-parany eo ambonin'ny vovoka Izy.<n>[Heb. Goela]</n><n>[Na: ho farany]</n>"
mg_18,19,27,0.94,"Eny, izaho no hahita Azy, ary ny masoko no hijery, fa tsy olon-kafa. Efa matim-paniriana ny saiko* ato anatiko. [*Hebreo: voako]","Eny, izaho no hahita Azy, ary ny masoko no hijery, fa tsy olon-kafa. Efa matim-paniriana ny saiko ato anatiko.<n>[Heb. voako]</n>"
mg_18,19,28,0.60,Raha hoy ianareo: Andeha hanenjika azy fatratra isika. Fa hita ao anatiny* ny fototry ny mahameloka azy**. [*Hebreo: anatiko] [**Hebreo: ahy],"Raha hoy ianareo: Andeha hanenjika azy fatratra isika. Fa hita ao anatiny ny fototry ny mahameloka azy.<n>[Heb. anatiko]</n><n>[Heb. ahy]</n>Dia matahora ny sabatra ianareo; Fa ny fahatezerana dia heloka mendrika ny hovalian-tsabatra, mba ho fantatrareo fa misy fitsarana."
mg_18,21,13,0.93,Mandany ny androny amin'ny fahafinaretana izy; Amin'ny indray mipi-maso monja no idinany any amin'ny fiainan-tsy hita*. [*Hebreo: Sheola],Mandany ny androny amin'ny fahafinaretana izy; Amin'ny indray mipi-maso monja no idinany any amin'ny fiainan-tsi-hita.<n>[Heb. Sheola]</n>
mg_18,21,16,0.94,"Indro, tsy avy amin'ny tenany* ihany ny fahafinaretany! Ho lavitra ahy anie ny fisainan'ny ratsy fanahy! [*Hebreo: tsy eo an-tanany]","Indro, tsy avy amin'ny tenany ihany ny fahafinaretany! Ho lavitra ahy anie ny fisainan'ny ratsy fanahy!<n>[Heb. tsy eo an-tànany]</n>"
mg_18,21,22,0.93,"Moa Andriamanitra va no hampianarim-pahalalana, nefa Izy no mitsara ny any an-danitra* aza? [*Hebreo: avo]","Moa Andriamanitra va no hampianarim-pahalalana, nefa Izy no mitsara ny any an-danitra aza? <n>[Heb. avo]</n>"
mg_18,21,24,0.95,"Feno ronono ny fitoeran-drononony*, ary vonton-tsoka ny taolany. [*Na: Manotraka ny kibony]","Feno ronono ny fitoeran-drononony, ary vonton-tsoka ny taolany.<n>[Na: Manotraka ny kibony]</n>"
mg_18,22,6,0.94,Fa efa naka tsatòka tsy ahoan-tsy ahoana tamin'ny rahalahinao ianao ka nanendaka ny akanjon'ny mahantra*. [*Hebreo: mitanjaka],Fa efa naka tsatòka tsy ahoan-tsy ahoana tamin'ny rahalahinao ianao ka nanendaka ny akanjon'ny mahantra.<n>[Heb. mitanjaka]</n>
mg_18,22,17,0.94,Dia ireo izay manao tamin'Andriamanitra hoe: Mialà aminay! Ary inona no azon'ny Tsitoha atao ho anay*? [*Hebreo: azy],Dia ireo izay manao tamin'Andriamanitra hoe: Mialà aminay! Ary inona no azon'ny Tsitoha atao ho anay? <n>[Heb. azy]</n>
mg_18,22,29,0.69,"Raha misy mietry*, dia hataonao hoe: Misandrata; fa ny manetry tena hovonjeny. [*Na: Raha mietry izy]","Raha misy mietry, dia hataonao hoe: Misandrata; fa ny manetry tena hovonjeny.<n>[Na: Raha mietry izy]</n>Hanafaka ny olona meloka Izy, eny, ny fahadiovan'ny tananao no hamonjena azy."
mg_18,23,16,0.42,"Fa Andriamanitra no mandreraka ny foko, ary ny Tsitoha no mampangovitra ahy;","Fa Andriamanitra no mandrerakany foko, ary ny Tsitoha no mampangovitra ahy;Fa tsy ny fahamaizinana no maharesy ahy, na ny maizim-pito izay manarona ny tavako.<n>[Na: Satria tsy nalaina aho, dieny tsy mbola avy ny maizina, Ary tsy nanafina ny maizim-pito amin'ny tavako Izy]</n>"
mg_18,24,17,0.94,Fa ny aizim-pito* no marainan'ireo rehetra ireo; Satria efa mahazatra azy ny fampahatahoran'ny aizim-pito* izy. [*Hebreo: aloky ny fahafatesana],Fa ny aizim-pito no marainan'ireo rehetra ireo; Satria efa mahazatra azy ny fampahatahoran'ny aizim-pito izy.<n>[Heb. aloky ny fahafatesana]</n>
mg_18,24,19,0.92,Toy ny andevonan'ny maina sy ny mafana ny ranom-panala no andevonan'ny fiainan-tsy hita* ny mpanota. [*Hebreo: Sheola],Toy ny andevonan'ny maina sy ny mafana ny ranom-panala no andevonan'ny fiainan-tsi-hita ny mpanota.<n>[Heb. Sheola]</n>
mg_18,26,6,0.91,"Ny fiainan-tsy hita* miharihary eo anatrehany, ary ny fandringanana dia tsy mirakotra. [*Hebreo: Sheola]","Ny fiainan-tsi-hita miharihary eo anatrehany, ary ny fandringanana dia tsy mirakotra.<n>[Heb. Sheola]</n>"
mg_18,26,12,0.92,"Ny heriny no entiny mampanonja ny ranomasina, ary ny fahendreny no anorotoroany an-dRahaba*; [*Izahao Joba 9:13]","Ny heriny no entiny mampanonja ny ranomasina, ary ny fahendreny no anorotoroany an-dRahaba; <n>[Izahao ix. 13]</n>"
mg_18,27,22,0.53,"Asian*'Andriamanitra izy ka tsy iantrany, ary mandositra dia mandositra ho afaka amin'ny tanany izy; [*Hebreo: Torahan', na Tifirin']","Asian'Andriamanitra izy ka tsy iantrany, ary mandositra dia mandositra ho afaka amin'ny tànany izy;<n>[Heb. Torahan', na Tifirin']</n>Tehafin'ny olona tanana izy sady isitrisirany ka ampialainy amin'ny fonenany.<n>[Na: Ary ny miray monina aminy aza misitrisitra azy]</n>"
mg_18,29,5,0.94,"Fony mbola tao amiko ny Tsitoha, Ary nanodidina ahy ny zanako*; [*Na: ny ankizilahiko]","Fony mbola tao amiko ny Tsitoha, Ary nanodidina ahy ny zanako;<n>[Na: ny ankizilahiko]</n>"
mg_18,29,13,0.93,Ny fisaoran'izay efa ho faty dia tonga tamiko; Ary ny fon'ny mpitondratena nampifaliko*. [*Hebreo: nampihobiko],Ny fisaoran'izay efa ho faty dia tonga tamiko; Ary ny fon'ny mpitondratena nampifaliko.<n>[Heb. nampihobiko]</n>
mg_18,30,4,0.88,"Mitsongo anambodihena eo amin'ny kirihitrala izy, ary ny fakan'ny anjavidy* no fihinany. [*Hebreo: rotema; izahao I Mpanjaka 19:4]","Mitsongo anambodihena eo amin'ny kirihitrala izy, ary ny fakan'ny anjavidy no fihinany.<n>[Heb. rotema; izahao 1 Mpan. xix. 4]</n>"
mg_18,30,17,0.93,"Ny alina mampahalà* ny taolako ho afaka amiko, ary tsy mitsahatra ireo manotahota ahy ireo. [*Hebreo: manindrona]","Ny alina mampahalò ny taolako ho afaka amiko, ary tsy mitsahatra ireo manotahota ahy ireo.<n>[Heb. manindrona]</n>"
mg_18,30,29,0.92,Rahalahin'ny amboadia* aho Ary naman'ny ostritsa. [*Na: jakala],Rahalahin'ny amboadia aho Ary naman'ny ostritsa.<n>[Na: jakala]</n>
mg_18,30,30,0.73,"Efa mainty ny hoditro sady miendakendaka, ary efa karankaina noho ny hafanana* ny taolako. [*Hebreo: fahamainana]","Efa mainty ny hoditro sady miendakendaka, ary efa karankaina noho ny hafanana ny taolako.<n>[Heb. fahamainana]</n>Nanjary fisaonana ny lokangako. Ary feon'ny mitomany ny sodiko."
mg_18,31,1,0.93,Efa nampanekeko ny masoko; Koa hataoko ahoana indray no fijery zazavavy*? [*Hebreo: virijina],Efa nampanekeko ny masoko; Koa hataoko ahoana indray no fijery zazavavy? <n>[Heb. virijina]</n>
mg_18,31,4,0.92,Moa tsy Andriamanitra* va no mijery ny lalako ka manisa ny diako rehetra? [*Hebreo: Izy],Moa tsy Andriamanitra va no mijery ny lalako ka manisa ny diako rehetra? <n>[Heb. Izy]</n>
mg_18,31,20,0.92,"Koa tsy nankasitraka ahy ny tenany*, ary tsy nanafàna azy ny volon'ondriko; [*Hebreo: valahany]","Koa tsy nankasitraka ahy ny tenany, ary tsy nanafàna azy ny volon'ondriko;<n>[Heb. valahany]</n>"
mg_18,31,39,0.64,"Raha tàhiny aho nihinana ny vokatra, nefa tsy nandoa ny vidiny. Na nanao izay hahafaty ny ain'ny tompony:","Raha tàhiny aho nihinana ny vokatra, nefa tsy nandoa ny vidiny.Na nanao izay hahafaty ny ain'ny tompony:Dia aoka ny tsilo no haniry hisolo ny vary tritika. Ary ny ahi-dratsy hisolo ny vary hordea. Tapitra ny tenin'i Joba."
mg_18,32,8,0.95,Kanefa ny fanahy izay ao anatin'ny zanak'olombelona sy* ny fofonain'ny Tsitoha no mahahendry azy. [*Na: Dia],Kanefa ny fanahy izay ao anatin'ny zanak'olombelona sy ny fofonoin'ny Tsitoha no mahahendry azy.<n>[Na: Dia]</n>
mg_18,32,13,0.93,"Fandrao ianareo hanao hoe: Hitanay ny fotony*: Andriamanitra no maharesy azy, fa tsy olona. [*Hebreo: fahendrena]","Fandrao ianareo hanao hoe: Hitanay ny fotony: Andriamanitra no maharesy azy, fa tsy olona.<n>[Heb. fahendrena]</n>"
mg_18,34,3,0.91,"Fa ny sofina no mamantatra teny, Ary ny vava* no manandrana hanina. [*Hebreo: lanilany]","Fa ny sofina no mamantatra teny, Ary ny vava no manandrana hanina.<n>[Heb. lanilany]</n>"
mg_18,35,3,0.94,Fa hoy ianao: Mahasoa ahy* manao ahoana moa? Ary inona no soa azoko mihoatra noho ny avy amin'ny fahotako? [*Hebreo: anao],Fa hoy ianao: Mahasoa ahy manao ahoana moa? Ary inona no soa azoko mihoatra noho ny avy amin'ny fahotako? <n>[Heb. anao]</n>
mg_18,36,32,0.70,"Mifono fahazavana ny tanany, ary baikoiny iny mba hahavoa ny fahavalony*; [*Na: Ary baikoiny ny ady sy ny fanamelohana]","Mifono fahazavana ny tànany, ary baikoiny iny mba hahavoa ny fahavalony;<n>[Na: Ary baikoiny ny ady sy ny fanamelohana]</n>Ny fikotrokotrony dia manambara Azy, ary ny omby aman'ondry koa aza milaza ny hihaviany."
mg_18,37,3,0.94,"Mandefa izany ho eny ambanin'ny lanitra rehetra Izy, ary ny helatra* hatramin'ny faran'ny tany. [*Hebreo: fahazavany]","Mandefa izany ho eny ambanin'ny lanitra rehetra Izy, ary ny helatra hatramin'ny faran'ny tany.<n>[Heb. fahazavany]</n>"
mg_18,37,7,0.94,"Mampiohona* ny tanan'ny olona rehetra Izy, mba samy hahalala izany ny olona rehetra izay nataony; [*Hebreo: manisy tombo-kase]","Mampiohona ny tanan'ny olona rehetra Izy, mba samy hahalala izany ny olona rehetra izay nataony;<n>[Heb. manisy tombo-kase]</n>"
mg_18,37,9,0.88,"Avy any atsimo* ny tadio, ary entin'ny rivotra avy any avaratra** ny hatsiaka. [*Hebreo: efi-trano] [**Hebreo: avy amin'ireo mpanahakahaka]","Avy any atsimo ny tadio, ary entin'ny rivotra avy any avaratra ny hatsiaka.<n>[Heb. efi-trano]</n><n>[Heb. avy amin'ireo mpanahakahaka]</n>"
mg_18,37,11,0.93,"Ny rahona matevina tambesarany rano, ary ny rahon'ny helatra* dia ampieleziny; [*Hebreo: fahazavany]","Ny rahona matevina tambesarany rano, ary ny rahon'ny helatra dia ampieleziny;<n>[Heb. fahazavany]</n>"
mg_18,37,15,0.94,Fantatrao va ny fanamboaran'Andriamanitra ireny sy ny fampitselatselany ny helatry* ny rahony? [*Hebreo: fahazavany],Fantatrao va ny fanamboaran'Andriamanitra ireny sy ny fampitselatselany ny helatry ny rahony? <n>[Heb. fahazavany]</n>
mg_18,37,20,0.93,"Holazaina aminy va, raha miteny aho? Moa misy olona maniry ho levona* tokoa va? [*Hebreo: miteny ta-hatelina]","Holazaina aminy va, raha miteny aho? Moa misy olona maniry ho levona tokoa va?<n>[Heb. miteny ta-hatelina]</n>"
mg_18,37,22,0.95,Avy any avaratra no ihavian'ny mazava mitarehim-bolamena*; Ao amin'Andriamanitra ny voninahitra mahatahotra. [*Hebreo: ihavian'ny volamena],Avy any avaratra no ihavian'ny mazava mitarehim-bolamena; Ao amin'Andriamanitra ny voninahitra mahatahotra.<n>[Heb. ihavian'ny volamena]</n>
mg_18,37,23,0.63,"Ny Tsitoha, tsy mahita Azy isika; Izay lehibe amin'ny hery sy ny fitsarana mbamin'ny fahamarinana tanteraka dia tsy mba mampahory*. [*Na: mamaly]","Ny Tsitoha, tsy mahita Azy isika; Izay lehibe amin'ny hery sy ny fitsarana mbamin'ny fahamarinana tanteraka dia tsy mba mampahory.<n>[Na: mamaly]</n>Koa izany no atahoran'ny olona Azy; Tsy mety mijery izay manao azy ho hendry Izy.<n>[Heb. ny hendry am-po; na: Tsy misy mahita Azy ny hendry am-po rehetra]</n>"
mg_18,38,14,0.94,"Ary hiova tahaka ny tanimanga tombohin-kase ny endriny, ka hiseho tahaka ny lamba misoratra* ny tarehiny, [*Hebreo: fitafiana]","Ary hiova tahaka ny tanimanga tombohin-kase ny endriny, ka hiseho tahaka ny lamba misoratra ny tarehiny, <n>[Heb. fitafiana]</n>"
mg_18,38,37,0.95,"Iza moa no manam-pahendrena mahisa ny rahom-potsy manify? Ary iza no mahatankina ny fitoeran-dranon*'ny lanitra, [*Hebreo: siny hoditra]","Iza moa no manam-pahendrena mahisa ny rahom-potsy manify? Ary iza no mahatankina ny fitoeran-dranon'ny lanitra, <n>[Heb. siny hoditra]</n>"
mg_18,39,2,0.94,Mahisa ny andro ahatanterahany* va ianao? Ary fantatrao va ny fotoana fiterahany? [*Hebreo: ny volana taperiny],Mahisa ny andro ahatanterahany va ianao? Ary fantatrao va ny fotoana fiterahany? <n>[Heb. ny volana taperiny]</n>
mg_18,39,21,0.93,Mihehy ao amin'ny lohasaha izy ka mifalifaly noho ny heriny; Mandroso hanetra ny ady* izy. [*Hebreo: fiadiana],Mihehy ao amin'ny lohasaha izy ka mifalifaly noho ny heriny; Mandroso hanetra ny ady izy.<n>[Heb. fiadiana]</n>
mg_18,39,23,0.92,Mifioka eny amboniny ny zana-tsipïka* sy ny lefona manelatselatra ary ny lefom-pohy. [*Hebreo: tranon-jana-tsipïka],Mifioka eny amboniny ny zana-tsipìka sy ny lefona manelatselatra ary ny lefom-pohy.<n>[Heb. tranon-jana-tsipìka]</n>
mg_18,39,24,0.93,"Miriotra mafy* amin'ny fahavinirana sy ny fahatezerana izy ka tsy mety mijanona intsony, rehefa maneno ny anjomara**. [*Hebreo: Mitelina ny tany] [**Na: Tsy mino izy fa feon'ny anjomara izany]","Miriotra mafy amin'ny fahavinirana sy ny fahatezerana izy ka tsy mety mijanona intsony, rehefa maneno ny anjomara. <n>[Heb. Mitelina ny tany]</n><n>[Na: Tsy mino izy fa feon'ny anjomara izany]</n>"
mg_18,40,15,0.93,"He! jereo ange ny behemota*, izay nataoko tahaka ny nanaovako anao ihany**: Mihinana ahitra tahaka ny omby izy. [*hipopotamosy] [**Na: ho eo aminao]","He! jereo ange ny behemota, izay nataoko tahaka ny nanaovako anao ihany: Mihinana ahitra tahaka ny omby izy.<n>[hipopotamosy]</n><n>[Na: ho eo aminao]</n>"
mg_18,40,19,0.92,Voalohany amin'ny asan*'Andriamanitra izy; Ny Mpanao azy no nanome sabatra azy. [*Hebreo: lalan'],Voalohany amin'ny asan'Andriamanitra izy; Ny Mpanao azy no nanome sabatra azy.<n>[Heb. lalan']</n>
mg_18,40,25,0.93,"Mahasarika ny mamba* amin'ny farango va ianao, na mahafatotra ny lelany amin'ny mahazaka? [*Hebreo: leviatana]","Mahasarika ny mamba amin'ny farango va ianao, na mahafatotra ny lelany amin'ny mahazaka?<n>[Heb. leviatana]</n>"
mg_18,41,7,0.94,"Reharehany ny faharaoraon'ny kirany*, mihidy avokoa toy ny voapetaka mafy amin'ny tombo-kase ireo; [*Hebreo: ampingany]","Reharehany ny faharaoraon'ny kirany, mihidy avokoa toy ny voapetaka mafy amin'ny tombo-kase ireo;<n>[Heb. ampingany]</n>"
mg_18,42,17,0.90,"Dia maty Joba, rehefa tratrantitra ka ela niainana*. [*Hebreo: voky andro]","Dia maty Joba, rehefa tratrantitra ka ela niainana.<n>[Heb. voky andro]</n>"
mg_19,1,1,0.86,"Sambatra ny olona izay tsy mandeha eo amin'ny fisainan'ny ratsy fanahy, ary tsy mijanona eo amin'ny lalana falehan'ny mpanota, ary tsy mipetraka eo amin'ny fipetrahan'ny mpaniratsira;","<n>[Ny tsi-fitovian'ny tsara fanahy sy ny ratsy fanahy]</n> Sambatra ny olona izay tsy mandeha eo amin'ny fisainan'ny ratsy fanahy, ary tsy mijanona eo amin'ny lalana falehan'ny mpanota, ary tsy mipetraka eo amin'ny fipetrahan'ny mpaniratsira;"
mg_19,3,1,0.71,"Jehovah o, akory izato hamaroan'ny mampahory ahy! Maro no mitsangana hanohitra ahy.","Salamo nataon'i Davida, fony izy nandositra an'i Absaloma zanany. Jehovah ô, akory izato hamaroan'ny mampahory ahy! Maro no mitsangana hanohitra ahy."
mg_19,3,7,0.46,"Mitsangàna, Jehovah o; vonjeo aho, Andriamanitro o; fa efa namely ny takolaky ny fahavaloko rehetra Ianao; ny nifin'ny ratsy fanahy novakivakinao.","Mitsangàna, Jehovah ô; vonjeo aho, Andriamanitro ô; fa efa namely ny takolaky ny fahavaloko rehetra Hianao; ny nifin'ny ratsy fanahy novakivakinao.An'i Jehovah ny famonjena; Ho amin'ny olonao anie ny fitahianao.<n>[Na: Ho amin'ny olonao ny fitahianao]</n>"
mg_19,4,1,0.80,"Raha miantso aho, mamalia ahy, ry Andriamanitry ny fahamarinako o; Raha tao an-katerena aho, dia nohalalahinao toerana; Mamindrà fo amiko, ka henoy ny fivavako.","Ho an'ny mpiventy hira. Hampiarahina amin'ny valiha. Salamo nataon'i Davida. Raha miantso aho, mamalia ahy, ry Andriamanitry ny fahamarinako ô; Raha tao an-katerena aho, dia nohalalahinao toerana; Mamindrà fo amiko, ka henoy ny fivavako."
mg_19,4,4,0.94,"Tezera*, fa aza manota; mieritrereta eo am-pandrianareo, ka mangina. [*Na: Mangovita]","Tezera, fa aza manota; mieritrereta eo am-pandrianareo, ka mangina.<n>[Na: Mangovita]</n>"
mg_19,5,1,0.89,"Hampiarahina amin'ny sodina. Salamo nataon'i Davida. Jehovah o, henoy ny teniko; fantaro ny eritreritro.","Ho an'ny mpiventy hira. Hampiarahina amin'ny sodina. Salamo nataon'i Davida. Jehovah ô, henoy ny teniko; fantaro ny eritreritro."
mg_19,5,3,0.94,"Jehovah o, maraina no handrenesanao ny feoko; maraina no hivavahako* aminao, ka hanandrandra aho. [*Hebreo: handaharako]","Jehovah ô, maraina no handrenesanao ny feoko; maraina no hivavahako aminao, ka hanandrandra aho.<n>[Heb: handaharako]</n>"
mg_19,5,11,0.72,"Dia hifaly izay rehetra mialoka aminao, hihoby mandrakariva izy, koa miarova azy Ianao; ka dia ho ravoravo aminao izay tia ny anaranao.","Dia hifaly izay rehetra mialoka aminao, hihoby mandrakariva izy, koa miarova azy Hianao; ka dia ho ravoravo aminao izay tia ny anaranao.Fa Hianao, Jehovah ô, mitahy ny marina; fankasitrahana no ataonao manodidina azy toy ny ampinga lehibe."
mg_19,6,1,0.93,"Nampiarahina amin'ny valiha. Al-hasheminith. Salamo nataon'i Davida. Jehovah o, aza ny fahatezeranao no ananaranao ahy, ary aza ny fahaviniranao no amaizanao ahy.","Ho an'ny mpiventy hira. Nampiarahina amin'ny valiha. Al-hasheminith. Salamo nataon'i Davida. Jehovah ô, aza ny fahatezeranao no ananaranao ahy, ary aza ny fahaviniranao no amaizanao ahy."
mg_19,6,5,0.92,"Fa tsy misy fahatsiarovana Anao any amin'ny fahafatesana, any amin'ny fiainan-tsy hita* iza no hidera Anao? [*Hebreo: Sheola]","Fa tsy misy fahatsiarovana Anao any amin'ny fahafatesana, any amin'ny fiainan-tsi-hita iza no hidera Anao?<n>[Heb. Sheola]</n>"
mg_19,7,12,0.95,"Raha tsy ibebahana* Izy, dia hanasa ny sabany; efa manenjana ny tsipïkany Izy ka manamboatra azy, [*Na: iverenana]","Raha tsy ibebahana Izy, dia hanasa ny sabany; efa manenjana ny tsipìkany Izy ka manamboatra azy,<n>[Na: iverenana]</n>"
mg_19,7,14,0.95,"Indro, efa marary hiteraka zava-poana ireo; eny, torontoronina fampahoriana izy ary mitera-doza*; [*Hebreo: lainga]","Indro, efa marary hiteraka zava-poana ireo; eny, torontoronina fampahoriana izy ary mitera-doza; <n>[Heb: lainga]</n>"
mg_19,8,8,0.72,"Mbamin'ny voro-manidina sy ny hazandrano any an-dranomasina, izay mandeha amin'ny lalan-dranomasina.","Mbamin'ny voro-manidina sy ny hazandrano any an-dranomasina,izay mandeha amin'ny lalan-dranomasina.Jehovah Tomponay ô, endrey ny voninahitry ny anaranao amin'ny tany rehetra!"
mg_19,9,17,0.93,"Hiverina ho any amin'ny fiainan-tsy hita* ny ratsy fanahy, dia ny jentilisa rehetra izay manadino an'Andriamanitra. [*Hebreo: Sheola]","Hiverina ho any amin'ny fiainan-tsi-hita ny ratsy fanahy, dia ny jentilisa rehetra izay manadino an'Andriamanitra.<n>[Heb. Sheola]</n>"
mg_19,9,20,0.95,"Asio fampahatahorana* izy, Jehovah o; aoka ho fantatry ny jentilisa fa olona ihany izy. [*Na: fampianarana]","Asio fampahatahorana izy, Jehovah ô; aoka ho fantatry ny jentilisa fa olona ihany izy. <n>[Na: fampianarana]</n>"
mg_19,10,17,0.63,"Efa nohenoinao, Jehovah o, ny irin'ny mpandefitra; mampiomana ny fony Ianao sady mampihaino ny sofinao,","Efa nohenoinao, Jehovah ô, ny irin'ny mpandefitra; mampiomana ny fony Hianao sady mampihaino ny sofinao,Hanomezanao rariny ny kamboty sy ny mahantra, mba tsy handroso hampitahotra intsony ny zanak'olombelona etỳ an-tany."
mg_19,11,1,0.85,Jehovah no ialofako; ahoana no anaovanareo amin'ny fanahiko hoe: mandosira ho any an-tendrombohitrareo toy ny voron-kely*? [*Na: ry voronkely],Ho an'ny mpiventy hira. Nataon'i Davida. Jehovah no ialofako; ahoana no anaovanareo amin'ny fanahiko hoe: mandosira ho any an-tendrombohitrareo toy ny voron-kely? <n>[Na: ry voronkely]</n>
mg_19,11,3,0.94,"Fa rava ny fanorenana*, ka inona indray no azon'ny marina atao? [*Na: voazera ny andry]","Fa rava ny fanorenana, ka inona indray no azon'ny marina atao?<n>[Na: voazera ny andry]</n>"
mg_19,12,1,0.92,"Al-hasheminith. Salamo nataon'i Davida. Vonjeo, Jehovah o, fa efa lany ny tsara fanahy; eny, tsy misy mahatoky intsony eo amin'ny zanak'olombelona.","Ho an'ny mpiventy hira. Al-hasheminith. Salamo nataon'i Davida. Vonjeo, Jehovah ô, fa efa lany ny tsara fanahy; eny, tsy misy mahatoky intsony eo amin'ny zanak'olombelona."
mg_19,12,7,0.42,"Ianao, Jehovah o, no hiaro azy, Ianao no hiambina azy mandrakizay tsy ho azon'ity taranaka ity.","Hianao, Jehovah ô, no hiaro azy, Hianao no hiambina azy mandrakizay tsy ho azon'ity taranaka ity.Raha avy izay isandratan'ny tsinontsinona eo amin'ny zanak'olombelona, dia mieboebo ombieniombieny ny ratsy fanahy. Fitarainana ataon'izay azom-pahoriana mafy loatra."
mg_19,13,1,0.82,"Jehovah o, mandra-pahoviana no mbola hanadinoanao ahy ihany? Mandra-pahoviana no mbola hanafenanao ny tavanao amiko?","Ho an'ny mpiventy hira. Salamo nataon'i Davida. Jehovah ô, mandra-pahoviana no mbola hanadinoanao ahy ihany? Mandra-pahoviana no mbola hanafenanao ny tavanao amiko?"
mg_19,15,4,0.73,"Tsy manaja ny ratsy fanahy*, fa manome voninahitra ny matahotra an'i Jehovah; tsy mivadika amin'ny fianianany, na dia maningotra ny tenany aza, [*Hebreo: Ny lavina. Na: Izay mietry sy maniva tena]","Tsy manaja ny ratsy fanahy, fa manome voninahitra ny matahotra an'i Jehovah; tsy mivadika amin'ny fianianany, na dia maningotra ny tenany aza, <n>[Heb: Ny lavina. Na: Izay mietry sy maniva tena]</n>Sady tsy mampihana ny volany, na mandray kolikoly hanameloka ny marina, izay mitandrina izany dia tsy mba hangozohozo mandrakizay."
mg_19,16,7,0.92,Hisaotra an'i Jehovah Izay manome saina ahy aho; ary na amin'ny alina aza dia mananatra* ahy ny foko**. [*Na: mamporisika] [**Hebreo: voako],Hisaotra an'i Jehovah Izay manome saina ahy aho; ary na amin'ny alina aza dia mananatra ahy ny foko. <n>[Na: mamporisika]</n><n>[Heb: voako]</n>
mg_19,16,9,0.95,"Izany no ifalian'ny foko sy iravoravoan'ny fanahiko*; eny, ny nofoko aza hitoetra tsy manana ahiahy. [*Hebreo: voninahitro]","Izany no ifalian'ny foko sy iravoravoan'ny fanahiko; eny, ny nofoko aza hitoetra tsy manana ahiahy.<n>[Heb: voninahitro]</n>"
mg_19,16,10,0.61,Fa tsy ho foinao ho any amin'ny fiainan-tsy hita* ny aiko; tsy hamela ny Iray Masinao ho latsaka ao amin'ny** lavaka*** Ianao. [*Hebreo: Sheola] [**Hebreo: hahita] [***Na: ho tratry ny lo],"Fa tsy ho foinao ho any amin'ny fiainan-tsi-hita ny aiko; tsy hamela ny Iray Masinao ho latsaka ao amin'ny lavaka Hianao.<n>[Heb: Sheola]</n><n>[Heb: hahita]</n><n>[Na: ho tratry ny lò]</n>Hampahafantatra ahy ny lalan'aina Hianao; fa havokisam-pifaliana no eo anatrehanao, ary fahafinaretana no eo an-tananao an-kavanana mandrakizay."
mg_19,18,1,0.15,"mamiko indrindra Ianao, Jehovah Heriko o.","Ho an'ny mpiventy hira. Nataon'i Davida, mpanompon'i Jehovah, izay nilaza tamin'i Jehovah ny tenin'ity fihirana ity tamin'ny andro namonjen'i Jehovah azy tamin'ny tanan'ny fahavalony rehetra, indrindra fa tamin'ny tanan'i Saoly; dia hoy izy: mamiko indrindra Hianao, Jehovah Heriko ô."
mg_19,18,5,0.92,Ny famatoran'ny fiainan-tsy hita* nihodidina tamiko; nisakana ahy ny fandriky ny fahafatesana. [*Hebreo: Sheola],Ny famatoran'ny fiainan-tsi-hita nihodidina tamiko; nisakana ahy ny fandriky ny fahafatesana.<n>[Heb: Sheola]</n>
mg_19,18,11,0.95,"Efa nanao ny maizina ho fiereny sy tranony manodidina Azy Izy, dia rahona ngalingaly* rahona matevina. [*Hebreo: aizin-drano]","Efa nanao ny maizina ho fiereny sy tranony manodidina Azy Izy, dia rahona ngalingaly rahona matevina.<n>[Heb: aizin-drano]</n>"
mg_19,18,26,0.95,Ny madio no isehoanao fa madio; ary ny mpiolakolaka kosa no isehoanao fa lalin-tsaina*. [*Hebreo: miolakolaka],Ny madio no isehoanao fa madio; ary ny mpiolakolaka kosa no isehoanao fa lalin-tsaina. <n>[Heb: miolakolaka]</n>
mg_19,19,1,0.79,Ny lanitra mitory ny voninahitr'Andriamanitra; ary ny habakabaka manambara ny asan'ny tanany.,Ho an'ny mpiventy hira. Salamo nataon'i Davida. Ny lanitra mitory ny voninahitr'Andriamanitra; ary ny habakabaka manambara ny asan'ny tànany.
mg_19,20,1,0.83,Hihaino anao anie Jehovah amin'ny andro fahoriana; hitondra anao ho any amin'ny avo anie ny anaran'Andriamanitr'i Jakoba.,Ho an'ny mpiventy hira. Salamo nataon'i Davida. Hihaino anao anie Jehovah amin'ny andro fahoriana; hitondra anao ho any amin'ny avo anie ny anaran'Andriamanitr'i Jakoba.
mg_19,21,1,0.80,"Jehovah o, ny herinao no hifalian'ny mpanjaka; ary endrey ny haben'ny hiravoravoany amin'ny famonjenao!","Ho an'ny mpiventy hira. Salamo nataon'i Davida. Jehovah ô, ny herinao no hifalian'ny mpanjaka; ary endrey ny haben'ny hiravoravoany amin'ny famonjenao!"
mg_19,21,10,0.94,"Ny zanany* haringanao tsy ho eo amin'ny tany, ary ny taranany tsy ho eo amin'ny zanak'olombelona; [*Hebreo: vokany]","Ny zanany haringanao tsy ho eo amin'ny tany, ary ny taranany tsy ho eo amin'ny zanak'olombelona;<n>[Heb: vokany]</n>"
mg_19,22,1,0.91,"Alaieleth-hasahara. Salamo nataon'i Davida. Andriamanitra o, Andriamanitro o, nahoana no dia mahafoy ahy Ianao? Lavitra ny famonjena ahy ny tenin'ny fitarainako.","Ho an'ny mpiventy hira. Alaieleth-hasahara. Salamo nataon'i Davida. Andriamanitra ô, Andriamanitro ô, nahoana no dia mahafoy ahy Hianao? Lavitra ny famonjena ahy ny tenin'ny fitarainako."
mg_19,23,5,0.63,Mamelatra latabatra eo anoloako eo imason'ny fahavaloko Ianao; manosotra diloilo ny lohako Ianao; ny kapoakako feno dia feno.,"Mamelatra latabatra eo anoloako eo imason'ny fahavaloko Hianao; manosotra diloilo ny lohako Hianao; ny kapoakako feno dia feno.Eny tokoa, fahasoavana sy famindram-po no hanaraka ahy amin'ny andro rehetra hiainako, dia hitoetra ao an-tranon'i Jehovah andro lava aho."
mg_19,24,9,0.70,"Asandrato ny lohanareo, ry vavahady; ary manandrata ny lohanareo, ry varavarana fahagola*, mba hidiran'ny Mpanjakan'ny voninahitra. [*Na: Mandrakizay]","Asandrato ny lohanareo, ry vavahady; ary manandrata ny lohanareo, ry varavarana fahagola,2 mba hidiran'ny Mpanjakan'ny voninahitra.Iza ary izao Mpanjakan'ny voninahitra izao? Jehovah, Tompon'ny maro, Izy no Mpanjakan'ny voninahitra."
mg_19,25,1,0.83,"Aminao, Jehovah o, no anandratako ny fanahiko.","Nataon'i Davida. Aminao, Jehovah ô, no anandratako ny fanahiko."
mg_19,25,21,0.69,Aoka ny tsy fisian-tsiny sy ny fahitsiana no hiaro ahy; fa miandry Anao aho.,"Aoka ny tsi-fisian-tsiny sy ny fahitsiana no hiaro ahy; fa miandry Anao aho.Andriamanitra ô, afaho ny Isiraely, amin'ny fahoriany rehetra."
mg_19,26,1,0.92,"Tsarao aho, Jehovah o, fa mandeha amin'ny fahamarinako aho; ary Jehovah no itokiako, ka tsy miahanahana aho.","Nataon'i Davida. Tsarao aho, Jehovah ô, fa mandeha amin'ny fahamarinako aho; ary Jehovah no itokiako, ka tsy miahanahana aho."
mg_19,27,1,0.94,Jehovah no fahazavako sy famonjena ahy; iza no hatahorako? Jehovah no fiarovana mafy ho an'ny aiko; iza no hangovitako?,Nataon'i Davida Jehovah no fahazavako sy famonjena ahy; iza no hatahorako? Jehovah no fiarovana mafy ho an'ny aiko; iza no hangovitako?
mg_19,28,1,0.92,"Ianao no antsoiko, Jehovah o, Ry vatolampiko o, aza manentsin-tadiny amiko; fandrao, raha mangina amiko Ianao, dia ho tahaka izay midina any an-davaka aho.","Nataon'i Davida. Hianao no antsoiko, Jehovah ô, Ry vatolampiko ô, aza manentsin-tadiny amiko; fandrao, raha mangina amiko Hianao, dia ho tahaka izay midina any an-davaka aho."
mg_19,28,9,0.93,"Vonjeo ny olonao, ary tahio ny lovanao; andraso izy, ka tezao* mandrakizay. [*Hebreo: ento]","Vonjeo ny olonao, ary tahio ny lovanao; andraso izy, ka tezao mandrakizay.<n>[Heb: ento]</n>"
mg_19,30,3,0.93,"Jehovah o, efa nampakatra ny fanahiko avy tany amin'ny fiainan-tsy hita* Ianao; efa nampody ny aiko Ianao, mba tsy ho isan'izay midina any an-davaka aho. [*Hebreo: Sheola]","Jehovah ô, efa nampakatra ny fanahiko avy tany amin'ny fiainan-tsi-hita Hianao; efa nampody ny aiko Hianao, mba tsy ho isan'izay midina any an-davaka aho.<n>[Heb: Sheola]</n>"
mg_19,30,4,0.93,"Mankalazà an'i Jehovah, ry olony masina, ka miderà ny anarany* masina. [*Hebreo: fahatsiarovana]","Mankalazà an'i Jehovah, ry olony masina, ka miderà ny anarany masina.<n>[Heb: fahatsiarovana]</n>"
mg_19,30,6,0.94,"Ary hoy izaho, raha mbola niadana*: tsy hangozohozo mandrakizay aho. [*Hebreo: Na: noho ny fiadanako]","Ary hoy izaho, raha mbola niadana: tsy hangozohozo mandrakizay aho.<n>[Heb: Na: noho ny fiadanako]</n>"
mg_19,30,11,0.63,"Efa nampody ny fisaonako ho fandihizana Ianao; efa nanaisotra ny lamba fisaonako Ianao ka nampisikina ahy fifaliana,","Efa nampody ny fisaonako ho fandihizana Hianao; efa nanaisotra ny lamba fisaonako Hianao ka nampisikina ahy fifaliana,Mba hankalazan'ny fanahiko Anao ka tsy hangina. Jehovah Andriamanitro ô, hidera Anao mandrakizay aho.<n>[Heb: voninahitro]</n>"
mg_19,30,12,0.94,"Mba hankalazan'ny fanahiko* Anao ka tsy hangina. Jehovah Andriamanitro o, hidera Anao mandrakizay aho. [*Hebreo: voninahitro]","Mba hankalazan'ny fanahiko Anao ka tsy hangina. Jehovah Andriamanitro ô, hidera Anao mandrakizay aho.<n>[Heb: voninahitro]</n>"
mg_19,31,1,0.80,"Jehovah o, Ianao no ialofako; aoka tsy ho menatra akory mandrakizay aho; vonjeo amin'ny fahamarinanao aho.","Ho an'ny mpiventy hira. Salamo nataon'i Davida. Jehovah ô, Hianao no ialofako; aoka tsy ho menatra akory mandrakizay aho; vonjeo amin'ny fahamarinanao aho."
mg_19,31,6,0.93,Halako izay mivavaka amin'ny sampy*; fa Jehovah kosa no itokiako. [*Hebreo: zava-poana mandainga],Halako izay mivavaka amin'ny sampy; fa Jehovah kosa no itokiako.<n>[Heb: zava-poana mandainga]</n>
mg_19,31,17,0.94,"Aoka tsy ho menatra aho, Jehovah o, satria miantso Anao; fa aoka kosa ho menatra ny ratsy fanahy ka hangina any amin'ny fiainan-tsy hita*. [*Hebreo: Sheola]","Aoka tsy ho menatra aho, Jehovah ô, satria miantso Anao; fa aoka kosa ho menatra ny ratsy fanahy ka hangina any amin'ny fiainan-tsi-hita. <n>[Heb: Sheola]</n>"
mg_19,32,1,0.90,Maskila. Sambatra ny olona izay voavela ny helony sy voasarona ny fahotany.,Nataon'i Davida. Maskila. Sambatra ny olona izay voavela ny helony sy voasarona ny fahotany.
mg_19,35,1,0.88,"Jehovah o, mamalia izay manana ady amiko; miadia amin'izay mamely ahy.","Nataon'i Davida. Jehovah ô, mamalia izay manana ady amiko; miadia amin'izay mamely ahy."
mg_19,35,16,0.95,Naman'ny olon-dratsy manendrikendrika ho enti-mila sitraka* izy ka nihidy vazana tamiko. [*Hebreo: hahazoa-mofo; na;tena mpanendrikendrika indrindra],Naman'ny olon-dratsy manendrikendrika ho enti-mila sitraka izy ka nihidy vazana tamiko.<n>[Heb. hahazoa-mofo; na;tena mpanendrikendrika indrindra]</n>
mg_19,36,1,0.88,", mpanompon'i Jehovah. Ny ota milaza ato am-poko ny amin'ny ratsy fanahy hoe*: tsy misy fahatahorana an'Andriamanitra ao aminy. [*Na: Misy filazana ny ao am-pon'ny ratsy fanahy manao hoe:]","Ho an'ny mpiventy hira. Nataon'i Davida, mpanompon'i Jehovah. Ny ota milaza ato am-poko ny amin'ny ratsy fanahy hoe: tsy misy fahatahorana an'Andriamanitra ao aminy.<n>[Na: Misy filazana ny ao am-pon'ny ratsy fanahy manao hoe:]</n>"
mg_19,37,1,0.92,Aoka tsy hirehitra ny fahatezeranao noho ny amin'ny mpanao ratsy; Ary aza mialona ny mpanao meloka;,Nataon'i Davida. Aoka tsy hirehitra ny fahatezeranao noho ny amin'ny mpanao ratsy; Ary aza mialona ny mpanao meloka;
mg_19,37,16,0.70,Tsara lavitra ny kely ananan'ny olo-marina anankiray Noho ny be ananan'ny ratsy fanahy maro.,Tsara lavitra ny kely ananan'ny ratsy fanahy maro.
mg_19,37,25,0.85,"Efa mba tanora ihany aho, ary efa antitra ankehitriny; Fa tsy mbola hitako izay marina nafoy, na ny zanany mangataka hanina.","Efa mba tanora ihany aho, ary efa antitra ankehitriny; Fa tsy mbola hitako mangataka hanina."
mg_19,37,37,0.94,"Diniho ny mahitsy, ka jereo ny marina; Fa misy farany* ho an'ny olona tia fihavanana*. [*Na: taranaka] [**Na: Fa fiadanana no faran'izany olona izany]","Diniho ny mahitsy, ka jereo ny marina; Fa misy farany ho an'ny olona tia fihavanana. <n>[Na: taranaka]</n><n>[Na: Fa fiadanana no faran'izany olona izany]</n>"
mg_19,38,18,0.94,Fa ny heloko no hambarako; matahotra* aho noho ny fahotako. [*Na: Malahelo],Fa ny heloko no hambarako; matahotra aho noho ny fahotako. <n>[Na: Malahelo]</n>
mg_19,38,21,0.71,"Aza mahafoy ahy, Jehovah o; Ry Andriamanitro o, aza manalavitra ahy.","Aza mahafoy ahy,Jehovah ô; Ry Andriamanitro ô, aza manalavitra ahy.Faingàna hamonjy ahy, ry Tompo, Mpamonjy ahy ô."
mg_19,39,1,0.81,"Hoy izaho: hitandrina ny lalako aho ka tsy hanota amin'ny lelako; hasiako fehim-bava ny vavako, raha mbola eo anatrehako ny ratsy fanahy.","Ho an'ny mpiventy hira. Ho an'i Jedotona Salamo nataon'i Davida. Hoy izaho: hitandrina ny lalako aho ka tsy hanota amin'ny lelako; hasiako fehim-bava ny vavako, raha mbola eo anatrehako ny ratsy fanahy."
mg_19,39,12,0.75,"Mandrenesa ny fivavako Jehovah o, ary mihainoa ny fitarainako; aza mangina amin'ny ranomasoko fa vahiny aminao aho sy mpivahiny tahaka ny razako rehetra.","Mandrenesa ny fivavako Jehovah ô,ary mihainoa ny fitarainako; aza mangina amin'ny ranomasoko fa vahiny aminao aho sy mpivahiny tahaka ny razako rehetra.Aza atrehinao aho aloha, dia ho miramirana indray, dieny aho tsy mbola lasa ka tsy ho eto intsony."
mg_19,40,1,0.79,Niandry dia niandry an'i Jehovah aho; ary nitodika nitsinjo ahy Izy ka nandre ny fitarainako.,Ho an'ny mpiventy hira. Salamo nataon'i Davida. Niandry dia niandry an'i Jehovah aho; ary nitodika nitsinjo ahy Izy ka nandre ny fitarainako.
mg_19,41,1,0.77,Sambatra izay mahatsiaro ny malahelo; Jehovah hamonjy azy amin'ny andro fahoriana.,Ho an'ny mpiventy hira. Salamo nataon'i Davida. Sambatra izay mahatsiaro ny malahelo; Jehovah hamonjy azy amin'ny andro fahoriana.
mg_19,41,12,0.40,"Ary ny amiko, dia manohana ahy amin'ny fahitsiako Ianao, ka mampitoetra ahy eo anatrehanao mandrakizay.","Ary ny amiko, dia manohana ahy amin'ny fahitsiako Hianao, ka mampitoetra ahy eo anatrehanao mandrakizay.Isaorana anie Jehovah, Andriamanitry ny Isiraely, hatramin'ny taloha indrindra ka mandrakizay. Amena dia Amena."
mg_19,42,1,0.73,"Maskila. Nataon'ny Koraita. Tahaka ny diera mihanahana maniry ny rano an'ony no anirian'ny fanahiko Anao, Andriamanitra o.","<n>[Faniriana an'Andriamanitra raha lavitra an'i Ziona]</n> Ho an'ny mpiventy hira. Maskila. Nataon'ny Koraita. Tahaka ny diera mihanahana maniry ny rano an'ony no anirian'ny fanahiko Anao, Andriamanitra ô."
mg_19,44,1,0.92,"Nataon'ny Koraita. Maskila. Ny sofinay no nandrenesanay, Andriamanitra o, ny razanay nilaza taminay ny asa nataonao tamin'ny androny, dia tamin'ny andro fahiny.","Ho an'ny mpiventy hira. Nataon'ny Koraita. Maskila. Ny sofinay no nandrenesanay, Andriamanitra ô, ny razanay nilaza taminay ny asa nataonao tamin'ny androny, dia tamin'ny andro fahiny."
mg_19,44,19,0.95,Nefa Ianao nanorotoro anay teo amin'ny fitoeran'ny amboadia* sy nanarona anay tamin'ny aloky ny fahafatesana. [*Na: jakala],Nefa Hianao nanorotoro anay teo amin'ny fitoeran'ny amboadia sy nanarona anay tamin'ny aloky ny fahafatesana.<n>[Na: jakala]</n>
mg_19,45,1,0.94,"Al-shoshanim. Nataon'ny Koraita. Maskila. Tonon-kiram-pitiavana. Mampiboiboika teny tsara ny foko; miteny aho, ka ny hilaza ny mpanjaka no teny ataoko; fanoratan'ny faingan-tsoratra ny lelako.","Ho an'ny mpiventy hira. Al-shoshanim. Nataon'ny Koraita. Maskila. Tonon-kiram-pitiavana. Mampiboiboika teny tsara ny foko; miteny aho, ka ny hilaza ny mpanjaka no teny ataoko; fanoratan'ny faingan-tsoratra ny lelako."
mg_19,46,1,0.92,Nataon'ny Koraita; At-alamoth; Tonon-kira. Andriamanitra no aro sy hery ho antsika; Mpamonjy mora azo indrindra amin'ny fahoriana Izy.,Ho an'ny mpiventy hira. Nataon'ny Koraita; At-alamoth; Tonon-kira. Andriamanitra no aro sy hery ho antsika; Mpamonjy mora azo indrindra amin'ny fahoriana Izy.
mg_19,47,1,0.89,"Nataon'ny Koraita. Salamo. Mitehafa tanana, ry firenena rehetra; mihobia ho an'Andriamanitra.","Ho an'ny mpiventy hira. Nataon'ny Koraita. Salamo. Mitehafa tanana, ry firenena rehetra; mihobia ho an'Andriamanitra."
mg_19,49,1,0.91,"Nataon'ny Koraita. Salamo. Mandrenesa izao, ry firenena rehetra; mihainoa, ry mponina rehetra amin'izao tontolo izao:","Ho an'ny mpiventy hira. Nataon'ny Koraita. Salamo. Mandrenesa izao, ry firenena rehetra; mihainoa, ry mponina rehetra amin'izao tontolo izao:"
mg_19,49,9,0.92,"Mba ho velona mandrakizay izy, ka tsy ho latsaka ao amin'ny lavaka*. [*Na: ho tratry ny lo]","Mba ho velona mandrakizay izy, ka tsy ho latsaka ao amin'ny lavaka.<n>[Na: ho tratry no lò]</n>"
mg_19,49,14,0.92,"Tahaka ny fanangona ondry no fanangona azy any amin'ny fiainan-tsy hita*; ny fahafatesana no mpiandry azy; ary hanapaka azy ny mahitsy nony maraina; ary ny bikany ho levona any amin'ny fiainan-tsy hita*, ka tsy hisy fonenany. [*Hebreo: Sheola]","Tahaka ny fanangona ondry no fanangona azy any amin'ny fiainan-tsi-hita; ny fahafatesana no mpiandry azy; ary hanapaka azy ny mahitsy nony maraina; ary ny bikany ho levona any amin'ny fiainan-tsi-hita, ka tsy hisy fonenany.<n>[Heb: Sheola]</n>"
mg_19,49,15,0.94,"Fa Andriamanitra kosa hamonjy ny aiko amin'ny herin'ny fiainan-tsy hita, 3 satria handray ahy Izy*. [*Na: Rehefa azony aho]","Fa Andriamanitra kosa hamonjy ny aiko amin'ny herin'ny fiainan-tsi-hita,3 satria handray ahy Izy.<n>[Na: Rehefa azony aho]</n>"
mg_19,51,1,0.65,"Mamindrà fo amiko, Andriamanitra o, araka ny fahasoavanao; araka ny haben'ny fiantranao vonoy ny fahadisoako.","Ho an'ny mpiventy hira. Salamo nataon'i Davida, fony Natana mpaminany nankao aminy rehefa naka an'i Batseba izy. Mamindrà fo amiko, Andriamanitra ô, araka ny fahasoavanao; araka ny haben'ny fiantranao vonoy ny fahadisoako."
mg_19,51,7,0.94,"Diovy hysopa aho ho afa-pahotana, dia hadio; sasao aho, dia ho fotsy mangatsakatsaka*. [*Hebreo: toy ny oram-panala]","Diovy hysopa aho ho afa-pahotana, dia hadio; sasao aho, dia ho fotsy mangatsakatsaka.<n>[Heb: toy ny oram-panala]</n>"
mg_19,51,14,0.95,"Vonjeo ho afaka amin'ny valin-drà aho, Andriamanitra o, Andriamanitry ny famonjena ahy; hihoby ny fahamarinanao ny vavako*. [*Hebreo: ny lelako]","Vonjeo ho afaka amin'ny valin-drà aho, Andriamanitra ô, Andriamanitry ny famonjena ahy; hihoby ny fahamarinanao ny vavako.<n>[Heb: ny lelako]</n>"
mg_19,53,1,0.93,"Al-mahalath. Maskila nataon'i Davida. Ny adala manao anakampo hoe: tsy misy Andriamanitra. Manao izay ratsy sy vetaveta izy, tsy misy manao ny tsara.","Ho an'ny mpiventy hira. Al-mahalath. Maskila nataon'i Davida. Ny adala manao anakampo hoe: tsy misy Andriamanitra. Manao izay ratsy sy vetaveta izy, tsy misy manao ny tsara."
mg_19,54,1,0.94,"Hampiarahina amin'ny valiha. Maskila nataon'i Davida, fony tonga ny Zifita ka nanao tamin'i Saoly hoe: Tsy miery any aminay va Davida? Vonjeo amin'ny anaranao aho, Andriamanitra o, ary omeo rariny aho araka ny herinao.","Ho an'ny mpiventy hira. Hampiarahina amin'ny valiha. Maskila nataon'i Davida, fony tonga ny Zifita ka nanao tamin'i Saoly hoe: Tsy miery any aminay va Davida? Vonjeo amin'ny anaranao aho, Andriamanitra ô, ary omeo rariny aho araka ny herinao."
mg_19,55,1,0.91,"Hampiarahina amin'ny valiha. Maskila nataon'i Davida. Mihainoa ny fivavako, Andriamanitra o, ary aza miery amin'ny fitarainako.","Ho an'ny mpiventy hira. Hampiarahina amin'ny valiha. Maskila nataon'i Davida. Mihainoa ny fivavako, Andriamanitra ô, ary aza miery amin'ny fitarainako."
mg_19,55,15,0.91,"Aoka hanampoka azy ny fahafatesana*. Aoka hidina velona any amin'ny fiainan-tsy hita** izy; fa ratsy no ao amin'ny fonenany, dia ao afovoany***. [*Na: Aoka hahazo azy ny fandringanana] [**Hebreo: Sheola] [***Na: Fa hevi-dratsy ny ao amin'ny firaketany, dia ao am-pony]","Aoka hanampoka azy ny fahafatesana. Aoka hidina velona any amin'ny fiainan-tsi-hita izy; fa ratsy no ao amin'ny fonenany, dia ao afovoany. <n>[Na: Aoka hahazo azy ny fandringanana]</n><n>[Heb: Sheola]</n><n>[Na: Fa hevi-dratsy ny ao amin'ny firaketany, dia ao am-pony]</n>"
mg_19,56,1,0.94,"Al-jonathelem-rehokim. Miktama nataon'i Davida, fony nisambotra azy tany Gata ny Filistina. Mamindrà fo amiko, Andriamanitra o, fa misafoaka manenjika ahy ny olona; miady amiko mandrakariva izy ka mampahory ahy.","Ho an'ny mpiventy hira. Al-jonathelem-rehokim. Miktama nataon'i Davida, fony nisambotra azy tany Gata ny Filistina. Mamindrà fo amiko, Andriamanitra ô, fa misafoaka manenjika ahy ny olona; miady amiko mandrakariva izy ka mampahory ahy."
mg_19,58,1,0.91,"Al-tasheth. Miktama nataon'i Davida. Moa ny tsy fitenenana va ataonareo ho filazana ny marina*? Mitsara mahitsy va ianareo, ry zanak'olombelona? [*Na: Moa milaza ny maraina tokoa va ianareo, ry mahery?]","Ho an'ny mpiventy hira. Al-tasheth. Miktama nataon'i Davida. Moa ny tsi-fitenenana va ataonareo ho filazana ny marina? Mitsara mahitsy va ianareo, ry zanak'olombelona?<n>[Na: Moa milaza ny maraina tokoa va ianareo, ry mahery?]</n>"
mg_19,58,11,0.95,Dia hiteny ny olona ka hanao hoe: misy valiny* tokoa ho an'ny marina; misy tokoa Andriamanitra Izay mitsara ety ambonin'ny tany. [*Hebreo: vokatra],Dia hiteny ny olona ka hanao hoe: misy valiny tokoa ho an'ny marina; misy tokoa Andriamanitra Izay mitsara etỳ ambonin'ny tany.<n>[Heb: vokatra]</n>
mg_19,59,1,0.63,"Afaho amin'ny fahavaloko aho, Andriamanitro o; asondroty eo amin'ny avo aho tsy ho azon'izay miodina amiko.","Ho an'ny mpiventy hira. Al-tasheth. Miktama nataon'i Davida, fony Saoly naniraka, ka nisy niambina ny trano hamonoana azy. Afaho amin'ny fahavaloko aho, Andriamanitro ô; asondroty eo amin'ny avo aho tsy ho azon'izay miodina amiko."
mg_19,59,4,0.92,"Tsy heloko* no ihazakazahany sy iomanany, koa mifohaza hitsena ahy, ka jereo. [*Hebreo: vokatra]","Tsy heloko no ihazakazahany sy iomanany, koa mifohaza hitsena ahy, ka jereo.<n>[Heb. vokatra]</n>"
mg_19,59,8,0.94,"Kanjo Ianao, Jehovah o, hihomehy azy; Ianao haneso ny firenena rehetra.","Kanjo Hianao, Jehovah ô, hihomehy azy; Hianao haneso ny firenena rehetra."
mg_19,59,16,0.51,"Fa izaho kosa dia hihira ny herinao, ary hihoby ny famindram-ponao nony maraina, satria fiarovana avo ho ahy Ianao, ary fandosirako amin'ny andro fahoriana.","Fa izaho kosa dia hihira ny herinao, ary hihoby ny famindram-ponao nony maraina, satria fiarovana avo ho ahy Hianao, ary fandosirako amin'ny andro fahoriana.Ry Heriko ô, Hianao no hankalazaiko; fa Andriamanitra no fiarovana avo ho ahy, dia Andriamanitra Izay mamindra fo amiko."
mg_19,60,10,0.94,"Tsy Ianao va, Izay efa nanary anay*, Andriamanitra o. Sady tsy nivoaka niaraka tamin'ny antokon'ny miaramilanay, Andriamanitra o? [*Na: Tsy efa nanary anay va Ianao]","Tsy Hianao va, Izay efa nanary anay, Andriamanitra ô. Sady tsy nivoaka niaraka tamin'ny antokon'ny miaramilanay, Andriamanitra ô? <n>[Na: Tsy efa nanary anay va Hianao]</n>"
mg_19,61,1,0.89,"Hampiarahina amin'ny valiha. Nataon'i Davida. Henoy ny fitarainako, Andriamanitra o; tandremo ny fivavako.","Ho an'ny mpiventy hira. Hampiarahina amin'ny valiha. Nataon'i Davida. Henoy ny fitarainako, Andriamanitra ô; tandremo ny fivavako."
mg_19,62,1,0.90,Al-jedotona. Salamo nataon'i Davida. Andriamanitra tokoa no iantombenan'ny fanahiko; avy aminy ny famonjena ahy.,Ho an'ny mpiventy hira. Al-jedotona. Salamo nataon'i Davida. Andriamanitra tokoa no iantombenan'ny fanahiko; avy aminy ny famonjena ahy.
mg_19,63,1,0.91,"Salamo nataon'i Davida, fony tany an'efitr'i Joda izy. ANDRIAMANITRA o, Andriamanitro Ianao; mitady Anao fatratra aho; mangetaheta Anao ny fanahiko, maniry Anao ny nofoko, eto amin'ny tany maina sy mangentana tsy misy rano;","Salamo nataon'i Davida, fony tany an-efitr'i Joda izy. ANDRIAMANITRA ô, Andriamanitro Hianao; mitady Anao fatratra aho; mangetaheta Anao ny fanahiko, maniry Anao ny nofoko, eto amin'ny tany maina sy mangentana tsy misy rano;"
mg_19,63,10,0.53,Hatolotra ho amin'ny herin'ny sabatra izy; ho anjaran'ny amboahaolo* izy. [*volpa],Hatolotra ho amin'ny herin'ny sabatra izy; ho anjaran'ny amboahaolo izy.<n>[volpa]</n>Fa ny mpanjaka hifaly amin'Andriamanitra; ho ravoravo izay rehetra mianiana aminy; fa hakombona ny vavan'izay rehetra mandainga.
mg_19,64,1,0.79,"Henoy ny feoko, raha mitaraina aho, Andriamanitra o; arovy ny aiko amin'ny tahotro ny fahavalo.","Ho an'ny mpiventy hira. Salamo nataon'i Davida. Henoy ny feoko, raha mitaraina aho, Andriamanitra ô; arovy ny aiko amin'ny tahotro ny fahavalo."
mg_19,65,1,0.91,"Salamo nataon'i Davida. Tonon-kira. Ho anao ny fanginana sy ny fiderana*, Andriamanitra any Ziona o, ary aminao no anefana ny voady. [*Na: Ny fiononana dia fiderana ankasitrahinao]","Ho an'ny mpiventy hira.Salamo nataon'i Davida. Tonon-kira. Ho anao ny fanginana sy ny fiderana, Andriamanitra any Ziona ô, ary aminao no anefana ny voady.<n>[Na: Ny fiononana dia fiderana ankasitrahinao]</n>"
mg_19,65,12,0.66,"Vonton-drano ny fiandrasana ondry any an'efitra, ary misikina fifaliana ny havoana.","Vonton-drano ny fiandrasana ondry any an-efitra, ary misikina fifaliana ny havoana.Rakotra ondry ny saha; ary voasarona vary ny lohasaha: mihoby izy, eny, mihira koa."
mg_19,66,1,0.84,"Tonon-kira. Salamo. Mihobia ho an'Andriamanitra, ry tany rehetra;","Ho an'ny mpiventy hira. Tonon-kira. Salamo. Mihobia ho an'Andriamanitra, ry tany rehetra;"
mg_19,66,18,0.93,"Raha nankasitraka* ota tao am-poko aho, dia tsy mba hihaino ny Tompo; [*Hebreo: nijery]","Raha nankasitraka ota tao am-poko aho, dia tsy mba hihaino ny Tompo;<n>[Heb: nijery]</n>"
mg_19,67,1,0.92,Hampiarahina amin'ny valiha. Salamo. Tonon-kira. Andriamanitra anie hamindra fo aminay sy hitahy anay; hampamirapiratra ny tavany aminay anie Izy;,Ho an'ny mpiventy hira. Hampiarahina amin'ny valiha. Salamo. Tonon-kira. Andriamanitra anie hamindra fo aminay sy hitahy anay; hampamirapiratra ny tavany aminay anie Izy;
mg_19,68,1,0.83,"Tonon-kira. Aoka hitsangana Andriamanitra, ka hiely ny fahavalony; ary aoka izay mankahala Azy handositra ny tavany.","Ho an'ny mpiventy hira. Salamo nataon'i Davida. Tonon-kira. Aoka hitsangana Andriamanitra, ka hiely ny fahavalony; ary aoka izay mankahala Azy handositra ny tavany."
mg_19,68,10,0.92,"Ny olonao* tamàn-toerana teo; mamboatra ho an'ny ory araka ny fahasoavanao Ianao, Andriamanitra o. [*Hebreo: bibinao]","Ny olonao tamàn-toerana teo; mamboatra ho an'ny ory araka ny fahasoavanao Hianao, Andriamanitra ô.<n>[Heb. bibinao]</n>"
mg_19,69,1,0.88,"Al-shoshanim. Nataon'i Davida. Vonjeo aho, Andriamanitra o; fa efa mihatra amin'ny aiko ny rano.","Ho an'ny mpiventy hira. Al-shoshanim. Nataon'i Davida. Vonjeo aho, Andriamanitra ô; fa efa mihatra amin'ny aiko ny rano."
mg_19,70,1,0.80,"Ho fampahatsiarovana. Andriamanitra o, faingàna hanafaka ahy; Jehovah o, faingàna hamonjy ahy.","Ho an'ny mpiventy hira. Nataon'i Davida. Ho fampahatsiarovana. Andriamanitra ô, faingàna hanafaka ahy; Jehovah ô, faingàna hamonjy ahy."
mg_19,72,2,0.94,"Hitsara* ny olonao amin'ny fahamarinana izy. Ary ny malahelonao amin'ny fahitsiana. [*Na: Aoka, etc]","Hitsara ny olonao amin'ny fahamarinana izy. Ary ny malahelolonao amin'ny fahitsiana.<n>[Na: Aoka, etc]</n>"
mg_19,72,4,0.90,"Hitsara* ny olona ory izy sy hamonjy ny zanaky ny mahantra ary hanorotoro ny mpampahory. [*Na: Aoka, etc]",Hitsara2 ny olona ory izy sy hamonjy ny zanaky ny mahantra ary hanorotoro ny mpampahory.
mg_19,72,5,0.92,"Hatahotra* anao ny olona, raha mbola maharitra koa ny masoandro sy ny volana hatramin'ny taranaka fara mandimby. [*Na: Aoka, etc]","Hatahotra2 anao ny olona, raha mbola maharitra koa ny masoandro sy ny volana hatramin'ny taranaka fara mandimby."
mg_19,72,6,0.91,"Hidina* tahaka ny ranonorana amin'ny saha voajinja izy, tahaka ny ranonorana mivatravatra amin'ny tany. [*Na: Aoka, etc]","Hidina2 tahaka ny ranonorana amin'ny saha voajinja izy, tahaka ny ranonorana mivatravatra amin'ny tany."
mg_19,72,7,0.91,"Ny* marina hitrebona amin'ny androny, ary ho be ny fiadanana mandra-paha-tsy hisy volana intsony. [*Na: Aoka, etc]","Ny2 marina hitrebona amin'ny androny, ary ho be ny fiadanana mandra-paha-tsy hisy volana intsony."
mg_19,72,17,0.94,"Ho mandrakizay ny anarany; raha mbola maharitra koa ny masoandro, dia hanorobona ny anarany; ary izy ho fitahiana ny olona; ny firenena rehetra hanao azy ho sambatra*. [*Izaho Genesisy 22:18]","Ho mandrakizay ny anarany; raha mbola maharitra koa ny masoandro, dia hanorobona ny anarany; ary izy ho fitahiana ny olona; ny firenena rehetra hanao azy ho sambatra.<n>[Izaho Gen.xxii. 18]</n>"
mg_19,73,1,0.62,"Salamo nataon'i Asafa. Andriamanitra mahasoa ny Isiraely tokoa, dia ny madio fo.","<n>[Ny amin'ny tsy hahaketraka ny olon'Andriamanitra, raha mahita ny ratsy fanahy ambinina]</n> Salamo nataon'i Asafa. Andriamanitra mahasoa ny Isiraely tokoa, dia ny madio fo."
mg_19,73,22,0.94,"Dia ketrina aho ka tsy nahalala; eny, biby* teo anatrehanao aho. [*Na: hipopotamosy]","Dia ketrina aho ka tsy nahalala; eny, biby teo anatrehanao aho.<n>[Na: hipopotamosy]</n>"
mg_19,75,1,0.91,"Al-tasheth. Salamo nataon'i Asafa. Tonon-kira. Hisaoranay Ianao, Andriamanitra o; eny, hisaoranay Ianao; fa akaiky ny anaranao; mitory ny fahagagana ataonao ny olona.","Ho an'ny mpiventy hira. Al-tasheth. Salamo nataon'i Asafa. Tonon-kira. Hisaoranay Hianao, Andriamanitra ô; eny, hisaoranay Hianao; fa akaiky ny anaranao; mitory ny fahagagana ataonao ny olona."
mg_19,76,1,0.92,Hampiarahina amin'ny valiha. Salamo nataon'i Asafa. Tonon-kira. Andriamanitra dia fantatra eo amin'ny Joda; malaza eo amin'ny Isiraely ny anarany;,Ho an'ny mpiventy hira. Hampiarahina amin'ny valiha. Salamo nataon'i Asafa. Tonon-kira. Andriamanitra dia fantatra eo amin'ny Joda; malaza eo amin'ny Isiraely ny anarany;
mg_19,76,4,0.94,Mamirapiratra Ianao sady be voninahitra miseho avy any amin*'ny tendrombohitra fitohàna. [*Na: noho],Mamirapiratra Hianao sady be voninahitra miseho avy any amin'ny tendrombohitra fitohàna.<n>[Na: noho]</n>
mg_19,76,5,0.94,Voababo ny mahery fo; renoky ny torimasony izy; ary samy ankona tsy nahahetsika* ny tanany avokoa ny olo-mahery rehetra. [*Hebreo: nahita],Voababo ny mahery fo; renoky ny torimasony izy; ary samy ankona tsy nahahetsika ny tànany avokoa ny olo-mahery rehetra.<n>[Heb. nahita]</n>
mg_19,77,1,0.93,"Al-jedotona. Salamo nataon'i Asafa. Ny feoko dia mankany amin'Andriamanitra, ka mitaraina aho; eny, ny feoko mankany amin'Andriamanitra, ka mihaino ahy Izy.","Ho an'ny mpiventy hira. Al-jedotona. Salamo nataon'i Asafa. Ny feoko dia mankany amin'Andriamanitra, ka mitaraina aho; eny, ny feoko mankany amin'Andriamanitra, ka mihaino ahy Izy."
mg_19,80,1,0.85,"Al-shoshanim-edoth. Salamo nataon'i Asafa. Ry Mpiandry ny Isiraely o, mihainoa, Ianao Izay mitondra an'i Josefa toy ny ondry; Ianao, Izay mipetraka amin'ny kerobima, mamirapiratra.","Ho an'ny mpiventy hira. Al-shoshanim-edoth. Salamo nataon'i Asafa. Ry Mpiandry ny Isiraely ô, mihainoa, Hianao Izay mitondra an'i Josefa toy ny ondry; Hianao, Izay mipetraka amin'ny kerobima, mamirapiratra."
mg_19,80,10,0.95,"Nanaloka ny tendrombohitra ny alokalony, ary ny sampany nanaloka ny sedera andrian-kazo*. [*Hebreo: sederan'Andriamanitra]","Nanaloka ny tendrombohitra ny alokalony, ary ny sampany nanaloka ny sedera andrian-kazo.<n>[Heb: sederan'Andriamanitra]</n>"
mg_19,80,15,0.95,Arovy* izay nambolen'ny tananao ankavanana sy ny zanaka izay nampaherezinao ho Anao. [*Na: Dia],Arovy izay nambolen'ny tananao ankavanana sy ny zanaka izay nampaherezinao ho Anao.<n>[Na: Dia]</n>
mg_19,81,1,0.91,Al-gitith. Nataon'i Asafa. Mihobia ho an'Andriamanitra herintsika; manaova feo fifaliana ho an'Andriamanitr'i Jakoba.,Ho an'ny mpiventy hira. Al-gitith. Nataon'i Asafa. Mihobia ho an'Andriamanitra herintsika; manaova feo fifaliana ho an'Andriamanitr'i Jakoba.
mg_19,84,1,0.89,"Al-hagitith. Salamo nataon'ny Koraita. Endrey ny hatsaran'ny tabernakelinao, Jehovah, Tompon'ny maro, o!","Ho an'ny mpiventy hira. Al-hagitith. Salamo nataon'ny Koraita. Endrey ny hatsaran'ny tabernakelinao, Jehovah, Tompon'ny maro, ô!"
mg_19,85,1,0.89,"Salamo nataon'ny Koraita. Jehovah o, efa naneho fitia tamin'ny taninao Ianao, Efa nampodinao Jakoba avy tamin'ny fahababoany.","Ho an'ny mpiventy hira. Salamo nataon'ny Koraita. Jehovah ô, efa naneho fitia tamin'ny taninao Hianao, Efa nampodinao Jakoba avy tamin'ny fahababoany."
mg_19,86,13,0.93,Fa lehibe ny famindram-ponao amiko; Ary efa novonjenao ny fanahiko tsy ho any amin'ny fiainan-tsy hita* ambany indrindra. [*Hebreo: Shoela],Fa lehibe ny famindram-ponao amiko; Ary efa novonjenao ny fanahiko tsy ho any amin'ny fiainan-tsi-hita ambany indrindra.<n>[Heb. Shoela]</n>
mg_19,88,1,0.60,"Jehovah o, Andriamanitry ny famonjena ahy, Andro aman'alina no itarainako eo anatrehanao;","Tonon-kira. Salamo nataon'ny Koraita. Ho an'ny mpiventy hira. Almahalath-leanoth. Maskila nataon'i Hemana Ezrahita. Jehovah ô, Andriamanitry ny famonjena ahy, Andro aman'alina no itarainako eo anatrehanao;"
mg_19,88,3,0.90,Fa diboka ny fahoriana ny fanahiko; Ary ny aiko manakaiky ny fiainan-tsy hita*. [*Hebreo: Sheola],Fa diboka ny fahoriana ny fanahiko; Ary ny aiko manakaiky ny fiainan-tsi-hita.<n>[Heb. Sheola]</n>
mg_19,89,43,0.94,Efa nampihemotra* ny lelan'ny sabany Ianao Ka tsy nampaharitra azy tamin'ny ady. [*Na: nampilefitra],Efa nampihemotra ny lelan'ny sabany Hianao Ka tsy nampaharitra azy tamin'ny ady.<n>[Na: nampilefitra]</n>
mg_19,89,48,0.93,"Iza no olona ho velona tsy hahita fahafatesana, Fa hamonjy ny fanahiny tsy ho azon'ny tanan'ny fiainan-tsy hita*? [*Hebreo: Sheola]","Iza no olona ho velona tsy hahita fahafatesana, Fa hamonjy ny fanahiny tsy ho azon'ny tanan'ny fiainan-tsi-hita? <n>[Heb. Sheola]</n>"
mg_19,90,1,0.58,"Fivavak'i Mosesy, lehilahin'Andriamanitra. Tompo o, efa fonenanay hatramin'ny taranaka rehetra Ianao.","<n>[Ny fiankinan'ny olo-marina amin'Andriamanitra, na dia mandalo faingana aza ny androny sady isehoan'ny fahatezeran'Andriamanitra]</n> Fivavak'i Mosesy, lehilahin'Andriamanitra. Tompo ô, efa fonenanay hatramin'ny taranaka rehetra Hianao."
mg_19,90,3,0.92,"Mamerina ny olona ho amin'ny vovoka* Ianao Ka manao hoe: Miverena, ry zanak'olombelona. [*Hebreo: fahatorotoroana]","Mamerina ny olona ho amin'ny vovoka Hianao Ka manao hoe: Miverena, ry zanak'olombelona.<n>[Heb. fahatorotoroana]</n>"
mg_19,92,8,0.94,"Nefa Ianao, Jehovah o, dia avo mandrakizay.","Nefa Hianao, Jehovah ô, dia avo mandrakizay."
mg_19,92,12,0.90,Ny marina hamololona tahaka ny rofia*; Hisandrahaka** tahaka ny sedera any Libanona izy; [*palma] [**Hebreo: Ho tonga lehibe],Ny marina hamololona tahaka ny rofia; Hisandrahaka tahaka ny sedera any Libanona izy; <n>[palma]</n><n>[Heb. Ho tonga lehibe]</n>
mg_19,94,9,0.92,Ny Mpanao* ny sofina va tsy handre? Ny Mpamorona ny maso va tsy hahita? [*Hebreo: Mpamboly],Ny Mpanao ny sofina va tsy handre? Ny Mpamorona ny maso va tsy hahita?<n>[Heb. Mpamboly]</n>
mg_19,97,11,0.57,"Ny fahazavana no voafafy ho an'ny marina, Ary ny fifaliana ho an'ny mahitsy fo.","Ny fahazavana no voafafy ho an'ny marina, Ary ny fifafiana ho an'ny mahitsy fo.Mifalia amin'i Jehovah, ry olo-marina, Ary miderà ny anarany masina.<n>[Na: ny fahatsiarovana ny fahamasinany]</n>"
mg_19,99,8,0.67,"Jehovah Andriamanitray o, Ianao no namaly ny nataony; Andriamanitra, Mpamela ny helony, Ianao, Na dia namaly azy noho ny nataony aza.","Jehovah Andriamanitray ô, Hianao no namaly ny nataony; Andriamanitra, Mpamela ny helony, Hianao, Na dia namaly azy noho ny nataony aza.Asandrato Jehovah Andriamanitsika, Ary miankohofa eo an-tendrombohiny masina; Fa masina Jehovah Andriamanitsika."
mg_19,101,4,0.90,"Ny fo maditra hiala amiko; Tsy hankasitraka* izay ratsy aho, [*Hebreo: hahalala]","Ny fo maditra hiala amiko; Tsy hankasitraka iza ratsy aho,<n>[Heb. hahalala]</n>"
mg_19,102,20,0.94,"Mba hihaino ny fisentoan'ny mpifatotra Sy hanafaka izay voatendry ho faty*, [*Hebreo: zanaky ny fahafatesana]","Mba hihaino ny fisentoan'ny mpifatotra Sy hanafaka izay voatendry ho faty, <n>[Heb. zanaky ny fahafatesana]</n>"
mg_19,102,27,0.48,"Fa Ianao no tsy miova, Ary ny taonanao no tsy ho tapitra.","Fa Hianao no tsy miova, Ary ny taonanao no tsy ho tapitra.Ny zanaky ny mpanomponao handry fahizay, Ary ny taranany hampitoerina eo anatrehanao.<n>[Na: dia mbola haharitra]</n>"
mg_19,103,1,0.92,"Misaora an'i Jehovah, ry fanahiko; Ary izay rehetra ato anatiko, misaora ny anarany masina.","Nataon'i Davida Misaora an'i Jehovah, ry fanahiko; Ary izay rehetra ato anatiko, misaora ny anarany masina."
mg_19,103,5,0.93,"Izay mahavoky soa ny vavanao*; Ny fahatanoranao mody indray toy ny an'ny voromahery**. [*Na: fanahinao, na fahanteranao] [**Na: ho toy ny voromahery]","Izay mahavoky soa ny vavanao; Ny fahatanoranao mody indray toy ny an'ny voromahery.<n>[Na: fanahinao, na fahanteranao]</n><n>[Na: ho toy ny voromahery]</n>"
mg_19,104,26,0.95,"Any no alehan'ny sambo Sy ny trozona, izay noforoninao hilaolao any*. [*Na: holaolaovinao]","Any no alehan'ny sambo Sy ny trozona, izay noforoninao hilaolao any.<n>[Na: holaolaovinao]</n>"
mg_19,106,15,0.94,"Dia nomeny azy izay nilainy, Kanefa nampahahiaziny kosa izy*. [*Na: ny fanahiny]","Dia nomeny azy izay nilainy, Kanefa nampahahiaziny kosa izy.<n>[Na: ny fanahiny]</n>"
mg_19,106,17,0.92,"Nisokatra ny tany, dia nitelina an'i Datana Ka nanarona ny antokon*'i Abàrama. [*Hebreo: ny fiangonany]","Nisokatra ny tany, dia nitelina an'i Datana Ka nanarona ny antokon'i Abìrama.<n>[Heb. ny fiangonany]</n>"
mg_19,106,18,0.93,Dia nisy afo nirehitra tamin'ny antokony*; Lelafo no nandoro ny ratsy fanahy. [*Hebreo: ny fiangonany],Dia nisy afo nirehitra tamin'ny antokony; Lelafo no nandoro ny ratsy fanahy.<n>[Heb. ny fiangonany]</n>
mg_19,106,37,0.92,Namono ny zananilahy sy ny zananivavy ho fanatitra ho an'ny demonia* ireo; [*Hebreo: ireo tompo],Namono ny zananilahy sy ny zananivavy ho fanatitra ho an'ny demonia ireo;<n>[Heb. ireo tompo]</n>
mg_19,106,47,0.66,"Vonjeo izahay, ry Jehovah Andriamanitray o, Ka angony avy amin'ny jentilisa, Mba hisaoranay ny anaranao masina Sy hifalianay amin'ny fiderana Anao.","Vonjeo izahay, ry Jehovah Andriamanitray ô, Ka angòny avy amin'ny jentilisa, Mba hisaoranay ny anaranao masina Sy hifalianay amin'ny fiderana Anao.Isaorana anie Jehovah Andriamanitry ny Isiraely, hatramin'ny taloha indrindra ka mandrakizay; Ary aoka ny olona rehetra hanao hoe: Amena! Haleloia."
mg_19,107,1,0.59,"Miderà an'i Jehovah, fa tsara Izy. Fa mandrakizay ny famindram-pony.","<n>[Fiantsoana ny olona efa nahita soa tamin'Andriamanitra mba hisaotra Azy]</n> Miderà an'i Jehovah, fa tsara Fa mandrakizay ny famindram-pony."
mg_19,107,12,0.93,"Dia nampietreny tamin'ny fahoriana ny fony; Ka potraka* izy, nefa tsy nisy hamonjy; [*Hebreo: tafintohina]","Dia nampietreny tamin'ny fahoriana ny fony; Ka potraka izy, nefa tsy nisy hamonjy;<n>[Heb. tafintohina]</n>"
mg_19,108,1,0.94,"Tonon-kira. Salamo nataon'i Davida. Andriamanitra o, tafatoetra ny foko; Ny fanahiko* no hihira sy hankalaza. [*Hebreo: ny voninahitro]","Tonon-kira. Salamo nataon'i Davida. Andriamanitra ô, tafatoetra ny foko; Ny fanahiko no hihira sy hankalaza.<n>[Heb. ny voninahitro]</n>"
mg_19,109,1,0.62,"RY Andriamanitra fiderako o, aza mangina Ianao,","Ho an'ny mpiventy hira. Salamo nataon'i Davida. RY Andriamanitra fidèrako ô, aza mangina Hianao,"
mg_19,110,6,0.75,Hitsara any amin'ny jentilisa Izy ka hampiampatrampatra faty any; Handripaka loholona* any amin'ny tany malalaka Izy. [*Hebreo: loha],"Hitsara any amin'ny jentilisa Izy ka hampiampatrampatra faty any; Handripaka loholona any amin'ny tany malalaka Izy.<n>[Heb. loha]</n>Hisotro amin'ny ony any an-dalana Izy, Ka izany no hitrakan'ny lohany."
mg_19,111,5,0.91,Nomeny hanina* izay matahotra Azy; Tsarovany mandrakizay ny fanekeny. [*Hebreo: toha],Nomeny hanina izay matahotra Azy; Tsarovany mandrakizay ny fanekeny.<n>[Heb. toha]</n>
mg_19,116,3,0.94,"Nihodidina tamiko ny famatoran'ny fahafatesana, Ary nahazo ahy ny fahorian'ny fiainan-tsy hita*; Nahita fahoriana sy alahelo aho. [*Hebreo: Sheola]","Nihodidina tamiko ny famatoran'ny fahafatesana, Ary nahazo ahy ny fahorian'ny fiainan-tsi-hita; Nahita fahoriana sy alahelo aho. <n>[Heb. Sheola]</n>"
mg_19,116,10,0.93,Nino aho; hiteny tokoa aho*; Mahantra indrindra aho. [*Na: fa hiteny aho],Nino aho; hiteny tokoa aho; Mahantra indrindra aho.<n>[Na: fa hiteny aho]</n>
mg_19,118,25,0.95,"Mifona aminao aho, Jehovah o, vonjeo o! Mifona aminao aho, Jehovah o, ambino o!","Mifona aminao aho, Jehovah ô, vonjeo è! Mifona aminao aho, Jehovah ô, ambino è!"
mg_19,118,28,0.70,"Andriamanitro Ianao, ka hidera Anao aho; Eny, Andriamanitro, ka hanandratra Anao aho.","Andriamanitro Hianao, ka hidera Anao aho; Eny, Andriamanitro, ka hanandratra Anao aho.Miderà an'i Jehovah, fa tsara Izy; Eny, mandrakizay ny famindram-pony."
mg_19,119,1,0.89,"Sambatra ny mahitsy lalana, Izay mandeha araka ny lalàn'i Jehovah.","<n>[ALEFA]</n> Sambatra ny mahitsy lalana,Izay mandeha araka ny lalàn'i Jehovah."
mg_19,119,32,0.94,"Ny lalan'ny didinao no ihazakazahako, Fa* ampahalalahinao ny foko. [*Na: Raha]","Ny lalan'ny didinao no ihazakazahako, Fa ampahalalahinao ny foko.<n>[Na: Raha]</n>"
mg_19,119,109,0.92,An-tenda* ihany ny aiko mandrakariva; Kanefa tsy manadino ny lalànao aho. [*Hebreo: An-tanako],An-tenda ihany ny aiko mandrakariva; Kanefa tsy manadino ny lalànao aho.<n>[Heb. An-tanako]</n>
mg_19,119,126,0.94,Efa andro tokony hampisehoan'i Jehovah ny heriny* izao; Fa nandika ny lalànao ny olona. [*Hebreo: hiasan'i Jehovah],Efa andro tokony hampisehoan'i Jehovah ny heriny izao; Fa nandika ny lalànao ny olona.<n>[Heb. hiasan'i Jehovah]</n>
mg_19,120,4,0.86,"Zana-tsipïkan'ny mahery sady voaranitra, Mbamin'ny vain'afon'anjavidy*. [*Izahao I Mpanjaka 19:4]","Zana-tsipìkan'ny mahery sady voaranitra, Mbamin'ny vain'afon'anjavidy.<n>[Izahao 1 Mpan. xix. 4]</n>"
mg_19,121,1,0.94,Fihirana fiakarana*. Manopy ny masoko ho amin'ny tendrombohitra aho; Avy aiza ny famonjena ahy**? [**Na: Fihirana misy hevitra ambaratonga] [**Na: Izay ihavian'ny famonjena ahy],Fihirana fiakarana. Manopy ny masoko ho amin'ny tendrombohitra aho; Avy aiza ny famonjena ahy? <n>[Na: Fihirana misy hevitra ambaratonga]</n><n>[Na: Izay ihavian'ny famonjena ahy]</n>
mg_19,130,3,0.95,"Raha mandinika heloka Ianao, Jehovah o, Iza no hahajanona, Tompo o?","Raha mandinika heloka Hianao, Jehovah ô, Iza no hahajanona, Tompo ô?"
mg_19,132,1,0.95,"Fihirana fiakarana*. Jehovah o, tsarovy Davida Noho ny fiahiany rehetra, [*Na: Fihirana misy hevitra ambaratonga]","Fihirana fiakarana. Jehovah ô, tsarovy Davida Noho ny fiahiany rehetra,<n>[Na: Fihirana misy hevitra ambaratonga]</n>"
mg_19,133,2,0.68,"Tahaka ny diloilo tsara amin'ny loha, Izay mitsororoka amin'ny somotra, dia ny somotr'i Arona, Izay mitsororoka amin'ny moron-tongotr'akanjony*; [*Na: vozon'akanjony]","Tahaka ny diloilo tsara amin'ny loha, Izay mitsororoka amin'ny somotra, dia ny somotr'i Arona, Izay mitsororoka amin'ny moron-tongotr'akanjony; <n>[Na: vozon'akanjony]</n>Tahaka ny ando any Hermona, izay milatsaka amin'ny tendrombohitra Ziona; Fa voadidin'i Jehovah ho eo ny fitahiana, Dia fiainana ho mandrakizay."
mg_19,134,1,0.95,"Fihirana fiakarana*. Andeha, misaora an'i Jehovah**, ianareo rehetra mpanompon'i Jehovah, Izay mitoetra alina ao an-tranon'i Jehovah. [*Na: Fihirana misy hevitra ambaratonga] [**Na: misaora an'i Jehovah amin'ny alina]","Fihirana fiakarana. Andeha, misaora an'i Jehovah, ianareo rehetra mpanompon'i Jehovah, Izay mitoetra alina ao an-tranon'i Jehovah.<n>[Na: Fihirana misy hevitra ambaratonga]</n><n>[Na: misaora an'i Jehovah amin'ny alina]</n>"
mg_19,134,2,0.73,"Manandrata ny tananareo ho amin'ny fitoerana masina*, Ka misaora an'i Jehovah. [*Na: amin'ny fahamasinana]","Manandrata ny tananareo ho amin'ny fitoerana masina, Ka misaora an'i Jehovah.<n>[Na: amin'ny fahamasinana]</n>Hitahy anao avy ao Ziona anie Jehovah Mpanao ny lanitra sy ny tany."
mg_19,135,20,0.71,"Misaora an'i Jehovah, ry taranak'i Levy; Ianareo izay matahotra an'i Jehovah, misaora an'i Jehovah.","Misaora an'i Jehovah, ry taranak'i Levy; Hianareo izay matahotra an'i Jehovah, misaora an'i Jehovah.Isaorana avy any Ziona anie Jehovah, Izay mitoetra any Jerosalema. Haleloia."
mg_19,136,2,0.94,Midera an'Andriamanitra Avo Indrindra*; Fa mandrakizay ny famindram-pony. [*Hebreo: Andriamanitry ny andriamanitra],Midera an'Andriamanitra Avo Indrindra; Fa mandrakizay ny famindram-pony.<n>[Heb. Andriamanitry ny andriamanitra]</n>
mg_19,137,8,0.69,"Ry Babylona zanakavavy izay efa resy*, Sambatra izay mamaly anao Araka izay nataonao taminay. [*Na: ho resy]","Ry Babylona zanakavavy izay efa resy, Sambatra izay mamaly anao Araka izay nataonao taminay.<n>[Na: ho resy]</n>Sambatra izay maka ny zanakao madinika ka manjera azy ho torotoro, Amin'ny harambato."
mg_19,138,1,0.91,Hidera Anao amin'ny foko rehetra aho; Eo anatrehan'ireo andriamanitra no hankalazako Anao.,Nataon'i Davida. Hidera Anao amin'ny foko rehetra aho; Eo anatrehan'ireo andriamanitra no hankalazako Anao.
mg_19,138,7,0.75,Na dia handeha eo amin'ny fahoriana aza aho dia hamelona ahy Ianao; Haninjitra ny tananao hanohitra ny fahatezeran'ny fahavaloko Ianao Ary hamonjy ahy ny tananao ankavanana.,"Na dia handeha eo amin'ny fahoriana aza aho dia hamelona ahy Hianao; Haninjitra ny tananao hanohitra ny fahatezeran'ny fahavaloko Hianao Ary hamonjy ahy ny tananao ankavanana.Jehovah no hahatanteraka ny amiko; Jehovah ô, mandrakizay ny famindram-ponao; Aza mahafoy ny asan'ny tananao."
mg_19,139,1,0.65,"Jehovah o, efa nandinika ahy Ianao ka mahalala ahy.","Ho an'ny mpiventy hira. Salamo nataon'i Davida. Jehovah ô, efa nandinika ahy Hianao ka mahalala ahy."
mg_19,139,8,0.92,"Na dia miakatra any an-danitra aza aho dia any Ianao; Ary na dia manao ny fiainan-tsy hita* ho fandriako aza aho, indro, any Ianao. [*Hebreo: Sheola]","Na dia miakatra any an-danitra aza aho dia any Hianao; Ary na dia manao ny fiainan-tsi-hita ho fandriako aza aho, indro, any Hianao.<n>[Heb. Sheola]</n>"
mg_19,139,21,0.94,"Tsy hankahala izay mankahala Anao va aho, Jehovah o, Sy ho tezitra* amin'izay mitsangana hanohitra Anao? [*Hebreo: ho maloiloy]","Tsy hankahala izay mankahala Anao va aho, Jehovah ô, Sy ho tezitra amin'izay mitsangana hanohitra Anao? <n>[Heb. ho maloiloy]</n>"
mg_19,140,1,0.74,"Jehovah o, vonjeo amin'ny olon-dratsy aho, Ary arovy amin'ny olon-dozabe,","Ho an'ny mpiventy hira. Salamo nataon'i Davida. Jehovah ô, vonjeo amin'ny olon-dratsy aho, Ary arovy amin'ny olon-dozabe,"
mg_19,141,7,0.92,Toy ny fiasa sy ny fihevo ny tany No nanelezana ny taolanay teo am-bavan'ny fiainan-tsy hita*. [*Hebreo: Sheola],Toy ny fiasa sy ny fihevo ny tany No nanelezana ny taolanay teo am-bavan'ny fiainan-tsi-hita. <n>[Heb. Sheola]</n>
mg_19,144,1,0.92,"Isaorana anie Jehovah Vatolampiko, Izay mampianatra ny tanako hamely Sy ny rantsan-tanako hiady,","Nataon'i Davida. Isaorana anie Jehovah Vatolampiko, Izay mampianatra ny tanako hamely Sy ny rantsan-tanako hiady,"
mg_19,144,3,0.93,"Jehovah o, inona ny olona, no iahianao* azy? Ary ny zanak'olombelona, no iheveranao azy? [*Hebreo: ahafantaranao]","Jehovah ô, inona ny olona, no iahianao azy? Ary ny zanak'olombelona, no iheveranao azy? <n>[Heb. ahafantaranao]</n>"
mg_19,145,12,0.89,Mba hampahafantarina ny zanak'olombelona ny herinao* Sy ny haben'ny voninahitry ny fanjakanao**. [*Hebreo: heriny] [**Hebreo: fanjakany],Mba hampahafantarina ny zanak'olombelona ny herinao Sy ny haben'ny voninahitry ny fanjakanao. <n>[Heb. heriny]</n><n>[Heb. fanjakany]</n>
mg_19,147,16,0.93,Mandatsaka oram-panala tahaka ny landihazo* Izy; Mampiely fanala tahaka ny lavenona Izy. [*Hebreo: volon'ondry],Mandatsaka oram-panala tahaka ny landihazo Izy; Mampiely fanala tahaka ny lavenona Izy.<n>[Heb. volon'ondry]</n>
mg_2,3,18,0.81,"Dia hihaino ny feonao izy; ary hankao amin'ny mpanjakan'i Egypta ianao sy ny loholon'ny Isiraely ka hilaza aminy hoe: Jehovah, Andriamanitry ny Hebreo, efa nihaona taminay; ary ankehitriny, trarantitra ianao, aoka handeha lalan-kateloana any an'efitra izahay mba hamono zavatra hatao fanatitra ho an'i Jehovah Andriamanitray.","Dia hihaino ny feonao izy; ary hankao amin'ny mpanjakan'i Egypta ianao sy ny loholon'ny Isiraely ka hilaza aminy hoe: Jehovah, Andriamanitry ny Hebreo, efa nihaona taminay; ary ankehitriny, trarantitra ianao, aoka handeha lalan-kateloana any an-efitra izahay mba hamono zavatra hatao fanatitra ho an'i Jehovah Andriamanitray."
mg_2,5,3,0.54,"Ary hoy izy roa lahy: Andriamanitry ny Hebreo efa nihaona taminay; koa trarantitra ianao, aoka handeha lalan-kateloana any an'efitra izahay hamono zavatra hatao fanatitra ho an'i Jehovah Andriamanitray; fandrao Izy hamely anay amin'ny areti-mandringana, na amin'ny sabatra.","Ary hoy izy roa lahy: Andriamanitry ny Hebreo efa nihaona taminay; koa trarantitra ianao, aoka handeha lalan-kateloana any an-efitra izahay hamono zavatra hatao fanatitra ho an'i Jehovah Andriamanitray; fandrao Izy hamely anay amin'ny areti-mandringana, na amin'ny sabatra."
mg_2,5,22,0.64,"Ary Mosesy niverina ho any amin'i Jehovah ka nanao hoe: Tompo o, nahoana no nahatonga loza tamin'ity firenena ity Ianao? nahoana re no naniraka ahy Ianao?","Ary Mosesy niverina ho any amin'i Jehovah ka nanao hoe: Tompo ô, nahoana no nahatonga loza tamin'ity firenena ity Hianao? nahoana re no naniraka ahy Hianao?Fa hatrizay nankanesako tao amin'i Farao mba hiteny amin'ny anaranao izay, dia nahatonga loza tamin'ity firenena ity izy; nefa tsy namonjy ny olonao akory Hianao."
mg_2,15,25,0.94,"Ary dia nitaraina tamin'i Jehovah izy, ka dia nanehoan'i Jehovah hazo anankiray, ary rehefa natsipiny tao anatin'ny rano izany, dia tonga mamy ny rano. Tao no nanomezan'i Jehovah lalàna sy fitsipika ho azy, ary tao no nizahany toetra azy,","Ary dia nitaraina tamin'i Jehovah izy, ka dia nanehoan'i Jehovah hazo anankiray, ary rehefa natsipiny tao anatin'ny rano izany, dia tonga mamy ny rano. Tao no nanomezan'i Jehovah lalàna sy fitsipika ho azy, ary tao no nizaha ny toetra azy,"
mg_2,15,27,0.58,"Ary tonga tao Elima izy; ary tao nisy loharano roa ambin'ny folo sy hazo rofia fito-polo, dia nitoby teo anilan'ny rano izy.","<n>[Ny nahatongavan'ny Zanak'Isiraely tao Elima, sy ny nimonomononany tany an-efitr'i Sinay noho ny tsi-fisian-kanina, ary ny nanomezan'Andriamanitra azy mana sy papelika hohaniny. Ary tonga tao Elima izy; ary tao nisy loharano roa ambin'ny folo sy hazo rofia fito-polo, dia nitoby teo anilan'ny rano izy."
mg_2,35,35,0.72,"Ary efa nofenoiny fahendrena izy roa lahy, hanaovany ny tao-zavatra samy hafa -- dia ny an'ny mpiasa tefy sy rafitra ary ny an'ny mpanenona mahay tenona samy hafa soratra, dia amin'ny manga sy volomparasy sy mena ary amin'ny rongony fotsy madinika ary ny an'ny mpanenona, -- dia ny ho mpanao ny asa samy hafa sy ho mpamorona asa kanto.","Ary efa nofenoiny fahendrena izy roa lahy, hanaovany ny tao-zavatra samy hafa, dia ny an'ny mpiasa tefy sy rafitra ary ny an'ny mpanenona mahay tenona samy hafa soratra, dia amin'ny manga sy volomparasy sy mena ary amin'ny rongony fotsy madinika ary ny an'ny mpanenona, dia ny ho mpanao ny asa samy hafa sy ho mpamorona asa kanto."
mg_20,1,12,0.93,Aoka isika hitelina azy velona tahaka ny fitelin'ny fiainan-tsy hita* Ary hanao azy teli-moka toy ny latsaka any an-davaka; [*Hebreo: Sheola],Aoka isika hitelina azy velona tahaka ny fitelin'ny fiainan-tsi-hita Ary hanao azy teli-moka toy ny latsaka any an-davaka;<n>[Heb. Sheola]</n>
mg_20,2,16,0.95,"Ary hamonjy anao amin'ny vehivavy jejo* koa izany, Dia amin'ny vahiny janga izay mandrobo amin'ny teniny, [*Hebreo: vehivavy tsy vadinao]","Ary hamonjy anao amin'ny vehivavy jejo koa izany, Dia amin'ny vahiny janga izay mandrobo amin'ny teniny,<n>[Heb. vehivavy tsy vadinao]</n>"
mg_20,2,17,0.93,Izay mahafoy ny vadin*'ny fahatanorany Sy manadino ny fanekeny teo amin'Andriamaniny. [*Hebreo: sakaizan'],Izay mahafoy ny vadin'ny fahatanorany Sy manadino ny fanekeny teo amin'Andriamaniny.<n>[Heb. sakaizan']</n>
mg_20,4,3,0.91,"Fa zanak'ikaky aho, Sady tiana* no hany malala teo imason'ineny. [*Hebreo: malemilemy]","Fa zanak'ikaky aho, Sady tiana no hany malala teo imason'ineny.<n>[Heb. malemilemy]</n>"
mg_20,4,23,0.94,Tandremo ny fonao mihoatra noho izay rehetra tokony hotandremana; Fa avy ao aminy no ihavian*'ny aina. [*Hebreo: fivoahan'],Tandremo ny fonao mihoatra noho izay rehetra tokony hotandremana; Fa avy ao aminy no ihavian'ny aina. <n>[Heb. fivoahan']</n>
mg_20,4,26,0.65,"Ataovy marina ny* alehan'ny tongotrao, Dia ho voalamina ny alehanao rehetra; [*Na: Saino tsara izay]","Ataovy marina ny alehan'ny tongotrao, Dia ho voalamina ny alehanao rehetra;<n>[Na: Saino tsara izay]</n>Aza mivily, na ho amin'ny ankavanana, na ho amin'ny ankavia; Esory amin'ny ratsy ny tongotrao."
mg_20,5,5,0.93,"Ny tongony midina ho any amin'ny fahafatesana, Ary ny diany mizotra ho any amin'ny fiainan-tsy hita*. [*Hebreo: Sheola]","Ny tongony midina ho any amin'ny fahafatesana, Ary ny diany mizotra ho any amin'ny fiainan-tsi-hita. <n>[Heb. Sheola]</n>"
mg_20,5,20,0.95,"Nahoana ianao, anaka, no ho renoka amin'ny fitiavana vehivavy jejo* Ka hanohona ny tratran'ny vahiny janga? [*Hebreo: vehivavy tsy vadiny]","Nahoana ianao, anaka, no ho renoka amin'ny fitiavana vehivavy jejo Ka hanohona ny tratran'ny vahiny janga? <n>[Heb. vehivavy tsy vadiny]</n>"
mg_20,6,5,0.92,"Afaho ny tenanao toy ny gazela* miala amin'izay mihazona azy, Ary toy ny voron-kely miala amin'ny tanan'ny mpamandrika. [*Izahao II Samoela 2:18]","Afaho ny tenanao toy ny gazela miala amin'izay mihazona azy, Ary toy ny voron-kely miala amin'ny tanan'ny mpamandrika.<n>[Izahao 2 Sam. ii.18]</n>"
mg_20,6,24,0.94,"Hiarovana anao amin'ny vehivavy ratsy fanahy, Ary amin'ny fandroboan'ny lelan'ny vahiny janga*. [*Hebreo: lelam-bahiny]","Hiarovana anao amin'ny vehivavy ratsy fanahy, Ary amin'ny fandroboan'ny lelan'ny vahiny janga. <n>[Heb. lelam-bahiny]</n>"
mg_20,6,35,0.94,"Tsy handray vola ho enti-manalady* akory izy, Ary tsy hety, na dia omenao fanambatambazana be aza. [*Hebreo: avotra]","Tsy handray vola ho enti-manalady akory izy, Ary tsy hety, na dia omenao fanambatambazana be aza.<n>[Heb. avotra]</n>"
mg_20,7,5,0.94,"Mba hiarovana anao amin'ny vehivavy jejo*, Dia amin'ny vahiny janga izay manao teny mandrobo. [*Hebreo: vehivavy tsy vadinao]","Mba hiarovana anao amin'ny vehivavy jejo, Dia amin'ny vahiny janga izay manao teny mandrobo.<n>[Heb. vehivavy tsy vadinao]</n>"
mg_20,7,17,0.93,"Efa norarahako zava-manitra ny fandriako, Dia miora sy hazomanitra* ary havozo manitra. [*Hebreo: ahalima]","Efa norarahako zava-manitra ny fandriako, Dia miora sy hazomanitra ary havozo manitra.<n>[Heb. ahalima]</n>"
mg_20,7,22,0.94,"Ka dia nandeha nanaraka azy niaraka tamin'izay ilay zatovo*, Tahaka ny omby entina hovonoina, Ary tahaka ny adala hogadrana**, [*Na: Na iza na iza mandeha manaraka azy dia] [**Hebreo: tahaka ny gadra ho famaizana ny adala]","Ka dia nandeha nanaraka azy niaraka tamin'izay ilay zatovo, Tahaka ny omby entina hovonoina, Ary tahaka ny adala hogadrana, <n>[Na: Na iza na iza mandeha manaraka azy dia]</n><n>[Heb. tahaka ny gadra ho famaizana ny adala]</n>"
mg_20,7,27,0.93,"Ny tranony dia lalana mankany amin'ny fiainan-tsy hita*, Eny, midina ho any amin'ny efi-tranon'ny fahafatesana. [*Hebreo: Sheola]","Ny tranony dia lalana mankany amin'ny fiainan-tsi-hita, Eny, midina ho any amin'ny efi-tranon'ny fahafatesana.<n>[Heb. Sheola]</n>"
mg_20,9,18,0.93,"Nefa tsy fantany fa ny maty no ao, Ary any amin'ny halalin'ny fiainan-tsy hita* ny olona nasainy. [*Hebreo: Shoela]","Nefa tsy fantany fa ny maty no ao, Ary any amin'ny halalin'ny fiainan-tsi-hita ny olona nasainy.<n>[Heb: Shoela]</n>"
mg_20,10,11,0.90,Loharanon'aina ny vavan'ny marina; Fa loza no mandrakotra ny vavan'ny ratsy fanahy*. [*Izahao Ohabolana 10:6],Loharanon'aina ny vavan'ny marina; Fa loza no mandrakotra ny vavan'ny ratsy fanahy. <n>[Izahao and. 6]</n>
mg_20,11,9,0.94,Ny vavan'ny mpihatsaravelatsihy* no animbany ny namany; Fa ny fahalalana no hanafahana ny marina**. [*Na: ratsy fanahy] [**Na: Ny fahalalan'ny marina no hanafahana ny namany],Ny vavan'ny mpihatsaravelatsihy no animbany ny namany; Fa ny fahalalana no hanafahana ny marina. <n>[Na: ratsy fanahy]</n><n>[Na: Ny fahalalan'ny marina no hanafahana ny namany]</n>
mg_20,11,24,0.91,"Misy mahafoy*, nefa mitombo fananana ihany; Ary misy fatra-pahihitra loatra**, nefa tonga malahelo ihany. [*Hebreo: mamafy] [**Na: mihazona ny hareny]","Misy mahafoy, nefa mitombo fananana ihany; Ary misy fatra-pahihitra loatra, nefa tonga malahelo ihany.<n>[Heb. mamafy]</n><n>[Na: mihazona ny hareny]</n>"
mg_20,11,25,0.95,Izay manisy soa olona hohatavezina; Ary izay mandena dia mba holemana kosa*. [*Hebreo: Ary izay mampisotro dia mba hampisotroina kosa],Izay manisy soa olona hohatavezina; Ary izay mandena dia mba holemana kosa. <n>[Heb. Ary izay mampisotro dia mba hampisotroina kosa]</n>
mg_20,12,12,0.93,Ny mpanota maniry ny hazan*'ny ratsy fanahy; Fa ny fakan'ny marina mitrebona**. [*Na: ny fandriky] [**Na: Fa ny marina ataon'Andriamanitra miorim-paka],Ny mpanota maniry ny hazan'ny ratsy fanahy; Fa ny fakan'ny marina mitrebona. <n>[Na: ny fandriky]</n><n>[Na: Fa ny marina ataon'Andriamanitra miorim-paka]</n>
mg_20,12,21,0.92,Tsy misy ratsy manjo ny marina; Fa heni-doza* ny ratsy fanahy. [*Hebreo: henika ny ratsy],Tsy misy ratsy manjo ny marina; Fa heni-doza ny ratsy fanahy.<n>[Heb. henika ny ratsy]</n>
mg_20,12,23,0.94,Ny olon-kendry tsy mba mampideradera fahalalana foana*; Fa ny fon'ny adala mamoaka fahadalana. [*Hebreo: manafina fahalalana],Ny olon-kendry tsy mba mampideradera fahalalana foana; Fa ny fon'ny adala mamoaka fahadalana.<n>[Heb. manafina fahalalana]</n>
mg_20,12,27,0.66,Ny kamo tsy mety mihaza*; Fa fananana soa ho an'ny olona ny zoto. [*Na: tsy mahatono izay nohazainy],"Ny kamo tsy mety mihaza; Fa fananana soa ho an'ny olona ny zoto.<n>[Na: tsy mahatono izay nohazainy]</n>Amin'ny lalan'ny fahamarinana no misy fiainana, Ary ny tsi-fahafatesana no lalan-kalehany."
mg_20,13,3,0.94,Izay mahambim-bava no miaro ny ainy*; Fa izay vavàna dia haringana. [*Na: ny fanahiny],Izay mahambim-bava no miaro ny ainy; Fa izay vavàna dia haringana.<n>[Na: ny fanahiny]</n>
mg_20,13,9,0.92,Ny fahazavan'ny marina dia tsara firehitra*; Fa ny jiron'ny ratsy fanahy ho faty. [*Hebreo: mifaly],Ny fahazavan'ny marina dia tsara firehitra; Fa ny jiron'ny ratsy fanahy ho faty.<n>[Heb. mifaly]</n>
mg_20,13,17,0.95,Ny iraka ratsy fanahy idiran-doza; Fa ny iraka mahatoky dia famelombelomana*. [*Na: fanasitranana],Ny iraka ratsy fanahy idiran-doza; Fa ny iraka mahatoky dia famelombelomana.<n>[Na: fanasitranana]</n>
mg_20,14,1,0.89,Ny vehivavy hendry* dia samy manao ny tranony; Fa ny adala** kosa mandrava ny tranony amin'ny tanany. [*Hebreo: fahendren'ny vehivavy] [**Hebreo: fahadalana],Ny vehivavy hendry dia samy manao ny tranony; Fa ny adala kosa mandrava ny tranony amin'ny tànany.<n>[Heb. fahendren'ny vehivavy]</n><n>[Heb. fahadalana]</n>
mg_20,14,4,0.94,"Raha tsy misy omby, dia foana* ny fihinanam-bilona; Fa be ny fitomboan-karena azo amin'ny herin'ny omby. [*Hebreo: madio]","Raha tsy misy omby, dia foana ny fihinanam-bilona; Fa be ny fitomboan-karena azo amin'ny herin'ny omby.<n>[Heb. madio]</n>"
mg_20,14,22,0.93,Tsy mivily va izay manao asa* ratsy? Fa famindram-po sy fahamarinana no ho an'izay manao asa** tsara. [*Na: misaina ny] [**Na. misaina ny],Tsy mivily va izay manao asa ratsy? Fa famindram-po sy fahamarinana no ho an'izay manao asa tsara. <n>[Na: misaina ny]</n><n>[Na. misaina ny]</n>
mg_20,15,4,0.91,Ny teny* malemy dia hazon'aina; Fa ny vava ratsy mandratra ny fanahy. [*Hebreo: lela],Ny teny malemy dia hazon'aina; Fa ny vava ratsy mandratra ny fanahy.<n>[Heb. lela]</n>
mg_20,15,11,0.93,"Ny fiainan-tsy hita* sy ny fandringanana aza dia miharihary eo anatrehan'i Jehovah, Koa mainka ny fon'ny zanak'olombelona! [*Hebreo: Sheola]","Ny fiainan-tsi-hita sy ny fandringanana aza dia miharihary eo anatrehan'i Jehovah, Koa mainka ny fon'ny zanak'olombelona!<n>[Heb. Sheola]</n>"
mg_20,15,17,0.87,Aleo sakafo anana ampian-tsetsetra* Toy izay omby mifahy asian-dromoromo**. [*Hebreo: fitiavana] [**Hebreo: fankahalana],Aleo sakafo anana ampian-tsetsetra Toy izay omby mifahy asian-dromoromo. <n>[Heb. fitiavana]</n><n>[Heb. fankahalana]</n>
mg_20,15,24,0.91,"Làlan'aina ho any ambony no alehan'ny hendry, Hanalavirany ny fiainan-tsy hita* any ambany, [*Hebreo: Sheola]","Làlan'aina ho any ambony no alehan'ny hendry, Hanalavirany ny fiainan-tsi-hita any ambany,<n>[Heb. Sheola]</n>"
mg_20,15,30,0.94,Ny tarehy miramirana* mahafaly ny fo; Ary ny filazan-tsoa mamelombelona ny taolana. [*Hebreo: Ny fahazavan'ny maso],Ny tarehy miramirana mahafaly ny fo; Ary ny filazan-tsoa mamelombelona ny taolana.<n>[Heb. Ny fahazavan'ny maso]</n>
mg_20,16,11,0.93,"An'i Jehovah ny fandanjana sy ny mizana marina, Avy aminy* avokoa ireo vato rehetra an-kitapo. [*Hebreo: Asany]","An'i Jehovah ny fandanjana sy ny mizana marina, Avy aminy avokoa ireo vato rehetra an-kitapo.<n>[Heb. Asany]</n>"
mg_20,16,26,0.86,"Ny fahanoanan'ny mpiasa dia mampiasa azy*, Fa ny tendany** no manesika azy. [*Hebreo: miasa ho azy] [**Hebreo: vavany]","Ny fahanoanan'ny mpiasa dia mampiasa azy, Fa ny tendany no manesika azy.<n>[Heb. miasa ho azy]</n><n>[Heb. vavany]</n>"
mg_20,17,17,0.94,"Izay tena sakaiza tokoa dia tia amin'ny andro rehetra, Sady miseho* ho rahalahy hamonjy amin'ny fahoriana. [*Hebreo: ateraka]","Izay tena sakaiza tokoa dia tia amin'ny andro rehetra, Sady miseho ho rahalahy hamonjy amin'ny fahoriana.<n>[Heb. ateraka]</n>"
mg_20,18,10,0.93,Ny anaran'i Jehovah dia tilikambo mafy; Ny marina miezaka ho ao aminy ka voavonjy*. [*Hebreo: atao amin'ny avo],Ny anaran'i Jehovah dia tilikambo mafy; Ny marina miezaka ho ao aminy ka voavonjy.<n>[Heb. atao amin'ny avo]</n>
mg_20,20,21,0.95,Ny harena malaky azo foana* eo am-boalohany Dia tsy hotahina any am-parany. [*Na: mahamahimahina],Ny harena malaky azo foana eo am-boalohany Dia tsy hotahina any am-parany.<n>[Na: mahamahimahina]</n>
mg_20,20,30,0.95,"Ny fampangirifiriana* dia mahafaka ny faharatsiana, Ary ny kapoka mahadio ny efitrefitra ao an-kibo. [*Hebreo: ratra avy amin'ny kapoaka]","Ny fampangirifiriana dia mahafaka ny faharatsiana, Ary ny kapoka mahadio ny efitrefitra ao an-kibo.<n>[Heb. ratra avy amin'ny kapoaka]</n>"
mg_20,21,4,0.95,Ny fiandranandran'ny maso sy ny fiavonavon'ny fo Izay jiron*'ny ratsy fanahy dia ota. [*Na: asan'],Ny fiandranandran'ny maso sy ny fiavonavon'ny fo Izay jiron'ny ratsy fanahy dia ota.<n>[Na: asan']</n>
mg_20,22,14,0.94,Ny vavan'ny vehivavy jejo* dia lavaka lalina; Izay voaozon'i Jehovah no ho latsaka ao. [*Hebreo: vehivavy tsy vadiny],Ny vavan'ny vehivavy jejo dia lavaka lalina; Izay voaozon'i Jehovah no ho latsaka ao.<n>[Heb. vehivavy tsy vadiny]</n>
mg_20,22,28,0.43,"Aza manakisaka ny faritany ela, Izay naorin'ny razanao.","Aza manakisaka ny fari-tany ela, Izay naorin'ny razanao.Mahita olona mailaka amin'ny raharahany va ianao? Eo anatrehan'ny mpanjaka no hitsanganany, Fa tsy hitsangana eo anatrehan'ny olona ambany izy."
mg_20,23,9,0.90,Aza miteny amin'ny* adala; Fa hohamavoiny foana ny fahendren'ny teninao. [*Hebreo: an-tsofin'],Aza miteny amin'91 ny adala;Fa hohamavoiny foana ny fahendren'ny teninao.<n>[Heb. an-tsofin']</n>
mg_20,23,10,0.92,"Aza manakisaka ny faritany ela, Ary aza manitatra mankamin*'ny sahan'ny kamboty; [*Hebreo: miditra amin']","Aza manakisaka ny fari-tany ela, Ary aza manitatra mankamin'ny sahan'ny kamboty;<n>[Heb. miditra amin']</n>"
mg_20,23,14,0.92,"Raha mamely azy amin'ny hazo ianao, Dia ho voavonjinao tsy ho any amin'ny fiainan-tsy hita* ny fanahiny. [*Hebreo: Sheola]","Raha mamely azy amin'ny hazo ianao, Dia ho voavonjinao tsy ho any amin'ny fiainan-tsi-hita ny fanahiny.<n>[Heb. Sheola]</n>"
mg_20,23,16,0.91,"Eny, ho ravoravo ny fanahiko*, Raha miteny marina ny molotrao. [*Hebreo: voako]","Eny, ho ravoravo ny fanahiko, Raha miteny marina ny molotrao.<n>[Heb. voako]</n>"
mg_20,23,27,0.92,"Fa ny vehivavy jejo* dia hady lalina, Ary ny vahiny janga lavaka ety; [*Hebreo: vehivavy tsy vadiny]","Fa ny vehivavy jejo dia hady lalina, Ary ny vahiny janga lavaka etỳ; <n>[Heb. vehivavy tsy vadiny]</n>"
mg_20,23,31,0.94,Aza mijery ny divay noho ny hamenany Sy ny fanganohanony eo anaty gilasy* Ary ny fikoriany mahafinaritra; [*Hebreo: kapoaka],Aza mijery ny divay noho ny hamenany Sy ny fanganohanony eo anaty gilasy Ary ny fikoriany mahafinaritra;<n>[Heb. kapoaka]</n>
mg_20,23,33,0.93,"Koa ny masonao dia hijery vehivavy jejo*, Ary ny fonao hieritreri-dratsy**. [*Hebreo: vehivavy tsy vadiny] [**Na: Ny masonao hahita zavatra hafahafa, Ary ny fonao hirediredy foana]","Koa ny masonao dia hijery vehivavy jejo, Ary ny fonao hieritreri-dratsy.<n>[Heb. vehivavy tsy vadiny]</n><n>[Na: Ny masonao hahita zavatra hafahafa, Ary ny fonao hirediredy foana]</n>"
mg_20,24,13,0.93,"Anaka, homàna tantely, fa tsara izany, Ary ny toho-tantely, fa ho mamy eo am-bavanao*; [*Hebreo:lanilaninao]","Anaka, homàna tantely, fa tsara izany, Ary ny toho-tantely, fa ho mamy eo am-bavanao;<n>[Heb.lanilaninao]</n>"
mg_20,24,20,0.92,"Fa tsy hisy fanantenana* ho an'ny ratsy; Eny, ho faty ny jiron'ny ratsy fanahy. [*Hebreo: farany]","Fa tsy hisy fanantenana ho an'ny ratsy; Eny, ho faty ny jiron'ny ratsy fanahy.<n>[Heb. farany]</n>"
mg_20,24,22,0.94,Fa ho tampoka no hitrangan'izay hanjo ireny; Ary iza no mahalala izay loza hiseho amin'ny androny*? [*Hebreo: taonany],Fa ho tampoka no hitrangan'izay hanjo ireny; Ary iza no mahalala izay loza hiseho amin'ny androny? <n>[Heb. taonany]</n>
mg_20,25,1,0.93,"Izao koa no ohabolan'i Solomona, izay nangonin*'ny olon'i Hezekia, mpanjakan'ny Joda: [*Hebreo: nafindran']","Izao koa no ohabolan'i Solomona, izay nangonin'ny olon'i Hezekia, mpanjakan'ny Joda:<n>[Heb. nafindran']</n>"
mg_20,25,15,0.93,"Ny fahari-po no ahazoana mampanaiky ny mpitsara, Ary ny vava* malefaka mahatapa-taolana. [*(Hebreo: lela]","Ny fahari-po no ahazoana mampanaiky ny mpitsara, Ary ny vava malefaka mahatapa-taolana.<n>[(Heb. lela]</n>"
mg_20,25,27,0.80,Tsy tsara raha mahery homana tantely; Fa ny fitadiavan'ny olona ny voninahiny dia tsy voninahitra*. [*Na: Fa ny fandinihana izay sarotra dia voninahitra (na: mavesatra)],Tsy tsara raha mahery homana tantely; Fa ny fitadiavan'ny olona ny voninahiny dia tsy voninahitra.<n>[Na: Fa ny fandinihana izay sarotra dia voninahitra (na: mavesatra)]</n>Tanàna rava tsy misy manda Ny lehilahy izay tsy mahatsindry ny fanahiny.
mg_20,26,23,0.93,Tavim-bilany misy ankosotra taim-bolafotsy ny molotra mihatsaravelatsihy* sy ny fo ratsy. [*Hebreo: mirehitra],Tavim-bilany misy ankosotra taim-bolafotsy ny molotra mihatsaravelatsihy sy ny fo ratsy.<n>[Heb. mirehitra]</n>
mg_20,27,20,0.92,"Ny fiainan-tsy hita* sy ny fandringanana tsy mety voky, Dia toy izany no tsy ahamamoan'ny mason'ny olona. [*Hebreo: Sheola]","Ny fiainan-tsi-hita sy ny fandringanana tsy mety voky, Dia toy izany no tsy ahamamoan'ny mason'ny olona.<n>[Heb. Sheola]</n>"
mg_20,28,2,0.93,Ny fahotan*'ny tany mahamaro mpanapaka; Fa ny fisian'ny olona manan-tsaina** kosa no mampahateza ny fanjakana***. [*Na: fikomian'] [**Na: manan-tsaina sady mahalala rariny] [***Na: Fa noho ny manan-tsaina no haharetan'ny fahamarinana],Ny fahotan'ny tany mahamaro mpanapaka; Fa ny fisian'ny olona manan-tsaina kosa no mampahateza ny fanjakana. <n>[Na: fikomian']</n><n>[Na: manan-tsaina sady mahalala rariny]</n><n>[Na: Fa noho ny manan-tsaina no haharetan'ny fahamarinana]</n>
mg_20,29,8,0.93,Ny mpaniratsira mampihotakotaka* ny tanàna; Fa ny hendry mampionona fahatezerana. [*Hebreo: mampirehitra],Ny mpaniratsira mampihotakotaka ny tanàna; Fa ny hendry mampionona fahatezerana.<n>[Heb. mampirehitra]</n>
mg_20,29,19,0.94,"Raha teny fotsiny ihany, dia tsy ampy hananarana ny mpanompo; Fa na dia fantany aza, tsy hankatoaviny*. [*Hebreo: tsy misy valiny]","Raha teny fotsiny ihany, dia tsy ampy hananarana ny mpanompo; Fa na dia fantany aza, tsy hankatoaviny.<n>[Heb. tsy misy valiny]</n>"
mg_20,29,25,0.93,Mamandrika ny tahotra olona; Fa izay matoky an'i Jehovah no hovonjena*. [*Hebreo: hatao amin'ny avo],Mamandrika ny tahotra olona; Fa izay matoky an'i Jehovah no hovonjena.<n>[Heb. hatao amin'ny avo]</n>
mg_20,29,26,0.60,Maro no mila sitraka amin*'ny mpanapaka; Fa avy amin'i Jehovah ny fitsarana ny olona. [*Hebreo: mitady ny tavan'],Maro no mila sitraka amin'ny mpanapaka; Fa avy amin'i Jehovah ny fitsarana ny olona.<n>[Heb. mitady ny tavan']</n>Ny meloka dia fahavetavetana eo imason'ny marina; Ary ny mahitsy lalana dia mba fahavetavetana eo imason'ny ratsy fanahy kosa.
mg_20,30,16,0.93,"Ny fiainan-tsy hita*; sy ny kibo momba, Ny tany izay tsy vonton-drano, Ary ny afo koa no tsy mba manao hoe: Aoka izay. [*Hebreo: Sheola]","Ny fiainan-tsi-hita; sy ny kibo momba, Ny tany izay tsy vonton-drano, Ary ny afo koa no tsy mba manao hoe: Aoka izay.<n>[Heb. Sheola]</n>"
mg_20,30,23,0.90,"Raha ny vehivavy lany zara* no ampakarina, Ary raha ny ankizivavy no mandova** ny tompovaviny. [*Hebreo: ankahalaina] [**Na: mandimby]","Raha ny vehivavy lany zara no ampakarina, Ary raha ny ankizivavy no mandova ny tompovaviny.<n>[Heb. ankahalaina]</n><n>[Na: mandimby]</n>"
mg_20,30,28,0.95,"Ny antsiantsy dia mandady amin'ny tanany*, Nefa tonga ao an-tranon'ny mpanjaka izy. [*Na: azonao samborin-tanana]","Ny antsiantsy dia mandady amin'ny tànany, Nefa tonga ao an-tranon'ny mpanjaka izy.<n>[Na: azonao samborin-tanana]</n>"
mg_20,30,31,0.90,Ny soavaly voaomana hiady* sy ny osilahy Ary ny mpanjaka tsy azo toherina**. [*Hebreo: voafehy kibo] [**Na: otronin'ny vahoakany],Ny soavaly voaomana hiady sy ny osilahy Ary ny mpanjaka tsy azo toherina. <n>[Heb. voafehy kibo]</n><n>[Na: otronin'ny vahoakany]</n>
mg_20,31,1,0.93,"Ny tenin*'i Lemoela mpanjaka, dia ny teny mavesa-danja izay** nananaran-dreniny azy. [*Na: Ny teny ho an'] [**Na: Lemoela, mpanjakan'i Masa, dia ilay]","Ny tenin'i Lemoela mpanjaka, dia ny teny mavesa-danja izay nananaran-dreniny azy.<n>[Na: Ny teny ho an']</n><n>[Na: Lemoela, mpanjakan'i Masa, dia ilay]</n>"
mg_20,31,3,0.90,"Aza omena ny vehivavy ny herinao, Na ny fombam-piainanao* ho an'izay** manimba mpanjaka. [*Hebreo: lalanao] [**Na: izay zavatra]","Aza omena ny vehivavy ny herinao, Na ny fombam-piainanao ho an'izay manimba mpanjaka.<n>[Heb. lalanao]</n><n>[Na: izay zavatra]</n>"
mg_20,31,10,0.91,Iza no mahita vehivavy tsara*? Fa ny tombany dia mihoatra lavitra noho ny voahangy**. [*Na: mahay] [**Na: perla],Iza no mahita vehivavy tsara? Fa ny tombany dia mihoatra lavitra noho ny voahangy. <n>[Na: mahay]</n><n>[Na: perla]</n>
mg_20,31,24,0.94,"Manao akanjo hariry madinika ravehivavy ka mivarotra izany, Ary fehin-kibo no amidiny amin'ny mpandranto*. [*Hebreo: Kananita]","Manao akanjo hariry madinika ravehivavy ka mivarotra izany, Ary fehin-kibo no amidiny amin'ny mpandranto.<n>[Heb. Kananita]</n>"
mg_20,31,29,0.94,"Maro no zazavavy nanao soa*, Fa ianao manoatra noho izy rehetra. [*Na: nahavory harena]","Maro no zazavavy nanao soa, Fa ianao manoatra noho izy rehetra.<n>[Na: nahavory harena]</n>"
mg_21,1,8,0.61,"Maivana* ny teny rehetra, ka tsy misy olona mahalaza**; ny maso tsy mamo mijery, ary ny sofina tsy mamo mihaino. [*Hebreo: Feno fahasasarana] [**Na: Feno fahasasarana ny zavatra rehetra ka tsy hain'ny olona lazaina]","Maivana ny teny rehetra, ka tsy misy olona mahalaza; ny maso tsy mamo mijery, ary ny sofina tsy mamo mihaino.<n>[Heb. Feno fahasasarana]</n><n>[Na: Feno fahasasarana ny zavatra rehetra ka tsy hain'ny olona lazaina]</n>"
mg_21,1,15,0.94,Ny meloka tsy mety tonga mahitsy; ary ny tsy ao tsy mba azo isaina*. [*Na: ny tsy fahampiana dia tsy tambo isaina],Ny meloka tsy mety tonga mahitsy; ary ny tsy ao tsy mba azo isaina.<n>[Na: ny tsi-fahampiana dia tsy tambo isaina]</n>
mg_21,1,17,0.76,"Ary nampiasaiko ny foko hahalala fahendrena sy hahalala fahaverezan-tsaina sy fahadalana; dia fantatro fa misambo-drivotra* foana koa izany, [*Na: Homan-drivotra]","Ary nampiasaiko ny foko hahalala fahendrena sy hahalala fahaverezan-tsaina sy fahadalana; dia fantatro fa misambo-drivotra foana koa izany,<n>[Na: Homan-drivotra]</n>satria izay be fahendrena dia be alahelo, ary izay mitombo fahalalana dia mitombo fahoriana."
mg_21,2,11,0.76,"Kanefa nitodika aho nandinika ny asa rehetra nataon'ny tanako sy ny fisasarana izay nisasarako, ka, indreo, zava-poana sy misambo-drivotra* foana izany rehetra izany, fa tsy nisy nahasoa taty ambanin'ny masoandro. [*Na: Homan-drivotra]","Kanefa nitodika aho nandinika ny asa rehetra nataon'ny tanako sy ny fisasarana izay nisasarako, ka, indreo, zava-poana sy misambo-drivotra foana izany rehetra izany, fa tsy nisy nahasoa tatỳ ambanin'ny masoandro.<n>[Na: Homan-drivotra]</n>"
mg_21,2,13,0.89,"Dia hitako fa ny fahendrena dia tsara* noho ny fahadalana, toy ny fahatsaran**'ny mazava noho ny maizina. [*Hebreo: mihoatra] [**Hebreo: fihoaran']","Dia hitako fa ny fahendrena dia tsara noho ny fahadalana, toy ny fahatsaran'ny mazava noho ny maizina.<n>[Heb. mihoatra]</n><n>[Heb. fihoaran']</n>"
mg_21,3,21,0.77,"Iza no mahalala ny fanahin'ny olombelona, na miakatra any ambony izy, na tsia, ary ny fanahin'ny biby, na midina amin'ny tany izy, na tsia*? [*Na: Iza no mahalala ny fanahin'ny olombelona izay miakatra any ambony, na ny fanahin'ny biby izay midina amin'ny tany?]","Iza no mahalala ny fanahin'ny olombelona, na miakatra any ambony izy, na tsia, ary ny fanahin'ny biby, na midina amin'ny tany izy, na tsia? <n>[Na: Iza no mahalala ny fanahin'ny olombelona izay miakatra any ambony, na ny fanahin'ny biby izay midina amin'ny tany?]</n>Dia efa hitako fa tsy misy tsara noho ny ifalian'ny olona amin'ny asany, satria izany no anjarany; fa iza no hampahalala azy izay ho avy any aoriany?"
mg_21,4,6,0.80,Tsara ny eran-tanan'ila misy fiadanana noho ny eran-tanan-droa misy fisasarana* sady misambo-drivotra** foana. [*Na: Tsara ny fiadanana eran-tanan'ila noho ny fisasarana] [**Na: Homan-drivotra],"Tsara ny eran-tànan'ila misy fiadanana noho ny eran-tànan-droa misy fisasarana sady misambo-drivotra foana.<n>[Na: Tsara ny fiadanana eran-tànan'ila noho ny fisasarana,]</n><n>[Na: Homan-drivotra]</n>"
mg_21,4,16,0.56,"Tsy hita isa ny olona rehetra, dia izay rehetra anjakany; nefa izay any aoriana tsy mba hifaly aminy; fa zava-poana sy misambo-drivotra* foana koa izany. [*Na: Homan-drivotra]","Tsy hita isa ny olona rehetra, dia izay rehetra anjakany; nefa izay any aoriana tsy mba hifaly aminy; fa zava-poana sy misambo-drivotra foana koa izany.<n>[Na: Homan-drivotra]</n><n>[Ny mety hatao amin'Andriamanitra na amin'ny fivavahana na amin'ny voady]</n> Tandremo ny tongotrao, raha mankao an-tranon'Andriamanitra ianao; fa ny manatona hihaino no tsara noho ny fanateran'ny adala fanatitra; fa tsy fantatr'ireny ho manao ratsy izy."
mg_21,7,28,0.79,"Izay notadiaviko koa, fa tsy hitako, dia izao: lehilahy iray no hitako ho marina tao amin'ny arivo; fa tao amin'ny vehivavy arivo* dia tsy nisy hitako na dia iray akory aza. [*Hebreo: teo amin'ireo dia tsy nisy vehivavy hitako, etc]","Izay notadiaviko koa, fa tsy hitako, dia izao: lehilahy iray no hitako ho marina tao amin'ny arivo; fa tao amin'ny vehivavy arivo dia tsy nisy hitako na dia iray akory aza.<n>[Heb. teo amin'ireo dia tsy nisy vehivavy hitako,etc]</n>Indro, izao ihany no hitako: nataon'Andriamanitra mahitsy ny olona, kanjo namorona sain-kafa maro izy."
mg_21,8,5,0.95,Izay mitandrina ny didy tsy mba mikambana* amin'ny fanaovan-dratsy; ary ny fon'ny hendry dia mahalala fotoana sy fitsarana; [*Hebreo: mahalala],Izay mitandrina ny didy tsy mba mikambana amin'ny fanaovan-dratsy; ary ny fon'ny hendry dia mahalala fotoana sy fitsarana;<n>[Heb. mahalala]</n>
mg_21,9,10,0.95,"Izay rehetra azon'ny tananao atao dia ataovy amin'ny herinao; fa tsy misy asa, na hevitra, na fahalalana, na fahendrena, any amin'ny fiainan-tsy hita* izay alehanao. [*Hebreo: Sheola]","Izay rehetra azon'ny tananao atao dia ataovy amin'ny herinao; fa tsy misy asa, na hevitra, na fahalalana, na fahendrena, any amin'ny fiainan-tsi-hita izay alehanao.<n>[Heb. Sheola]</n>"
mg_21,11,4,0.93,"Izay fatra-pihevitra ny rivotra tsy hamafy, ary izay manahy* ny rahona tsy hijinja. [*Hebreo: mijery]","Izay fatra-pihevitra ny rivotra tsy hamafy, ary izay manahy ny rahona tsy hijinja.<n>[Heb. mijery]</n>"
mg_22,2,1,0.93,Izaho dia voninkazo eny an-tanety* ihany sy lilia eny an-dohasaha. [*Na: any Saràna],Izaho dia voninkazo eny an-tanety ihany sy lilia eny an-dohasaha.<n>[Na: any Sarôna]</n>
mg_22,2,9,0.88,"Ny malalako dia tahaka ny gazela* na ny diera* tanora; Indro, mijanona eo ala-tranonay** izy, mitsidika eo am-baravarankely, manarangarana eo amin'ny makarakara. [*Anaram-biby haingan-tongotra] [**Hebreo: ivelan'ny rindrinay]","Ny malalako dia tahaka ny gazela na ny diera tanora; Indro, mijanona eo ala-tranonay izy, mitsidika eo am-baravarankely, manarangarana eo amin'ny makarakara.<n>[Anaram-biby haingan-tongotra]</n><n>[Heb. ivelan'ny rindrinay]</n>"
mg_22,2,17,0.47,"Mandra-pangatsiatsiaky ny andro, ka efa hilentika ny masoandro*, mitodiha, ry ilay malalako, ary aoka ho tahaka ny gazela** na ny diera** tanora eny an-tendrombohitra be hantsana*** ianao. [*Hebreo: mandositra ny aloka] [**Anaram-biby haingan-tongotra] [***Na: tendrombohitra manelanelana]","Mandra-pangatsiatsiaky ny andro, ka efa hilentika ny masoandro, mitodiha, ry ilay malalako, ary aoka ho tahaka ny gazela na ny diera tanora eny an-tendrombohitra be hantsana ianao. <n>[Heb. mandositra ny aloka]</n><n>[Anaram-biby haingan-tongotra]</n><n>[Na: tendrombohitra manelanelana]</n>"
mg_22,3,7,0.95,"Indro ny filanjan*'i Solomona! Lehilahy enim-polo, mahery avokoa, avy amin'ny lehilahy mahery amin'ny Isiraely, no manotrona azy. [*Hebreo: farafara]","Indro ny filanjan'i Solomona! Lehilahy enim-polo, mahery avokoa, avy amin'ny lehilahy mahery amin'ny Isiraely, no manotrona azy.<n>[Heb. farafara]</n>"
mg_22,3,9,0.93,Nanao filanjana* ho azy Solomona mpanjaka tamin'ny hazo avy any Libanona: [*Hebreo: farafara],Nanao filanjana ho azy Solomona mpanjaka tamin'ny hazo avy any Libanona: <n>[Heb. farafara]</n>
mg_22,4,3,0.93,"Tahaka ny kofehy jaky ny molotrao, ary mahafinaritra ny vavanao*; Tahaka ny hasin'ampongaben-danitra ny takolakao eo amin'ny fisalobonanao**, [*Hebreo: fitenenanao] [**Na: volonao milantolanto]","Tahaka ny kofehy jaky ny molotrao, ary mahafinaritra ny vavanao; Tahaka ny hasin'ampongaben-danitra ny takolakao eo amin'ny fisalobonanao,<n>[Heb. fitenenanao]</n><n>[Na: volonao milantolanto]</n>"
mg_22,4,9,0.94,"Efa lasanao ny foko, ry havako* ampakariko, efa lasanao ny foko tamin'ny masonao an'ila sy tamin'ny rojo anankiray amin'ny vozonao. [*Hebreo: ampakariko]","Efa lasanao ny foko, ry havako ampakariko, efa lasanao ny foko tamin'ny masonao an-ila sy tamin'ny rojo anankiray amin'ny vozonao.<n>[Heb. ampakariko]</n>"
mg_22,4,12,0.93,"Saha voahidy ny havako* ampakariko, loharano voahidy, fantsakan-drano voaisy tombo-kase. [*Hebreo: anabaviko]","Saha voahidy ny havako ampakariko, loharano voahidy, fantsakan-drano voaisy tombo-kase.<n>[Heb. anabaviko]</n>"
mg_22,5,2,0.84,"Natory aho, nefa nahatsiaro ihany ny foko; Injay! ny feon'ny malalako, izay mandondona ka manao hoe : voahy aho, ry havako* ampakariko, Ry voromailalako, ilay ahy tsy misy kilema; Fa vonton'ando ny lohako, Ny voloko milantolanto dia kotsan'ny andon'ny alina. [*Hebreo: ampakariko]","Natory aho, nefa nahatsiaro ihany ny foko; Injay! ny feon'ny malalako, izay mandondòna ka manao hoe: Vohay aho, ry havako ampakariko, Ry voromailalako, ilay ahy tsy misy kilema; Fa vonton'ando ny lohako, Ny voloko milantolanto dia kotsan'ny andon'ny alina.<n>[Heb. ampakariko]</n>"
mg_22,5,15,0.64,"Ny ranjony dia tahaka ny andry vatosanga* miorina amin'ny faladia tena volamena; Ny tarehiny dia tahaka an'i Libanona, tsara toy ny sedera. [*marmora fotsy]","Ny ranjony dia tahaka ny andry vatosanga miorina amin'ny faladia tena volamena; Ny tarehiny dia tahaka an'i Libanona, tsara toy ny sedera.<n>[marmora fotsy]</n>Mamy dia mamy ny vavany, eny, maha-te-ho-tia avokoa izy. Toy izany ny malalako, ary toy izany ny sakaizako, ry zanakavavin'i Jerosalema! <n>[Heb. lanilaniny]</n>"
mg_22,6,7,0.95,Tahaka ny hasin'ampongaben-danitra ny takolakao eo amin'ny fisalobonanao*. [*Na: ny volonao milantolanto],Tahaka ny hasin'ampongaben-danitra ny takolakao eo amin'ny fisalobonanao.<n>[Na : ny volonao milantolanto]</n>
mg_22,6,11,0.65,"Lasa nidina nankany an-tsaha tsara hazo* aho, hijerijery ny zava-maitso an-dohasaha, hizaha raha mitsimoka ny voaloboka sy mamony ny ampongaben-danitra. [*Hebreo: an-tanin'egoza]","Lasa nidina nantany an-tsaha tsara hazo aho, hijerijery ny zava-maitso an-dohasaha, hizaha raha mitsimoka ny voaloboka sy mamony ny ampongaben-danitra.<n>[Heb. an-tanin'egoza]</n>Tsy nampoiziko ny nanandratan'ny fanahiko ahy ho eo amin'ny kalesin'ny fireneko be voninahitra."
mg_22,7,7,0.94,"Endrey! tsara tarehy sady mahafinaritra ianao, ry malala*, amin'izao zava-mahafinaritra rehetra izao! [*Hebreo: ry fitiavana]","Endrey! tsara tarehy sady mahafinaritra ianao, ry malala, amin'izao zava-mahafinaritra rehetra izao!<n>[Heb. ry fitiavana]</n>"
mg_22,7,8,0.94,"Izato tsangananao dia tahaka ny rofia*, Ary ny nononao dia tahaka ny sampahony. [*palma]","Izato tsangananao dia tahaka ny rofia, Ary ny nononao dia tahaka ny sampahony.<n>[palma]</n>"
mg_22,7,11,0.90,"An'ny malalako aho, sady manina ahy* izy. [*Hebreo: ho amiko ny faniriany;]","An'ny malalako aho, sady manina ahy izy.<n>[Heb. ho amiko ny faniriany;]</n>"
mg_22,8,6,0.95,"Ataovy toy ny fanombohan-kase ao am-ponao aho sy toy ny fanombohan-kase eo an-tsandrinao; Fa mahery toy ny fahafatesana ny fitiavana, masiaka tahaka ny fiainan-tsy hita* ny fahasaro-piaro; Ny lelafony dia lelafo midedadeda, eny, lelafon'i Jehovah. [*Hebreo: Sheola]","Ataovy toy ny fanombohan-kase ao am-ponao aho sy toy ny fanombohan-kase eo an-tsandrinao; Fa mahery toy ny fahafatesana ny fitiavana, masiaka tahaka ny fiainan-tsi-hita ny fahasaro-piaro; Ny lelafony dia lelafo midedadeda, eny, lelafon'i Jehovah.<n>[Heb. Sheola]</n>"
mg_22,8,8,0.91,"Manana zandrivavy tsy mbola misy nono izahay*; Ahoana no hataonay** amin'ny zandrivavinay***, raha mby amin'izay andro hangatahan'olona azy ho vady? [*Na: isika] [**Na: hataontsika] [***Na: zandrivavintsika]","Manana zandrivavy tsy mbola misy nono izahay; Ahoana no hataonay amin'ny zandrivavinay, raha mby amin'izay andro hangatahan'olona azy ho vady?<n>[Na: isika]</n><n>[Na: hataontsika]</n><n>[Na: zandrivavintsika]</n>"
mg_22,8,9,0.94,"Raha manda izy, dia hanangananay* tilikambo volafotsy eo an-tampony; Fa raha varavarana kosa izy, dia hotampenanay** hazo fisaka sedera. [*Na: hananganantsika] [**Na: hotampenantsika]","Raha manda izy, dia hanangananay tilikambo volafotsy eo an-tampony; Fa raha varavarana kosa izy, dia hotampenanay hazo fisaka sedera.<n>[Na: hananganantsika]</n><n>[Na: hotampenantsika]</n>"
mg_23,1,27,0.93,"Ziona havotana amin'ny fitsarana, ary izay efa mibebaka* ao dia havotana amin'ny fahamarinana; [*Hebreo: miverina]","Ziona havotana amin'ny fitsarana, ary izay efa mibebaka ao dia havotana amin'ny fahamarinana;<n>[Heb. miverina]</n>"
mg_23,3,19,0.94,"Na ny kavina voavola, na ny rojo*, na ny fisalobonana makarakara, [*Na: haba]","Na ny kavina voavola, na ny rojo, na ny fisalobonana makarakara,<n>[Na: haba]</n>"
mg_23,3,20,0.95,"Na ny satroka*, na ny rojo parapaingo, na ny fehin-kibo misy haingony, Na ny fitoeran-dranomanitra, na ny ody fanaony ravaka, [*Hebreo: diadema]","Na ny satroka, na ny rojo parapaingo, na ny fehin-kibo misy haingony, Na ny fitoeran-dranomanitra, na ny ody fanaony ravaka,<n>[Heb. diadema]</n>"
mg_23,5,14,0.91,Koa izany no mampitanatana vava ny fiainan-tsy hita* Hanao teli-moka an'i Jerosalema**; Ary any no hivarinan'ny voninahiny sy ny fihahohahony ary ny tabatabany mbamin'izay mifalifaly ao aminy; [*He. Sheola] [**Hebreo: azy],Koa izany no mampitanatana vava ny fiainan-tsi-hita Hanao teli-moka an'i Jerosalema; Ary any no hivarinan'ny voninahiny sy ny fihahohahony ary ny tabatabany mbamin'izay mifalifaly ao aminy;<n>[He. Sheola]</n><n>[Heb. azy]</n>
mg_23,5,22,0.95,"Lozan'izay fatratra nefa amin'ny fisotroan-divay ihany, sy izay kanto* nefa amin'ny fampiharoharoana toaka ihany! [*Hebreo: mahery]","Lozan'izay fatratra nefa amin'ny fisotroan-divay ihany, sy izay kanto nefa amin'ny fampiharoharoana toaka ihany! <n>[Heb. mahery]</n>"
mg_23,8,10,0.94,"Makà saina ihany ianareo, nefa mbola hofoanana izany; Milazà ihany ny teny, nefa tsy ho tanteraka izany tsy akory; Fa aminay Andriamanitra*. [*Hebreo: Imanoela; izahao Isaia 8:8]","Makà saina ihany ianareo, nefa mbola hofoanana izany; Milazà ihany ny teny, nefa tsy ho tanteraka izany tsy akory; Fa aminay Andriamanitra. <n>[Heb. Imanoela; izahao and. 8]</n>"
mg_23,10,10,0.95,"Tahaka ny nahatraran'ny tanako ny fanjakan'ny andriamani-tsy izy, na dia nihoatra noho ny an'i Jerosalema sy ny an'i Samaria aza ny sampin*'ireo, [*Hebreo: sarin-javatra voasokitra]","Tahaka ny nahatraran'ny tanako ny fanjakan'ny andriamani-tsi-izy, na dia nihoatra noho ny an'i Jerosalema sy ny an'i Samaria aza ny sampin'ireo,<n>[Heb. sarin-javatra voasokitra]</n>"
mg_23,10,11,0.94,Dia tsy tahaka ny nataoko tamin'i Samaria sy ny andriamaniny-tsy izy va no hataoko amin'i Jerosalema sy ny sampiny* koa ? [*Hebreo: sarin-javatra voasokitra],Dia tsy tahaka ny nataoko tamin'i Samaria sy ny andriamanini-tsi-izy va no hataoko amin'i Jerosalema sy ny sampiny koa ? <n>[Heb. sarin-javatra voasokitra]</n>
mg_23,11,13,0.94,"Ary hitsahatra ny fialonan'i Efraima, ary hofongorana ny fandrafiana* an**'i Joda: Efraima tsy hialona an'i Joda, Ary Joda tsy handrafy an'i Efraima. [*Na: mpandrafy] [**Na: ao amin'ny]","Ary hitsahatra ny fialonan'i Efraima, ary hofongorana ny fandrafiana an'i Joda: Efraima tsy hialona an'i Joda, Ary Joda tsy handrafy an'i Efraima.<n>[Na: mpandrafy]</n><n>[Na: ao amin'ny]</n>"
mg_23,11,15,0.67,Ary Jehovah handritra* ny sakeli-dranomasina Egyptiana ary haninjitra ny tanany amin'ny ony** ka hamely azy amin'ny rivony mahamay Ka hampisaraka azy hisampana fito Ary hahatafita ny olona tsy miala kapa. [*Na: hanao azy ho herema] [**Eofrata],"Ary Jehovah handritra ny sakeli-dranomasina Egyptiana ary haninjitra ny tànany amin'ny ony ka hamely azy amin'ny rivony mahamay Ka hampisaraka azy hisampana fito Ary hahatafita ny olona tsy miala kapa.<n>[Na: hanao azy ho herema]</n><n>[Eofrata]</n>Ary hisy lalana voavoatra halehan'ny olony sisa, izay sisa avy any Asyria, dia toy ny ho an'ny Isiraely tamin'ny andro niakarany avy tany amin'ny tany Egypta."
mg_23,12,1,0.91,"Ary hiteny ianao amin'izany andro izany hoe: Hidera Anao aho, Jehovah o; Fa na dia tezitra tamiko aza Ianao, dia* afaka ny fahatezeranao, ka mampionona ahy Ianao. [*Na: Fa tezitra tamiko Ianao, nefa]","Ary hiteny ianao amin'izany andro izany hoe: Hidera Anao aho, Jehovah ô; Fa na dia tezitra tamiko aza Hianao, dia afaka ny fahatezeranao, ka mampionona ahy Hianao. <n>[Na: Fa tezitra tamiko Hianao, nefa]</n>"
mg_23,13,21,0.40,"Fa ny bibi-dia any an'efitra no hitoetra any, ho feno vorondolo* ny tranony, ny ostritsa no hitoetra any, ary ny osilahy* no hitsambikimbikina any, [*Na: hyena] [**Hebreo: seirima; izahao Levitikosy 17:7]","Fa ny bibi-dia any an-efitra no hitoetra any, ho feno vorondolo ny tranony, ny ostritsa no hitoetra any, ary ny osilahy no hitsambikimbikina any,<n>[Na: hyena]</n><n>[Heb. seirima; izahao Lev. xvii. 7]</n>Ny kary no hifampierena ao an-tranobeny, ary ny amboadia ao amin'ny lapa nanaranam-po; efa antomotra ny fotoany, ary ny androny tsy hatao ela.<n>[Heb. jakala]</n><n>[Heb. mpitondratenany]</n><n>[Na: jakala]</n>"
mg_23,13,22,0.74,"Ny kary* no hifampierena ao an-tranobeny**, ary ny amboadia*** ao amin'ny lapa nanaranam-po; efa antomotra ny fotoany, ary ny androny tsy hatao ela. [*Hebreo: jakala] [**Hebreo: mpitondratenany] [***Na: jakala]","Ny kary no hifampierena ao an-tranobeny, ary ny amboadia ao amin'ny lapa nanaranam-po; efa antomotra ny fotoany, ary ny androny tsy hatao ela.<n>[Heb. jakala]</n><n>[Heb. mpitondratenany]</n><n>[Na: jakala]</n>"
mg_23,14,9,0.92,"Taitra ny fiainan-tsy hita* any ambany noho ny aminao mba hitsena anao amin'ny fihavianao; Mamoha ny matoatoa hitsena anao izy, dia ireny bibilahy** rehetra tambonin'ny tany; Aingainy hiala amin'ny seza fiandrianana ny mpanjakan'ny firenena rehetra. [*Hebreo: Sheola] [**Hebreo: osilahy]","Taitra ny fiainan-tsi-hita any ambany noho ny aminao mba hitsena anao amin'ny fihavianao; Mamoha ny matoatoa hitsena anao izy, dia ireny bibilahy rehetra tambonin'ny tany; Aingainy hiala amin'ny seza fiandrianana ny mpanjakan'ny firenena rehetra.<n>[Heb. Sheola]</n><n>[Heb. osilahy]</n>"
mg_23,14,11,0.93,"Efa navarina ho ety amin'ny fiainan-tsy hita* ny tabihanao mbamin'ny feon'ny valihanao; Kankana no ilafihanao, ary olitra no mandrakotra anao. [*Hebreo: Sheola]","Efa navarina ho etỳ amin'ny fiainan-tsi-hita ny tabihanao mbamin'ny feon'ny valihanao; Kankana no ilafihanao, ary olitra no mandrakotra anao.<n>[Heb. Sheola]</n>"
mg_23,14,15,0.91,Kanjo hampidinina hatrany amin'ny fiainan-tsy hita* ho any ampara-vodilavaka ianao. [*Hebreo: Sheola],Kanjo hampidinina hatrany amin'ny fiainan-tsi-hita ho any ampara-vodilavaka ianao.<n>[Heb. Sheola]</n>
mg_23,14,18,0.94,"Ny mpanjaka rehetra amin'ny firenena samy mandry amin'ny voninahitra avokoa, ary samy ao am-pasany* avy; [*Hebreo: tranony]","Ny mpanjaka rehetra amin'ny firenena samy mandry amin'ny voninahitra avokoa, ary samy ao am-pasany avy;<n>[Heb. tranony]</n>"
mg_23,14,29,0.93,"Aza mifaly, ry Filistia rehetra, saingy tapaka ny tsorakazo namely anao; fa avy ao an-kibon*'ny bibilava no hihavian'ny menarana, ary ny aterany ho tonga menaran'afo** manidina. [*Hebreo: fakan'] [**Hebreo: sarafa]","Aza mifaly, ry Filistia rehetra, saingy tapaka ny tsorakazo namely anao; fa avy ao an-kibon'ny bibilava no hihavian'ny menarana, ary ny aterany ho tonga menaran'afo manidina.<n>[Heb. fakan']</n><n>[Heb. sarafa]</n>"
mg_23,14,30,0.92,"Ny faraidina indrindra* hihinana, ary ny mahantra handry fahizay; Fa hataoko maty mosary kosa izay tsy ringana aminao**, eny, izay sisa aminao ho matiny. [*Hebreo: matoan'ny mahantra] [**Hebreo: ny fakanao]","Ny faraidina indrindra hihinana, ary ny mahantra handry fahizay; Fa hataoko maty mosary kosa izay tsy ringana aminao, eny, izay sisa aminao ho matiny.<n>[Heb. matoan'ny mahantra]</n><n>[Heb. ny fakanao]</n>"
mg_23,17,8,0.94,"Fa tsy hanandrandra ny alitara, asan'ny tanany, intsony izy. Ary ny nataon'ny rantsan-tanany tsy hahoany, na ny Aseraha*, na ny tsangankazo* ho an'ny masoandro. [*Anaran'andriamani-tsy izy, na ny sariny] [**Na: tsangam-bato]","Fa tsy hanandrandra ny alitara, asan'ny tànany, intsony izy. Ary ny nataon'ny rantsan-tànany tsy hahoany, na ny Aseraha, na ny tsangankazo ho an'ny masoandro.<n>[Anaran'andriamani-tsi-izy, na ny sariny]</n><n>[Na: tsangam-bato]</n>"
mg_23,18,2,0.91,"Izay mampandeha iraka eny ambon'ny ranomasina, Ao anaty lakan-jozoro ambonin'ny rano, ka manafatra azy hoe : Mandehana, ry iraka faingam-pandeha, ho any amin'ny firenena lava tsanganana* sady mandimandina, any amin'ny olona mahatahotra hatreto ka hatrany hatrany**, dia firenena mpanao teny tsy valiana*** sady maherisetra****, izay vakin'ny ony maro ny taniny. [*Na: ela fiainana] [**Na: hatramin'ny niandohany ka mandraka ankehitriny] [***Na: matanjaka indindra; na: mahery mamaritra tany ho azy] [****Hebreo: manitsakitsaka]","Izay mampandeha iraka eny ambonin'ny ranomasina, ao anaty lakan-jozoro ambonin'ny rano, ka manafatra azy hoe: Mandehana, ry iraka faingam-pandeha, ho any amin'ny firenena lava tsanganana sady mandimandina, any amin'ny olona mahatahotra hatreto ka hatrany hatrany, dia firenena mpanao teny tsy valiana sady maherisetra, izay vakin'ny ony maro ny taniny.<n>[Na: ela fiainana]</n><n>[Na: hatramin'ny niandohany ka mandraka ankehitriny]</n><n>[Na: matanjaka indindra; na: mahery mamaritra tany ho azy]</n><n>[Heb. manitsakitsaka]</n>"
mg_23,18,7,0.92,"Amin'izany andro izany dia hisy fanomezana ho entina ho an'i Jehovah, Tompon'ny maro, dia firenena lava tsanganana* sady mandimandina, ary avy amin'ny firenena mahatahotra hatreto ka hatrany** hatrany dia firenena mpanao teny tsy valiana*** sady maherisetra***, Izay vakin'ny ony maro ny taniny ho ao amin'ny fitoeran'ny anaran'i Jehovah, Tompon'ny maro, dia ny tendrombohitra Ziona. [*Na: ela fiainana] [**Na: hatramin'ny niandohany ka mandraka ankehitriny] [***Na: matanjaka indrindra; na: mahary mamaritra tany ho azy] [****Hebreo: manitsakitsaka]","Amin'izany andro izany dia hisy fanomezana ho entina ho an'i Jehovah, Tompon'ny maro, dia firenena lava tsanganana sady mandimandina, ary avy amin'ny firenena mahatahotra hatreto ka hatrany hatrany dia firenena mpanao teny tsy valiana sady maherisetra, Izay vakin'ny ony maro ny taniny ho ao amin'ny fitoeran'ny anaran'i Jehovah, Tompon'ny maro, dia ny tendrombohitra Ziona. <n>[Na: ela fiainana]</n><n>[Na: hatramin'ny niandohany ka mandraka ankehitriny]</n><n>[Na: matanjaka indrindra; na: mahary mamaritra tany ho azy]</n><n>[Heb. manitsakitsaka]</n>"
mg_23,19,6,0.95,Ho maimbo ny sampantsampan'ny ony; Ary ny lahin-dranon'i Egypta* hihena ka ho maina; Ny volotara sy ny zozoro halazo; [*Hebreo: Mazora],Ho maimbo ny sampantsampan'ny ony; Ary ny lahin-dranon'i Egypta hihena ka ho maina; Ny volotara sy ny zozoro halazo; <n>[Heb. Mazora]</n>
mg_23,19,10,0.94,"Ny andrin*'ny tany ho torotoro, ary ny mpikarama rehetra halahelo. [*Na: fanorenan']","Ny andrin'ny tany ho torotoro, ary ny mpikarama rehetra halahelo.<n>[Na: fanorenan']</n>"
mg_23,20,5,0.48,Ary ho raiki-tahotra sy ho menatra ny Isiraely* noho ny amin'i Etiopia fanantenany sy Egypta reharehany. [*Hebreo: izy],Ary ho raiki-tahotra sy ho menatra ny Isiraely noho ny amin'i Etiopia fanantenany sy Egypta reharehany.<n>[Heb. izy]</n>Ary amin'izany andro izany ny mponina etỳ amoron-dranomasina dia hanao hoe: He! ity manjo ilay nantenaintsika sady nandosirantsika ho famonjena antsika ho afaka amin'ny mpanjakan'i Asyria! Aiza intsony re no handosirantsika?
mg_23,22,1,0.91,"Faminaniana ny amin'ny lohasahan'ny Fahitana. Inona re izato manjo anareo*, no dia miakatra eny an-tampon-trano avokoa ianareo**, [*Hebreo: anao] [**Hebreo: ianao]","Faminaniana ny amin'ny lohasahan'ny Fahitana. Inona re izato manjo anareo, no dia miakatra eny an-tampon-trano avokoa ianareo, <n>[Heb. anao]</n><n>[Heb. ianao]</n>"
mg_23,22,11,0.47,"Mihady lavaka famorian-drano eo anelanelan'ny manda roa ianareo handehan'ny rano avy amin'ny kamory ela; Kanefa tsy mijery Izay efa nanomana izao zavatra izao ianareo, na mahita Izay nikasa azy hatry ny fony ela.","Mihady lavaka famorian-drano eo anelanelan'ny manda roa ianareo halenan ny rano avy amin'ny kamory ela; Kanefa tsy mijery Izay efa nanomana izao zavatra izao ianareo, na mahita Izay nikasa azy hatry ny fony ela."
mg_23,22,16,0.93,"Manao inona ety ianao, ary inonao moa no ety, No manao fasana ety ianao, dia manao fasana ho anao* ety amin'ny hantsana sy mandoaka fonenana ho anao* ety amin'ny harambato? [*Hebreo: ho azy]","Manao inona etỳ ianao, ary inonao moa no etỳ, No manao fasana etỳ ianao, dia manao fasana ho anao etỳ amin'ny hantsana sy mandoaka fonenana ho anao etỳ amin'ny harambato? <n>[Heb. ho azy]</n>"
mg_23,22,17,0.94,"Indro, Jehovah hanipy mafy* anao, eny, hofiazany mafy ianao, [*Na: hosaronany]","Indro, Jehovah hanipy mafy anao, eny, hofiazany mafy ianao,<n>[Na: hosaronany]</n>"
mg_23,22,19,0.93,Ary horoahiko hiala amin'ny fitoeranao ianao sy haongako* hiala amin'ny raharahanao [*Hebreo: haongany],Ary horoahiko hiala amin'ny fitoeranao ianao sy haongako hiala amin'ny raharahanao <n>[Heb. haongany]</n>
mg_23,22,24,0.64,"Ary hahantona eo aminy ny havesatry ny voninahitry ny mpianakavin-drainy rehetra, izay zanaka sy tera-drainy rehetra, dia ny fanaka madinika rehetra hatramin'ny lovia ka hatramin'ny siny samy hafa rehetra.","Ary hahantona eo aminy ny havesatry ny voninahitry ny mpianakavin-drainy rehetra, izay zanaka sy tera-drainy rehetra, dia ny fanaka madinita rehetra hatramin'ny lovia ka hatramin'ny siny samy hafa rehetra.Amin'izany andro izany, hoy Jehovah, Tompon'ny maro, Dia hiala ilay fihantonan-javatra voatsatoka teo amin'ny fitoerana mafy; Eny, hokapaina izy ka hianjera, dia ho simba ny entana izay nihantona teo aminy; Fa Jehovah no efa niteny."
mg_23,23,10,0.94,"Ry Tarsisy zanakavavy, aoka ianao hanafotra ny taninao tahaka an'i Neily; Fa tsy misy fifehezana* intsony. [*Hebreo: fehin-kibo]","Ry Tarsisy zanakavavy, aoka ianao hanafotra ny taninao tahaka an'i Neily; Fa tsy misy fifehezana intsony.<n>[Heb. fehin-kibo]</n>"
mg_23,24,22,0.61,"Dia hangonina ao an-davaka tahaka ny mpifatotra ireny ka hohidiana ao an-trano-maizina, ary rehefa afaka andro maro, dia hovangiana* ihany izy. [*Na: hovaliana]","Dia hangonina ao an-davaka tahaka ny mpifatotra ireny ka hohidiana ao an-trano-maizina, ary rehefa afaka andro maro, dia hovangiana ihany izy. <n>[Na: hovaliana]</n>Dia hivoara-mena ny volana, ary hivaloarika ny masoandro, fa Jehovah, Tompon'ny maro, no Mpanjaka ao an-tendrombohitra Ziona sy any Jerosalema, ary eo anatrehan'ny loholony dia misy voninahitra."
mg_23,25,11,0.77,"Ary ireo dia hamelatra ny tanany eo ampovoan'izany, tahaka ny famelatry ny mpilomano ny tanany raha milomano; Fa Jehovah* kosa hampietry ny fiavonavonany, na dia kanto aza ny fahamailamailaky ny tanany. [*Hebreo: Izy]","Ary ireo dia hamelatra ny tanany eo ampovoan'izany, tahaka ny famelatry ny mpilomano ny tanany raha milomano; Fa Jehovah kosa hampietry ny fiavonavonany, na dia kanto aza ny fahamailamailaky ny tànany. <n>[Heb. Izy]</n>Ary ny mandanao mafy sy avo dia harodany ka haetriny sy hofongorany hatramin'ny tany, dia hatramin'ny vovoka."
mg_23,26,7,0.95,"Voaravona ny lalan'ny marina: Eny, aravonao ho marina indrindra* ny alehan'ny marina. [*Na: Ianao, Izay mahitsy, no manamarina]","Voaravona ny lalan'ny marina: Eny, aravonao ho marina indrindra ny alehan'ny marina.<n>[Na: Hianao, Izay mahitsy, no manamarina]</n>"
mg_23,27,12,0.63,"Ary amin'izany andro izany dia hisy fampihintsanana* ataon'i Jehovah hatramin'ny ony mandriaka ka hatramin'ny lohasahan-driak'i Egypta; Ary ianareo samy hotsimponina tsirairay, ry Zanak'Isiraely. [*Na: fivelezam-bary]","Ary amin'izany andro izany dia hisy fampihintsanana ataon'i Jehovah hatramin'ny ony mandriaka ka hatramin'ny lohasahan-driak'i Egypta; Ary ianareo samy hotsimponina tsirairay, ry Zanak'Isiraely.<n>[Na: fivelezam-bary]</n>Ary amin'izany andro izany koa no hitsofana anjomara lehibe, dia ho avy izay very tany amin'ny tany Asyria sy izay efa voaroaka tany amin'ny tany Egypta, ka hiankohoka eo anatrehan'i Jehovah ao amin'ny tendrombohitra masina any Jerosalema."
mg_23,28,15,0.93,"Satria ianareo manao hoe: Efa nanao fanekena tamin'ny fahafatesana izahay ary efa nanao fifanarahana tamin'ny fiainan-tsy hita* ka na dia ho avy aza ny loza** manafotra, dia tsy hihatra aminy izany, fa ny lainga no nataonay ho fiarovana, ary ny fitaka ho fierena, [*Hebreo: Sheola] [**Hebreo: kotopia]","Satria ianareo manao hoe: Efa nanao fanekena tamin'ny fahafatesana izahay ary efa nanao fifanarahana tamin'ny fiainan-tsi-hita ka na dia ho avy aza ny loza manafotra, dia tsy hihatra aminy izany, fa ny lainga no nataonay ho fiarovana, ary ny fitaka ho fierena, <n>[Heb. Sheola]</n><n>[Heb. kotopia]</n>"
mg_23,28,18,0.90,"Hofoanana ny fanekenareo amin'ny fahafatesana, ary tsy haharitra ny fifanarahanareo amin'ny fiainan-tsy hita* raha ho avy ny loza** manafotra, dia ho tonga fanitsakitsany ianareo. [*Hebreo: Sheola] [**Hebreo: kotopia]","Hofoanana ny fanekenareo amin'ny fahafatesana, ary tsy haharitra ny fifanarahanareo amin'ny fiainan-tsi-hita raha ho avy ny loza manafotra, dia ho tonga fanitsakitsany ianareo.<n>[Heb. Sheola]</n><n>[Heb. kotopia]</n>"
mg_23,29,1,0.94,"Lozan'i Ariela*, lozan'i Ariela, Tanàna nitoeran*'i Davida! Ampio taona ny taona, aoka ho tafatsingeringerina ny andro firavoravoana; [*Ariela = Fatan'Andriamanitra, na: Lionan'Andriamanitra] [**Hebreo: nitobian']","Lozan'i Ariela, lozan'i Ariela, Tanàna nitoeran'i Davida! Ampio taona ny taona, aoka ho tafatsingeringerina ny andro firavoravoana; <n>[Ariela = Fatan'Andriamanitra, na: Lionan'Andriamanitra]</n><n>[Heb. nitobian']</n>"
mg_23,30,1,0.93,"Lozan'ny zaza maditra, izay maka saina, nefa tsy avy amiko, hoy Jehovah, ary manao fanekena*, nefa tsy avy amin'ny Fanahiko, mba hanampy ota amin'ny ota, [*Hebreo:mandrary harato] [**Hebreo: fialokalofanareo]","Lozan'ny zaza maditra, izay maka saina, nefa tsy avy amiko, hoy Jehovah, ary manao fanekena, nefa tsy avy amin'ny Fanahiko, mba hanampy ota amin'ny ota, <n>[Heb.mandrary harato]</n><n>[Heb. fialokalofanareo]</n>"
mg_23,30,3,0.94,"Kanjo ho tonga henatra ho azy* ny fiarovana mafin'i Farao, ary ho fanalam-baraka azy* ny fialokalofany** ao amin'ny alokalok'i Egypta. [*Hebreo: anareo]","Kanjo ho tonga henatra ho azy ny fiarovana mafin'i Farao, ary ho fanalam-baraka azy ny fialokalofany ao amin'ny alokalok'i Egypta.<n>[Heb. anareo]</n>"
mg_23,31,5,0.93,"Tahaka ny vorona manomba no hiarovan'i Jehovah, tompon'ny maro, an'i Jerosalema, fa sady hiaro no hamonjy Izy, eny, sady hiantra* no hanafaka. [*Hebreo: handalo; izahao Eksodosy 12:13]","Tahaka ny vorona manomba no hiarovan'i Jehovah, tompon'ny maro, an'i Jerosalema, fa sady hiaro no hamonjy Izy, eny, sady hiantra no hanafaka. <n>[Heb. handalo; izahao Eks. xii.13]</n>"
mg_23,31,7,0.95,"Fa amin'izany andro izany dia harian'ny olona rehetra ny andriamani-bolafotsiny* sy ny andriamani-bolamenany*, izay fahotana nataon'ny tananareo. [*Hebreo: andriamani-tsy izy]","Fa amin'izany andro izany dia harian'ny olona rehetra ny andriamani-bolafotsiny sy ny andriamani-bolamenany, izay fahotana nataon'ny tananareo. <n>[Heb. andriamani-tsi-izy]</n>"
mg_23,32,5,0.94,"Ny adala tsy holazaina intsony hoe mitoetr'andriana, ary ny mpifetsy tsy holazaina hoe mahafoy be*. [*Hebreo: mpanankarena]","Ny adala tsy holazaina intsony hoe mitoetr'andriana, ary ny mpifetsy tsy holazaina hoe mahafoy be. <n>[Heb. mpanankarena]</n>"
mg_23,34,12,0.95,"Ary ny lehibe dia tsy hisy ao intsony hifidy izay hanjaka*, fa ho fongana ny mpanapaka rehetra ao aminy. [*Hebreo: hiantso ny fanjakana]","Ary ny lehibe dia tsy hisy ao intsony hifidy izay hanjaka, fa ho fongana ny mpanapaka rehetra ao aminy. <n>[Heb. hiantso ny fanjakana]</n>"
mg_23,34,14,0.20,Ny bibi-dia any an'efitra hihaona amin'ny kary*; ary ny osilahy** hiantso ny namany; Ary ilay mandehandeha amin'ny alina*** hitoetra any ka hahita fitoerana ho azy. [*Na: jakala] [**Hebreo: seirima; izahao Levitikosy 17:7] [***Hebreo: lilita],Ny bibi-dia any an-efitra hihaona amin'ny kary; ary ny osilahy hiantso ny namany; Ary ilay mandehandeha amin'ny alina hitoetra any ka hahita fitoerana ho azy.<n>[Na: jakala]</n><n>[Heb. seirima; izahao Lev. xvii. 7]</n><n>[Heb. lilita]</n>
mg_23,34,16,0.69,"Izahao ao amin'ny bokin'i Jehovah, ka vakio; Tsy misy tsy ao ireo na dia iray akory aza. Tsy misy na dia iray akory aza hitady ny namany; Fa ny vavan'i Jehovah* no nandidy izany, ary ny fanahiny ihany no nanangona azy. [*Hebreo: vavako]","Izahao ao amin'ny bokin'i Jehovah, ka vakio; Tsy misy tsy ao ireo na dia iray akory aza. Tsy misy na dia iray akory aza hitady ny namany; Fa ny vavan'i Jehovah no nandidy izany, ary ny fanahiny ihany no nanangona azy.<n>[Heb. vavako]</n>Ary Izy no efa tinendry anjara ho an'ireo ary ny tànany no efa nizara izany ho an'ireo tamin'ny famolaina; Handova izany mandrakizay ireo ary hitoetra ao hatramin'ny taranaka fara-mandimby."
mg_23,35,7,0.95,"Ny alonalona mitarehin-drano* dia ho tonga farihy tokoa, ary ny tany mangentana ho loharano miboiboika; Ny fonenana izay amitsahan'ny amboadia** dia haniry volotara sy zozoro. [*ny miraja] [**Na: jakala]","Ny alonalona mitarehin-drano dia ho tonga farihy tokoa, ary ny tany mangentana ho loharano miboiboika; Ny fonenana izay amitsahan'ny amboadia dia haniry volotara sy zozoro.<n>[ny miraja]</n><n>[Na: jakala]</n>"
mg_23,36,12,0.95,"Fa hoy Rabsake: Moa ho amin'ny tomponao sy ianao va no nanirahan'ny tompoko hilaza izany teny izany, fa tsy ho amin'ny olona izay mipetraka eny ambonin'ny manda, hihinanany izay tsy fihinany* sy hisotroany izay tsy fisotrony** miaraka aminareo? [*Hebreo: ny tainy] [**Hebreo: ny amaniny]","Fa hoy Rabsake: Moa ho amin'ny tomponao sy ianao va no nanirahan'ny tompoko hilaza izany teny izany, fa tsy ho amin'ny olona izay mipetraka eny ambonin'ny manda, hihinanany izay tsy fihinany sy hisotroany izay tsy fisotrony miaraka aminareo? <n>[Heb. ny tainy]</n><n>[Heb. ny amaniny]</n>"
mg_23,37,18,0.94,"Jehovah o, marina ihany tokoa fa ireo mpanjakan'i Asyria dia efa nandrava ny firenena* rehetra sy ny taniny [*Hebreo: tany]","Jehovah ô, marina ihany tokoa fa ireo mpanjakan'i Asyria dia efa nandrava ny firenena rehetra sy ny taniny <n>[Heb. tany]</n>"
mg_23,37,25,0.94,"Izaho no nihady ka nisotro rano, Ary ny faladiako no handritako ny lahin-drano rehetra any Egypta*. [*Hebreo: Mazora]","Izaho no nihady ka nisotro rano, Ary ny faladiako no handritako ny lahin-drano rehetra any Egypta. <n>[Heb. Mazora]</n>"
mg_23,38,10,0.94,Hoy izaho: Amin'izao andro mbola iadanako izao no tsy maintsy idirako amin'ny vavahadin'ny fiainan-tsy hita*; nesorina tamiko ny androko sisa. [*Hebreo: Sheola],Hoy izaho: Amin'izao andro mbola iadanako izao no tsy maintsy idirako amin'ny vavahadin'ny fiainan-tsi-hita; nesorina tamiko ny androko sisa. <n>[Heb. Sheola]</n>
mg_23,38,11,0.94,"Hoy izaho: Tsy mba hahita an'i Jehovah intsony aho. Eny, tsy mba hahita an'i Jehovah ao amin'ny velona intsony aho; Tsy mba hahita olona intsony aho, fa ho isan'ny mponina any amin'ny fiainan-tsy hita*. [*Hebreo: Sheola]","Hoy izaho: Tsy mba hahita an'i Jehovah intsony aho. Eny, tsy mba hahita an'i Jehovah ao amin'ny velona intsony aho; Tsy mba hahita olona intsony aho, fa ho isan'ny mponina any amin'ny fiainan-tsi-hita. <n>[Heb. Sheola]</n>"
mg_23,38,18,0.95,"Fa ny fiainan-tsy hita* tsy mba mahasaotra Anao, ny fahafatesana tsy mahadera Anao; Fa izay midina any an-davaka dia tsy mahazo manantena ny fahamarinanao. [*Hebreo: Sheola]","Fa ny fiainan-tsi-hita tsy mba mahasaotra Anao, ny fahafatesana tsy mahadera Anao; Fa izay midina any an-davaka dia tsy mahazo manantena ny fahamarinanao. <n>[Heb. Sheola]</n>"
mg_23,39,7,0.59,"Ary na dia terakao aza dia hisy ho entiny koa, ka ho tandonaka* any amin'ny lapan'ny mpanjakan'i Babylona ireo. [*Hebreo: ionoka]","Ary na dia terakao aza dia hisy ho entiny koa, ka ho tandonaka any amin'ny lapan'ny mpanjakan'i Babylona ireo. <n>[Heb. ionoka]</n>Dia hoy Hezekia tamin'Isaia: Tsara ny tenin'i Jehovah izay nolazainao. Ary hoy koa izy: Eny, hisy fiadanana amin'ny androko handry fahizay."
mg_23,41,19,0.91,"Hampaniry hazo sedera sy akasia sy rotra* ary oliva** any an'efitra Aho ary kypreso sy pina sy bokso eny an-tani-hay, [*myrta] [**Hebreo: oliva maniry ho azy]","Hampaniry hazo sedera sy akasia sy rotra ary oliva any an-efitra Aho ary kypreso sy pina sy bokso eny an-tani-hay, <n>[myrta]</n><n>[Heb. oliva maniry ho azy]</n>"
mg_23,41,21,0.94,"Alaharo eto ny teninareo, hoy Jehovah; Asehoy izay mahamarina ny anareo*, hoy ny Mpanjakan'i Jakoba. [*Hebreo: fiarovana mafy]","Alaharo eto ny teninareo, hoy Jehovah; Asehoy izay mahamarina ny anareo, hoy ny Mpanjakan'i Jakoba.<n>[Heb. fiarovana mafy]</n>"
mg_23,43,27,0.59,"Ny razambenao* voalohany indrindra dia efa nanota, ary ireny mpanalalana aminao efa niodina tamiko, [*Hebreo: rainao]","Ny razambenao voalohany indrindra dia efa nanota, ary ireny mpanalalana aminao efa niodina tamiko, <n>[Heb. rainao]</n>Koa izany no nanaovako ny mpanapaka masina ho tsy masina, sy nanolorako an'i Jakoba ho fandringana ary Isiraely ho latsa. <n>[Heb. herema]</n>"
mg_23,44,19,0.13,"Tsy misy mieritreritra ao am-pony, Na mba manana fahalalana na saina akory hanao hoe : Ny sasany mantsy nodorako tamin'ny afo; Eny, efa nanendy mofo tamin'ny vainafony aho; Efa nanatsatsika hena aho ka nihinana; Koa ny sisa va hataoko fahavetavetana, Hiankohofako eo anatrehan'izay vatan-kazo*? [*Na: vokatry ny hazo]","Tsy misy mieritreritra ao am-pony, na mba manana fahalalana na saina akory hanao hoe: Ny sasany mantsy nodorako tamin'ny afo; Eny, efa nanendy mofo tamin'ny vainafony aho: Efa nanatsatsika hena aho ka nihinana; Koa ny sisa va hataoko fahavetavetana, Hiankohofako eo anatrehan'izay vatan-kazo? <n>[Na: vokatry ny hazo]</n>"
mg_23,44,26,0.94,"Ary mahatò ny tenin'ny mpanompoko* sy mahatanteraka ny saina atolotry ny irako**, ary manao amin'i Jerosalema hoe: Honenana ianao, sy amin'ny tanànan'ny Joda hoe: Hatsangana ianareo, ka hamboariko izay rava eo, [*Hebreo: mpanompony] [**Hebreo: irany]","Ary mahatò ny tenin'ny mpanompoko sy mahatanteraka ny saina atolotry ny irako, ary manao amin'i Jerosalema hoe: Honenana ianao, sy amin'ny tanànan'ny Joda hoe: Hatsangana ianareo, ka hamboariko izay rava eo, <n>[Heb. mpanompony]</n><n>[Heb. irany]</n>"
mg_23,45,10,0.94,Lozan'izay miteny amin-drainy hoe: Inona no aterakao? Na amin-dreniny* hoe: Inona no aloaky ny kibonao? [*Hebreo: ny vehivavy],Lozan'izay miteny amin-drainy hoe: Inona no aterakao? Na amin-dreniny hoe: Inona no aloaky ny kibonao? <n>[Heb. ny vehivavy]</n>
mg_23,47,13,0.60,"Sasatra noho ny hamaroan'ny fisainanao ianao; aoka hitsangana ankehitriny ireo mpamantatra* ny lanitra sy mpandinika ny kintana ireo hamonjy anao, dia ireo mpanambara isaky ny tsinam-bolana izay zavatra ho tonga aminao**. [*Hebreo: mpizarazara] [*Na: Aoka hitsangana ankehitriny ireo mpamantatra ny lanitra sy mpandinika ny kintana ireo hamonjy anao amin'izay hanjo anao]","Sasatra noho ny hamaroan'ny fisainanao ianao; aoka hitsangana ankehitriny ireo mpamantatra ny lanitra sy mpandinika ny kintana ireo hamonjy anao, dia ireo mpanambara isaky ny tsinam-bolana izay zavatra ho tonga aminao. <n>[Heb. mpizarazara]</n> <n>[Na: Aoka hitsangana ankehitriny ireo mpamantatra ny lanitra sy mpandinika ny kintana ireo hamonjy anao amin'izay hanjo anao]</n>"
mg_23,48,21,0.31,"Ary tsy nangetaheta ireo tamin'ny nitondrany azy tany an'efitra; Nampiboiboika rano ho azy avy tamin'ny vatolampy Izy, Eny, nampitresaka ny vatolampy Izy, ka dia nigororoana ny rano.","Ary tsy nangetaheta ireo tamin'ny nitondrany azy tany an-efitra; Nampiboiboika rano ho azy avy tamin'ny vatolampy Izy, Eny, nampitresaka ny vatolampy Izy, ka dia nigororoana ny rano.Tsy misy fiadanana ho an'ny ratsy fanahy, hoy Jehovah."
mg_23,49,6,0.90,"Eny, hoy Izy: Mbola zavatra kely foana, raha tonga Mpanompoko hanandratra ny firenen'i Jakoba Ianao sy hampody ny Isiraely sisa voaro; Fa homeko ho fanazavana ny jentilisa koa Ianao, mba ho famonjeko hatrany amin'ny faran'ny tany.","Eny, hoy Izy: Mbola zavatra kely foana, raha tonga Mpanompoko hanandratra ny firenen'i Jakoba Hianao sy hampody ny Isiraely sisa voaro; Fa homeko ho fanazavana ny jentilisa koa Hianao, mba ho famonjeko hatrany amin'ny faran'ny tany."
mg_23,49,23,0.16,"Mpanjaka no ho rainao mpitaiza anao, Ary zanakavavin'andriana no ho reninao mpampinono anao; Hiankohoka amin'ny tany eo anatrehanao izy Ka hilelaka ny vovoka amin'ny tongotrao; Dia ho fantatrao fa Izaho no Jehovah, ka tsy ho menatra izay miandry Ahy.","Mpanjaka no ho rainao mpitaiza anao, ary zanakavavin'andriana no ho reninao mpampinono anao; hiankohoka amin'ny tany eo anatrehanao izy ka hilelaka ny vovoka amin'ny tongotrao; Dia ho fantatrao fa Izaho no Jehovah, ka tsy ho menatra izay miandry Ahy."
mg_23,50,10,0.69,"Iza aminareo no matahotra an'i Jehovah ka mihaino ny feon'ny Mpanompony? Na iza na iza mandeha amin'ny maizina ka tsy manana fahazavana*, aoka izy hatoky ny anaran'i Jehovah sy hiankina amin'Andriamaniny. [*Na: Na dia mandeha amin'ny maizina aza izy ka tsy misy famirapiratana]","Iza aminareo no matahotra an'i Jehovah ka mihaino ny feon'ny Mpanompony? Na iza na iza mandeha amin'ny maizina ka tsy manana fahazavana, aoka izy hatoky ny anaran'i Jehovah sy hiankina amin'Andriamaniny. <n>[Na: Na dia mandeha amin'ny maizina aza izy ka tsy misy famirapiratana]</n>He! ianareo rehetra izay mampirehitra afo sy mifehy kilalaon'afo manodidina anareo, mandehana amin'ny lelafonareo sy amin'ny zana-tsipìka misy afo, izay narehitrareo. Izao no hanjo anareo avy amin'ny tanako: Handry amin'ny fahoriana ianareo."
mg_23,51,9,0.94,"Mifohaza, mifohaza, ry sandrin'i Jehovah, mitafia hery! Mifohaza tahaka ny tamin'ny andro fahiny! dia tamin'ny taranaka lasa ela. Tsy Ianao va Ilay nitetitetika an-dRahaba sy nitomboka ny dragona*? [*Na: mamba; izahao Ezekiela 29:3]","Mifohaza, mifohaza, ry sandrin'i Jehovah, mitafia hery! Mifohaza tahaka ny tamin'ny andro fahiny! dia tamin'ny taranaka lasa ela. Tsy Hianao va Ilay nitetitetika an-dRahaba sy nitomboka ny dragona? <n>[Na: mamba; izahao Ezek. xxix. 3]</n>"
mg_23,51,11,0.63,"Eny, ny navotan'i Jehovah hiverina ka hankany Ziona amin'ny fihobiana, ary ny fifaliana mandrakizay no ho eny an-dohany; hahazo fifaliana sy faharavoravoana izy, ka dia handositra ny alahelo sy ny fisentoana.","Eny, ny navotan'i Jehovah hiverina ka hankany Ziona amin'ny fihobiana, ary ny fifaliana mandrakizay no ho eny an-dohany; hahazo fifaliana mandrakizay no ho eny an-dohany; hahazo fifaliana faharavoravoana izy, ka dia handositra ny alahelo sy ny fisentoana."
mg_23,51,15,0.94,"Fa Izaho Jehovah no Andriamanitrao, Izay mampanonja ny ranomasina, ka dia mirohondrohona ny onjany*; Jehovah, Tompon'ny maro, no anarako**. [*Na: Izay mampitsahatra ny rano, raha mirohondrohona ny onjany] [**Hebreo: anarany]","Fa Izaho Jehovah no Andriamanitrao, Izay mampanonja ny ranomasina, ka dia mirohondrohona ny onjany; Jehovah, Tompon'ny maro, no anarako. <n>[Na: Izay mampitsahatra ny rano, raha mirohondrohona ny onjany]</n> <n>[Heb. anarany]</n>"
mg_23,52,13,0.94,"Indro, ny Mpanompoko ho hita ho hendry*, hisandratra sy ho ambony Izy ka ho avo indrindra. [*Hebreo: hambinina]","Indro, ny Mpanompoko ho hita ho hendry, hisandratra sy ho ambony Izy ka ho avo indrindra. <n>[Heb. hambinina]</n>"
mg_23,53,11,0.49,"Noho ny fisasaran'ny fanahiny dia hahita izany Izy ka ho afa-po; Ny fahalalana Azy* no hanamarinan'ny Mpanompoko marina ny olona maro, ary Izy no hivesatra ny helok'ireo. [*Hebreo:fahalalany]","Noho ny fisasaran'ny fanahiny dia hahita izany Izy ka ho afa-po; Ny fahalalana Azy no hanamarinan'ny Mpanompoko marina ny olona maro, ary Izy no hivesatra ny helok'ireo. <n>[Heb.fahalalany]</n>Koa dia hanome Azy anjara amin'ny lehibe Aho, ary hizara babo amin'ny mahery Izy; Satria naidiny ho amin'ny fahafatesana ny ainy, Ary natao ho isan'ny mpanota Izy; Eny, Izy no nitondra ny fahotan'ny maro sady manao fifonana ho an'ny mpanota. <n>[Na: dia homeko Azy ny lehibe ho anjarany sy ny mahery ho anjara-babony]</n><n>[Na: nanao]</n>"
mg_23,54,16,0.64,"Indro, Izaho no nahary ny mpanefy izay mifofotra ny afo amin'ny arina ka mahavita fiasana hanaovany ny asany*; Ary Izaho koa no nahary ny mpandringana mba handringana. [*Na: fiadiana araka ny asany]","Indro, Izaho no nahary ny mpanefy izay mifofotra ny afo amin'ny arina ka mahavita fiasana hanaovany ny asany; Ary Izaho koa no nahary ny mpandringana mba handringana. <n>[Na: fiadiana araka ny asany]</n>Ny fiadiana rehetra izay voaforona hamelezana anao dia tsy hisy hambinina, ary ny lela rehetra izay miady aminao dia horesenao lahatra. Izany no lovan'ny mpanompon'i Jehovah sy fahamarinany avy amiko, hoy Jehovah."
mg_23,57,9,0.90,"Dia nivezivezy nankany amin'ny mpanjaka ianao nitondra* diloilo, ary nataonao betsaka ny zava-manitrao, sady nampandehanina hatrany lavitra any ny irakao, ka nidina** hatrany amin'ny fiainan-tsy hita*** ianao. [*Na: nihosotra] [**Na: nietry] [***Hebreo: Sheola]","Dia nivezivezy nankany amin'ny mpanjaka ianao nitondra diloilo, ary nataonao betsaka ny zava-manitrao, sady nampandehanina hatrany lavitra any ny irakao, ka nidina hatrany amin'ny fiainan-tsi-hita ianao. <n>[Na: nihosotra]</n><n>[Na: nietry]</n><n>[Heb. Sheola]</n>"
mg_23,58,3,0.80,"Nahoana izahay no mifady, hoy izy, nefa tsy hitanao ? Ary nahoana izahay no mampahory ny tenanay, nefa tsy ahoanao? Indro fa amin'ny andro fifadianareo aza dia mbola ny tianareo* ihany no ataonareo, ary ny mpiasa rehetra ao aminareo dia ampahorinareo*. [*Hebreo: hitanareo] [**Na: Ary mbola arosonareo fatratra ihany sy asanareo]","Nahoana izahay no mifady, hoy izy, nefa tsy hitanao ? Ary nahoana izahay no mampahory ny tenanay, nefa tsy ahoanao? Indro fa amin'ny andro fifadianareo aza dia mbola ny tianareo ihany no ataonareo, ary ny mpiasa rehetra ao aminareo dia ampahorinareo. <n>[Heb. hitanareo]</n><n>[Na: Ary mbola arosonareo fatratra ihany sy asanareo]</n>"
mg_23,58,13,0.77,"Raha miaro ny tongotrao amin'ny Sabata ianao ka tsy manao izay tianao amin'ny androko masina, ary manao ny Sabata hoe Fahafinaretana, ary ny nohamasinin'i Jehovah hoe mendrika hohajaina, ka manome voninahitra azy* ary tsy mandeha amin'ny lalanao, na manao izay tianao, na miteniteny foana, [*Na: Azy]","Raha miaro ny tongotrao amin'ny Sabata ianao ka tsy manao izay tianao amin'ny androko masina, ary manao ny Sabata hoe Fahafinaretana, ary ny nohamasinin'i Jehovah hoe mendrika hohajaina, ka manome voninahitra azy ary tsy mandeha amin'ny lalanao, na manao izay tianao, na miteniteny foana, <n>[Na: Azy]</n>Dia hiravoravo amin'i Jehovah ianao, ary hasandratro ao amin'ny havoana amin'ny tany ianao, sy hofahanako amin'ny lovan'i Jakoba rainao; Fa ny vavan'i Jehovah no efa niteny."
mg_23,61,6,0.76,"Fa ianareo kosa no hatao hoe mpisoron'i Jehovah, Mpanao fanompoam-pivavahana ho an'Andriamanitsika no hilazana anareo ; ho lasanareo* ny haren'ny firenena, ary handimby voninahitra azy ianareo**. [*Hebreo: Hohaninareo] [**Na: Ary ho reharehanareo sy voninahiny]","Fa ianareo kosa no hatao hoe mpisoron'i Jehovah, Mpanao fanompoam-pivavahana ho an'Andriamanitsika no hilazana anareo ho lasanareo ny haren'ny firenena, ary handimby voninahitra azy ianareo. <n>[Heb. Hohaninareo]</n><n>[Na: Ary ho reharehanareo sy voninahiny]</n>"
mg_23,64,4,0.94,"Mitsena* izay mifaly hanao ny marina Ianao, dia izay mahatsiaro Anao amin'ny lalanao; indro, Ianao dia tezitra, ary hita fa meloka** izahay; Hatramin'ny ela dia izany no toetray, ka dia hovonjena va? [*Na: Miantra] [**Na: ary efa nanota]","Mitsena izay mifaly hanao ny marina Hianao, dia izay mahatsiaro Anao amin'ny lalanao; indro, Hianao dia tezitra, ary hita fa meloka izahay; Hatramin'ny ela dia izany no toetray, ka dia hovonjena va? <n>[Na: Miantra]</n><n>[Na: ary efa nanota]</n>"
mg_23,65,6,0.90,"Indro, izao no voasoratra eo anatrehako: Tsy hangina Aho mandra-pamaliko anareo* eny, mandra-pamaliko ho ao an-tratranareo** [*Hebreo: azy] [**Hebreo: tratrany]","Indro, izao no voasoratra eo anatrehako: Tsy hangina Aho mandra-pamaliko anareo eny, mandra-pamaliko ho ao an-tratranareo <n>[Heb. azy]</n><n>[Heb. tratrany]</n>"
mg_23,65,11,0.94,"Fa ny aminareo izay mahafoy an'i Jehovah sy manadino ny tendrombohitro masina, sady mamelatra latabatra ho an'i Gada* sy mampidina** divay noharoharoan-javatra ho an'i Meny, [*Gada = Zara, ary Meny = Vintana; samy anaran'andriamani-tsy izy ireo] [**Hebreo: mameno]","Fa ny aminareo izay mahafoy an'i Jehovah sy manadino ny tendrombohitro masina, sady mamelatra latabatra ho an'i Gada sy mampidina divay noharoharoan-javatra ho an'i Meny, <n>[Gada = Zara, ary Meny = Vintana; samy anaran'andriamani-tsi-izy ireo]</n><n>[Heb. mameno]</n>"
mg_23,65,14,0.92,"Indro, ny mpanompoko hihoby noho ny faharavoam-po, fa ianareo kosa hitoloko noho ny alahelom-po* sy hidradradradra noho ny fahoriam-panahy**. [*Hebreo: fanaintanam-po] [**Hebreo: fahatorotoroam-panahy]","Indro, ny mpanompoko hihoby noho ny faharavoam-po, fa ianareo kosa hitoloko noho ny alahelom-po sy hidradradradra noho ny fahoriam-panahy.<n>[Heb. fanaintanam-po]</n><n>[Heb. fahatorotoroam-panahy]</n>"
mg_24,2,16,0.92,Ny mponina tao Memfisa* sy Tapanesa aza efa nampangadihady ny tampon-dohanao. [*Hebreo: Nofa],Ny mponina tao Memfisa sy Tapanesa aza efa nampangadihady ny tampon-dohanao.<n>[Heb. Nofa]</n>
mg_24,3,15,0.90,Dia homeko mpitondra* araka ny sitrapoko ianareo. Izay hitondra** anareo amin'ny fahalalana sy ny fahendrena. [*Hebreo: mpiandry ondry] [**Hebreo: hiandry],Dia homeko mpitondra araka ny sitrapoko ianareo. Izay hitondra anareo amin'ny fahalalana sy ny fahendrena.<n>[Heb. mpiandry ondry]</n><n>[Heb. hiandry]</n>
mg_24,5,6,0.93,"Koa noho izany dia mamely azy ny liona avy any an'ala, ary mandringana azy ny amboadia* avy any an'efitra, ny leoparda miandry hamely ny tanànany, ka izay rehetra mivoaka avy ao dia viraviraina; Fa efa maro ny fahadisoany, ary fatratra ny fiodinany. [*lopa]","Koa noho izany dia mamely azy ny liona avy any an'ala, ary mandringana azy ny amboadia avy any an-efitra, ny leoparda miandry hamely ny tanànany, ka izay rehetra mivoaka avy ao dia viraviraina; Fa efa maro ny fahadisoany, ary fatratra ny fiodinany.<n>[lopa]</n>"
mg_24,6,17,0.94,Ary nasiako mpitily ianareo hanao hoe: Henoy ny feon'ny anjomara! Nefa hoy ianareo*: Tsy hihaino izahay. [*Hebreo: izy],Ary nasiako mpitily ianareo hanao hoe: Henoy ny feon'ny anjomara! Nefa hoy ianareo: Tsy hihaino izahay.<n>[Heb. izy]</n>
mg_24,9,9,0.35,"Noho ny amin'ny tendrombohitra no hitomaniako sy hidradradrako, ary noho ny amin'ny kijana any an'efitra no hanaovako hira fa halahelovana, satria may izy, ka tsy misy mandeha mamaky eo aminy, ary tsy misy fimàmàn'omby re intsony, ary na ny voro-manidina na ny bibi-dia samy efa nandositra ka lasa avokoa.","Noho ny amin'ny tendrombohitra no hitomaniako sy hidradradrako, ary noho ny amin'ny kijana any an-efitra no hanaovako hira fa halahelovana, satria may izy, ka tsy misy mandeha mamaky eo aminy, ary tsy misy fimàmàn'omby re intsony, ary na ny voro-manidina na ny bibi-dia samy efa nandositra ka lasa avokoa."
mg_24,9,24,0.51,"Indro, avy ny andro, hoy Jehovah, izay hamaliako ny voafora rehetra mbamin'ny tsy voafora koa*, [*Na: izay toy ny tsy voafora]","Indro, avy ny andro, hoy Jehovah, izay hamaliako ny voafora rehetra mbamin'ny tsy voafora koa,<n>[Na: izay toy ny tsy voafora]</n>Dia Egypta sy Joda sy Edoma sy ny taranak'i Amona ary Moaba mbamin'izay rehetra voahety sisim-bolo, izay monina any an-efitra; Fa ny jentilisa rehetra dia tsy voafora, ary ny taranak'Isiraely rehetra kosa dia tsy voafora fo."
mg_24,12,3,0.94,"Fa Ianao, Jehovah o, mahalala ahy; Mahita ahy Ianao sady mizaha toetra ny foko ny aminao; Sariho toy ny ondry hovonoina ireny, ary atokàny* ho amin'ny andro hamonoana. [*Hebreo: hamasino]","Fa Hianao, Jehovah ô, mahalala ahy; Mahita ahy Hianao sady mizaha toetra ny foko ny aminao; Sariho toy ny ondry hovonoina ireny, ary atokàny ho amin'ny andro hamonoana.<n>[Heb. hamasino]</n>"
mg_24,14,22,0.90,"Mba misy mahalatsaka ranonorana va ireny sampin*'ny jentilisa ireny? Na mahay mandatsaka ranonorana mivatravatra va ny lanitra? Fa tsy Ianao ihany va no Izy, ry Jehovah Andriamanitray o? Koa manantena Anao izahay, satria Ianao no nanao ireo zavatra rehetra ireo. [*Hebreo: zava-poanan']","Mba misy mahalatsaka ranonorana va ireny sampin'ny jentilisa ireny? Na mahay mandatsaka ranonorana mivatravatra va ny lanitra? Fa tsy Hianao ihany va no Izy, ry Jehovah Andriamanitray ô? Koa manantena Anao izahay, satria Hianao no nanao ireo zavatra rehetra ireo.<n>[Heb. zava-poanan']</n>"
mg_24,15,6,0.95,"Ianao efa nahafoy Ahy sady efa nihemotra, hoy Jehovah, ka dia ahinjitro kosa ny tanako hamely anao, ka efa mandringana anao Aho, fa efa sasatra ny mandefitra*. [*Hebreo: manenina]","Hianao efa nahafoy Ahy sady efa nihemotra, hoy Jehovah, ka dia ahinjitro kosa ny tanako hamely anao, ka efa mandringana anao Aho, fa efa sasatra ny mandefitra.<n>[Heb. manenina]</n>"
mg_24,17,1,0.91,"Ny fahotan'ny Joda dia voasoratra tamin'ny vy fanoratana sy tamin'ny diamondra fanoratana; voasoratra ao am-pony tahaka ny amin'ny vato fisaka sy eo amin'ny tandroky ny alitarany* izany, [*Hebreo: alitaranareo]","Ny fahotan'ny Joda dia voasoratra tamin'ny fanoratana sy tamin'ny diamondra fanoratana; voasoratra ao am-pony tahaka ny amin'ny vato fisaka sy eo amin'ny tandroky ny alitarany izany,<n>[Heb. alitaranareo]</n>"
mg_24,17,26,0.73,Ary ho avy ny olona avy amin'ny tanànan'ny Joda sy ny manodidina an'i Jerosalema sy ny tanin'ny Benjamina sy ny tany lemaka amoron-tsiraka* sy ny tany havoana ary ny tany atsimo ka hitondra fanatitra dorana sy fanatitra hafa alatsa-drà ary fanatitra hohanina sy ditin-kazo mani-pofona ary hitondra fanati-pisaorana ho ao an-tranon'i Jehovah. [*Hebreo: Sefela],"Ary ho avy ny olona avy amin'ny tanànan'ny Joda sy ny manodidina an'i Jerosalema sy ny tanin'ny Benjamina sy ny tany lemaka amoron-tsiraka sy ny tany havoana ary ny tany atsimo ka hitondra fanatitra dorana sy fanatitra hafa alatsa-drà ary fanatitra hohanina sy ditin-kazo mani-pofona ary hitondra fanati-pisaorana ho ao an-tranon'i Jehovah.<n>[Heb. Sefela]</n>Fa raha tsy mihaino Ahy kosa ianareo ka tsy manamasina ny andro Sabata, fa mitondra entana miditra amin'ny vavahadin'i Jerosalema ihany amin'ny andro Sabata, dia handrehitra afo tsy mety maty eo am-bavahadiny Aho handevonana ny tranobe eto Jerosalema."
mg_24,18,7,0.93,Vetivety* Aho dia milaza firenena sy fanjakana hongotako sy hazerako ary horavako; [*Hebreo: indray mipi-maso],Vetivety Aho dia milaza firenena sy fanjakana hongotako sy hazerako ary horavako;<n>[Heb. indray mipi-maso]</n>
mg_24,18,22,0.62,"Aoka hisy fidradradradrana ho re ao an-tranony, raha mitondra miaramila iray toko any aminy tampoka Ianao; Fa efa nihady lavaka hamandrihana ahy izy sady nanafim-pandrika haningorana ny tongotro.","Aoka hisy fidradradradrana ho re ao an-tranony, raha mitondra miaramila iray toko any aminy tampoka Hianao; Fa efa nihady lavaka hamandrihana ahy izy sady nanafim-pandrika haningorana ny tongotro.Fa Hianao, Jehovah ô, no mahalala ny fisainana rehetra ataony hamelezany ahy ho faty; Aza avela ny helony; Ary aza vonoina tsy ho eo imasonao ny fahotany, fa aoka ho solafaka eo anatrehanao izy; Mameleza azy amin'ny andro fahatezeranao."
mg_24,23,10,0.95,"Fa feno mpijangajanga ny tany; Ary noho ny ozona no isaonan'ny tany, efa maina ny kijana any an'efitra; Ary efa ratsy ny fanaon*'ny olona, sady ny tsy fahamarinana no heriny. [*Hebreo: lalan']","Fa feno mpijangajanga ny tany; Ary noho ny ozona no isaonan'ny tany, efa maina ny kijana any an-efitra; Ary efa ratsy ny fanaon'ny olona, sady ny tsi-fahamarinana no heriny.<n>[Heb. lalan']</n>"
mg_24,23,37,0.95,Izao no hanontanianareo* amin'ny mpaminany; Ahoana no navalin'i Jehovah anao? Ary ahoana no nolazain'i Jehovah? [*Hebreo: hanontanianao],Izao no hanontanianareo amin'ny mpaminany; Ahoana no navalin'i Jehovah anao? Ary ahoana no nolazain'i Jehovah?<n>[Heb. hanontanianao]</n>
mg_24,24,9,0.74,"eny, hatolotro ho mpanjenjena* sy fiharan-doza any amin'ny fanjakana rehetra ambonin'ny tany izy, ho fandatsa sy ohabolana sy ambentinteny ary fanozonana any amin'ny tany rehetra izay handroahako azy. [*Na: ho fampangovitana]","eny, hatolotro ho mpanjenjena sy fiharan-doza any amin'ny fanjakana rehetra ambonin'ny tany izy, ho fandatsa sy ohabolana sy ambentinteny ary fanozonana any amin'ny tany rehetra izay handroahako azy.<n>[Na: ho fampangovitana]</n>Ary hampameleziko azy ny sabatra sy ny mosary ary ny areti-mandringana ambara-pahalany ritrany tsy ho amin'ny tany izay nomeko azy sy ny razany."
mg_24,30,9,0.93,"Fa ianao hanompo an'i Jehovah Andriamanitrao* sy Davida Mpanjakanao*, Izay hatsangako ho anao. [*Hebreo: Mpanjakany]","Fa ianao hanompo an'i Jehovah Andriamanitrao sy Davida Mpanjakanao, Izay hatsangako ho anao.<n>[Heb. Mpanjakany]</n>"
mg_24,31,2,0.94,"Izao no lazain'i Jehovah: Hahita* fitia any an'efitra ny olona izay sisa tsy matin'ny sabatra; Handeha Aho ka hanome* fitsaharana ho an'ny Isiraely. [*Na: Nahita, Na: Nandeha Aho ka nanome]",Izao no lazain'i Jehovah: Hahita fitia any an-efitra ny olona izay sisa tsy matin'ny sabatra; Handeha Aho ka hanome fitsaharana ho an'ny Isiraely.<n>[Na: Nahita]</n><n>[Na: Nandeha Aho ka nanome]</n>
mg_24,40,4,0.72,"Ary, indro, ankehitriny vahako izao ny gadra amin'ny tananao. Koa raha tsy sitraky ny fonao ny hiaraka amiko ho any Babylona, dia mijanona ihany; indro, ny tany rehetra dia eo anoloanao, koa izay tany tianao sy sitrakao no andehano.","Ary, indro, ankehitriny vahako izao ny gadra amin'ny tananao. Koa raha sitraky ny fonao kosa ny hiaraka amiko hankany Babylona, dia andeha, fa hotandremako tsara ianao; nefa raha tsy sitraky ny fonao ny hiaraka amiko ho any Babylona, dia mijanòna ihany; indro, ny tany rehetra dia eo anoloanao, koa izay tany tianao sy sitrakao no andehano."
mg_24,41,12,0.95,"dia novoriny ny olona rehetra ka nentiny niady tamin'Isimaela, zanak'i Netania ary hitany teo amoron'ny kamory* ao Gibeona izy. [*Hebreo: ny rano be]","dia novoriny ny olona rehetra ka nentiny niady tamin'Isimaela, zanak'i Netania ary hitany teo amoron'ny kamory ao Gibeona izy.<n>[Heb. ny rano be]</n>"
mg_24,41,17,0.60,"ary dia lasa izy ireo ka nitoetra tao Gerota-kimama*, izay ao akaikin'i Betlehema, mba handehanany hankany Egypta. [*Na: an-tranom-bahinin'i Kimama]","ary dia lasa izy ireo ka nitoetra tao Gerota-kimama, izay ao akaikin'i Betlehema, mba handehanany hankany Egypta.<n>[Na: an-tranom-bahinin'i Kimama]</n>tsy ho tratry ny Kaldeana; fa natahotra azy izy, satria Isimaela, zanak'i Netania, efa namono an'i Gedalia, zanak'i Ahikama, izay notendren'ny mpanjakan'i Babylona ho mpanapaka ny tany."
mg_24,44,29,0.53,"Ary izao no famantarana ho anareo, hoy Jehovah, fa hovaliako eto amin'ity tany ity ianareo, mba hahafantaranareo fa to tokoa ny teniko hahatonga loza aminareo:","Ary izao no famantarana ho anareo, hoy Jehovah, fa hovaliako eto amin'ity tany ity ianareo, mba hahafantaranareo fa tò tokoa ny teniko hahatonga loza aminareo:Izao no lazain'i Jehovah: Indro, Farao-hofra, mpanjakan'i Egypta, hatolotro eo an-tànan'ny fahavalony sy eo an-tànan'izay miady ny ainy, toy ny efa nanolorako an'i Zedekia, mpanjakan'ny Joda, ho eo an-tànan'i Nebokadnezara, mpanjakan'i Babylona, izay fahavalony nitady ny ainy."
mg_24,44,30,0.95,"Izao no lazain'i Jehovah: Indro, Farao-hofra, mpanjakan'i Egypta, hatolotro eo an-tanan'ny fahavalony sy eo an-tanan'izay mitady ny ainy, toy ny efa nanolorako an'i Zedekia, mpanjakan'ny Joda, ho eo an-tanan'i Nebokadnezara, mpanjakan'i Babylona, izay fahavalony nitady ny ainy.","Izao no lazain'i Jehovah: Indro, Farao-hofra, mpanjakan'i Egypta, hatolotro eo an-tànan'ny fahavalony sy eo an-tànan'izay miady ny ainy, toy ny efa nanolorako an'i Zedekia, mpanjakan'ny Joda, ho eo an-tànan'i Nebokadnezara, mpanjakan'i Babylona, izay fahavalony nitady ny ainy."
mg_24,45,5,0.25,"Mitady zavatra lehibe ho anao va ianao? Aza mitady izany! fa, indro, hahatonga loza ho amin'ny nofo rehetra Aho, hoy Jehovah; fa raha ny ainao dia homeko anao ho babonao ihany any amin'izay rehetra halehanao.","Mitady zavatra lehibe ho anao va ianao? aza mitady izany! fa, indro, hahatonga loza ho amin'ny nofo rehetra Aho, hoy Jehovah; fa raha ny ainao dia homeko anao ho babonao ihany any amin'izay rehetra nalehanao."
mg_24,46,9,0.93,"Miakara, ianareo soavaly, ary miriota toy ny adala, ianareo kalesy; Ary aoka hivoaka ny lehilahy mahery, dia ny Etiopiana sy ny Libyana*, izay mitana ampinga, ary ny Lydiana**, izay mitana sy manenjana tsipïka. [*Hebreo: Pota] [**Hebreo: Loda]","Miakara, ianareo soavaly, ary miriota toy ny adala, ianareo kalesy; Ary aoka hivoaka ny lehilahy mahery, dia ny Etiopiana sy ny Libyana, izay mitana ampinga, ary ny Lydiana, izay mitana sy manenjana tsipìka.<n>[Heb. Pota]</n><n>[Heb. Loda]</n>"
mg_24,47,6,0.59,"Indrisy ry sabatr'i Jehovah! Mandra-pahoviana no tsy hitsaharanao? Midira ao amin'ny tranonao ihany; Mitsahara, ka mijanona.","Indrisy ry sabatr'i Jehovah! Mandra-pahoviana no tsy hitsaharanao? Midira ao amin'ny tranonao ihany; Mitsahara, ka mijanòna.Hataony ahoana no fitsahatra. Fa Jehovah no nandidy azy, eny, hamely an'i Askelona mbamin'ny eny amoron-dranomasina no efa nanendreny azy.<n>[Heb. Hataonao]</n>"
mg_24,48,6,0.95,"Mandosira, vonjeo ny ainareo. Ary aoka ho tahaka ny olona mahantra* any an'efitra ianareo. [*Na: ny anjavidy]","Mandosira, vonjeo ny ainareo. Ary aoka ho tahaka ny olona mahantra any an-efitra ianareo.<n>[Na: ny anjavidy]</n>"
mg_24,49,19,0.92,"Indro, toy ny fiakatry ny liona avy any amin'ny kirihitrala eny amoron*'i Jordana no hiakarany ho any amin'ny misy ahitra mateza*; Fa hampandosiriko tampoka Edoma hiala ao, ary izay olona iray voafidy no hotendreko hanapaka azy. Fa iza no tahaka Ahy, ary iza no hifandahatra amiko, ary iza moa no mpiandry ondry mahajanona eo anatrehako? [*Hebreo: ny reharehany, Na: fonenany mafy]","Indro, toy ny fiakatry ny liona avy any amin'ny kirihitrala eny amoron'i Jordana no hiakarany ho any amin'ny misy ahitra mateza; Fa hampandosiriko tampoka Edoma hiala ao, ary izay olona iray voafidy no hotendreko hanapaka azy. Fa iza no tahaka Ahy, ary iza no hifandahatra amiko, ary iza moa no mpiandry ondry mahajanona eo anatrehako?<n>[Heb. ny reharehany]</n><n>[Na: fonenany mafy]</n>"
mg_24,50,21,0.93,"Iakaro Ibefikomiana* sy ny mponina ao Arapamaliana*; Ravao sy aringano** manarakaraka azy, hoy Jehovah, ary manaova araka izay rehetra nandidiako anao. [*Anaran'i Babylona io] [**Hebreo: ataovy herema]","Iakaro Ibefikomiana sy ny mponina ao Arapamaliana; Ravao sy aringano manarakaraka azy, hoy Jehovah, ary manaova araka izay rehetra nandidiako anao.<n>[Anaran'i Babylona io]</n><n>[Heb. ataovy herema]</n>"
mg_24,50,44,0.89,"Indro, toy ny fiakatry ny liona avy ao amin'ny kirihitrala eny amoron*'i Jordana no hiakarany ho any amin'ny misy ahitra mateza**; Nefa hampandosiriko tampoka hiala ao aminy izy, ary izay olona anankiray voafidy no hotendreko hanapaka azy; Fa iza no tahaka Ahy, ary iza no hifandahatra amiko? Ary iza moa no mpiandry ondry mahajanona eo anatrehako? [*Hebreo: ny reharehany] [**Na: fonenany mafy]","Indro, toy ny fiakatry ny liona avy ao amin'ny kirihitrala eny amoron'i Jordana no hiakarany ho any amin'ny misy ahitra mateza; Nefa hampandosiriko tampoka hiala ao aminy izy, ary izay olona anankiray voafidy no hotendreko hanapaka azy; Fa iza no tahaka Ahy, ary iza no hifandahatra amiko? Ary iza moa no mpiandry ondry mahajanona eo anatrehako?<n>[Heb. ny reharehany]</n><n>[Na: fonenany mafy]</n>"
mg_24,51,14,0.87,"Jehovah, Tompon'ny maro, nianiana tamin'ny tenany hoe: Hofenoiko olona maro toy ny valala tokoa ianao, ary ireny dia* hanakora hamely anao, [*Na: na dia hofenoiko olona maro toy ny valala aza ianao, dia ireny no]","Jehovah, Tompon'ny maro, nianiana tamin'ny tenany hoe: Hofenoiko olona maro toy ny valala tokoa ianao, ary ireny dia hanakora hamely anao, <n>[Na: na dia hofenoiko olona maro toy ny valala aza ianao, dia ireny no]</n>"
mg_24,51,27,0.87,Manangana faneva eny amin'ny tany; Mitsofa anjomara any amin'ny firenena; Manendre* firenena hamely azy; Antsoy ny fanjakan'i Ararata sy Miny ary Askenaza hamely azy; Asio mpifehy hamely azy; Mampiakara soavaly toy ny valala volovoloina**. [*Hebreo: Manamasina] [**Na: mahatsiravina],Manangana faneva eny amin'ny tany; Mitsofa anjomara any amin'ny firenena; Manendre firenena hamely azy; Antsoy ny fanjakan'i Ararata sy Miny ary Askenaza hamely azy; Asio mpifehy hamely azy; Mampiakara soavaly toy ny valala volovoloina. <n>[Heb. Manamasina]</n><n>[Na: mahatsiravina]</n>
mg_24,51,64,0.90,"ka ataovy hoe : Toy izao no hilentehan'i Babylona ka tsy hifongarany intsony noho ny loza hataoko mihatra aminy, ka dia ho reraka izy.","ka ataovy hoe: Toy izao no hilentehan'i Babylona ka tsy hifongarany intsony noho ny loza hataoko mihatra aminy, ka dia ho reraka izy. Hatreto no tenin'i Jeremia."
mg_25,1,21,0.69,"Reny fa misento aho; tsy misy mampionona ahy; Ny fahavaloko rehetra nandre ny fahoriako, ka faly izy, satria Ianao no nanao izany; Hahatonga izay andro nantsoinao Ianao, ka dia ho tonga tahaka ahy koa ireo.","Reny fa misento aho; tsy misy mampionona ahy; Ny fahavaloko rehetra nandre ny fahoriako, ka faly izy, satria Hianao no nanao izany; Hahatonga izay andro nantsoinao Hianao, ka dia ho tonga tahaka ahy koa ireo.Aoka ho tonga eo anatrehanao ny faharatsiany rehetra, ary mba ataovy aminy kosa tahaka izay nataonao tamiko noho ny fahotako rehetra; Fa imbetsaka ny fisentoako, ka reraka ny foko."
mg_25,2,5,0.93,"Ny Tompo dia tonga toy ny fahavalo ka nandevona* ny Isiraely. Eny, nolevoniny** ny lapany rehetra, sady noravany ny fiarovany; Ary nampitomboiny ny fisentoana sy ny fitarainan'i Joda zanakavavy. [*Hebreo: nitelina] [**Hebreo: nateliny]","Ny Tompo dia tonga toy ny fahavalo ka nandevona ny Isiraely. Eny, nolevoniny ny lapany rehetra, sady noravany ny fiarovany; Ary nampitomboiny ny fisentoana sy ny fitarainan'i Joda zanakavavy.<n>[Heb. nitelina]</n><n>[Heb. nateliny]</n>"
mg_25,3,1,0.91,Izaho ilay lehilahy nahita fahoriana tamin'ny tsorakazon'ny fahatezerany.,<n>[ALEFA]</n>Izaho ilay lehilahy nahita fahoriana tamin'ny tsorakazon'ny fahatezerany.
mg_25,3,13,0.90,Nampitsatoka ny zana-tsipïkany* tamin'ny voako Izy. [*Hebreo: zanaky ny tranon-jana-tsipïka],Nampitsatoka ny zana-tsipìkany tamin'ny voako Izy.<n>[Heb. zanaky ny tranon-jana-tsipìka]</n>
mg_25,3,36,0.91,"Ny famadihana ny adin'ny olona, dia samy tsy sitraky* ny Tompo. [*Hebreo: jeren']","Ny famadihana ny adin'ny olona, dia samy tsy sitraky ny Tompo.<n>[Heb. jeren']</n>"
mg_25,3,54,0.91,"Mandifotra ny lohako ny rano, ka dia hoy izaho: Maty* aho ity! [*Hebreo: Voajinja]","Mandifotra ny lohako ny rano, ka dia hoy izaho: Maty aho ity!<n>[Heb. Voajinja]</n>"
mg_25,4,5,0.95,Izay nihinana zava-py dia mahantra eny an-dalambe; Izay notezaina tamin'ny jaky dia mandamaka eny amin'ny zezika*. [*Hebreo: Naziritany],Izay nihinana zava-py dia mahantra eny an-dalambe; Izay notezaina tamin'ny jaky dia mandamaka eny amin'ny zezika.<n>[Heb. Naziritany]</n>
mg_25,4,7,0.93,"Ny lehibeny* dia mangatsakatsaka noho ny fanala, eny, fotsy noho ny ronono; Mena noho ny voahangy** ny tenany; Tahaka ny vato safira ny endriny. [*Hebreo: Naziritany] [**Na: perila]","Ny lehibeny dia mangatsakatsaka noho ny fanala, eny, fotsy noho ny ronono; Mena noho ny voahangy ny tenany; Tahaka ny vato safira ny endriny.<n>[Heb. Naziritany]</n><n>[Na: perila]</n>"
mg_25,4,21,0.64,"Mifalia sy miravoravoa ihany ary, ry Edoma zanakavavy, izay monina any amin'ny tany Oza, ianao koa no horosoana ny kapoaka, ka ho mamo sy hitanjaka ianao.","Mifalia sy miraveravoa ihany ary, ry Edoma zanakavavy, izay monina any amin'ny tany Oza, ianao koa no horosoana ny kapoaka, ka ho mamo sy hitanjaka ianao.Tsy misy intsony ny helokao, ry Ziona zanakavavy, tsy ho entina ho babo intsony ianao; Hamaly anao Izy, ry Edoma zanakavavy, noho ny helokao ka hampiseho ny fahotanao."
mg_26,2,9,0.58,"Ary hitako fa, indro, nisy tanana nahinjitra tamiko, ary, indro, nisy horonan-taratasy eny aminy.","Ary hitako fa, indro, nisy tanana nahinjitra tamiko, ary, indro, nisy horonan-taratasy ny aminy.Dia novelariny teo anatrehako izany, ary nisy soratra teo anatiny sy teo ivoany; ary fitomaniana sy fidradradradrana loza no voasoratra teo."
mg_26,3,14,0.92,"Ary nisy fanahy* nanainga ahy ka nitondra ahy, dia lasa aho sady nirehitra** tamin'ny fahavontosan'ny fanahiko; ary ny tanan'i Jehovah dia nahery tao amiko. [*Na: rivotra] [**Hebreo: mangidy]","Ary nisy fanahy nanainga ahy ka nitondra ahy, dia lasa aho sady nirehitra tamin'ny fahavontosan'ny fanahiko; ary ny tànan'i Jehovah dia nahery tao amiko.<n>[Na: rivotra]</n><n>[Heb. mangidy]</n>"
mg_26,7,5,0.93,"Izao no lazain'i Jehovah Tompo: Injao! avy ny loza, dia loza izay tsy misy toa azy*! [*Hebreo: loza iray]","Izao no lazain'i Jehovah Tompo: Injao! avy ny loza, dia loza izay tsy misy toa azy!<n>[Heb. loza iray]</n>"
mg_26,7,18,0.92,"Hisikina lamba fisaonana* koa izy, ka ho menatra ny tava rehetra. [*Hebreo: lamba malailay]","Hisikina lamba fisaonana koa izy, ka ho menatra ny tava rehetra.<n>[Heb. lamba malailay]</n>"
mg_26,7,25,0.94,"Ho avy ny fandringanana*; ary hitady fiadanana izy, fa tsy hisy. [*Na: fampangovitana]","Ho avy ny fandringanana; ary hitady fiadanana izy, fa tsy hisy.<n>[Na: fampangovitana]</n>"
mg_26,9,10,0.55,"Ary Izaho kosa, dia tsy hiantra ny masoko, sady tsy hamindra fo aho, fa hatsingeriko ho eo an-dohany ny nataony*. [*Hebreo: lalany]","Ary Izaho kosa, dia tsy hiantra ny masoko, sady tsy hamindra fo aho, fa hatsingeriko ho eo an-dohany ny nataony.<n>[Heb. lalany]</n>Ary, indro, ralehilahy, ilay nitafy rongony fotsy sady nisy fitoeran-dranomainty teo am-balahany, dia nitondra teny niverina nanao hoe: Efa vitako izay nandidianao ahy."
mg_26,10,12,0.95,Ary feno maso manodidina ny tenany* rehetra sy ny lamosiny sy ny tanany sy ny elany mbamin'ny kodia; izy efatra dia samy nisy kodia avokoa. [*Hebreo: nofony],Ary feno maso manodidina ny tenany rehetra sy ny lamosiny sy ny tànany sy ny elany mbamin'ny kodia; izy efatra dia samy nisy kodia avokoa.<n>[Heb. nofony]</n>
mg_26,10,13,0.94,Ny amin'ny kodia dia reko nisy niantso azy hoe: Ry kodia*! [*Na: Mikodiadiava!],Ny amin'ny kodia dia reko nisy niantso azy hoe: Ry kodia!<n>[Na: Mikodiadiava!]</n>
mg_26,11,21,0.92,"Fa ny amin'izay manana fo manina ny zava-dratsiny* sy ny fahavetavetany, dia hatsingeriko ho eo an-dohany ihany ny nataony**, hoy Jehovah Tompo. [*Hebreo: manaraka ny fon'ny zava-dratsiny, Hebreo: lalana]","Fa ny amin'izay manana fo manina ny zava-dratsiny sy ny fahavetavetany, dia hatsingeriko ho eo an-dohany ihany ny nataony, hoy Jehovah Tompo.<n>[Heb. manaraka ny fon'ny zava-dratsiny]</n><n>[Heb. lalana]</n>"
mg_26,11,24,0.83,"Dia nisy fanahy* nanainga ahy tamin'ny fahitana, dia tamin'ny Fanahin'Andriamanitra, ka nitondra ahy ho any Kaldea ho any amin'ny babo. Dia niakatra niala tamiko ny fahitana izay efa hitako. [*Na: rivotra]","Dia nisy fanahy nanainga ahy tamin'ny fahitana, dia tamin'ny Fanahin'Andriamanitra, ka nitondra ahy ho any Kaldea ho any amin'ny babo. Dia niakatra niala tamiko ny fahitana izay efa hitako.<n>[Na: rivotra]</n>Ary nolazaiko tamin'ny babo ny teny rehetra izay nasehon'i Jehovah ahy."
mg_26,13,19,0.34,"Ary manamavo Ahy ao amin'ny oloko ianareo noho ny vary hordea eran-tanan'ila sy ny sombi-mofo, mba hahafaty ny fanahy izay tsy tokony ho faty ary hahavelona ny fanahy izay tsy tokony hovelomina, amin'ny andainganareo amin'ny oloko izay mihaino ny lainganareo.","Ary manamavo Ahy ao amin'ny oloko ianareo noho ny vary hordea eran-tànan-ila sy ny sombi-mofo, mba hahafaty ny fanahy izay tsy tokony ho faty ary hahavelona ny fanahy izay tsy tokony hovelomina, amin'ny andainganareo amin'ny oloko izay mihaino ny lainganareo."
mg_26,16,29,0.93,Ary mbola nampandrosoinao ihany ny fijangajanganao hatrany amin'ny tanin'ny mpandranto*. Dia hatrany Kaldea; fa na dia tamin'izany aza dia mbola tsy afa-po ihany ianao. [*Hebreo tany Kanana: izaho Ezekiela 17:4],Ary mbola nampandrosoinao ihany ny fijangajanganao hatrany amin'ny tanin'ny mpandranto. Dia hatrany Kaldea; fa na tia tamin'izany aza dia mbola tsy afa-po ihany ianao. <n>[Heb tany Kanana: izaho xxvv 4]</n>
mg_26,16,43,0.71,"Noho ny tsy nahatsiarovanao ny andro fahakelezanao, fa niempo nanohitra Ahy tamin'ireo rehetra ireo ianao, dia; indro, ny nataonao* ihany no hatsingeriko ho eo an-dohanao, hoy Jehovah Tompo. Ary tsy nanao izany ratsy izany ho fanampin'ny fahavetavetanao rehetra va ianao**? [*Hebreo: lalanao] [**Na: Fa raha tsy izany, dia Izao indray no hanao ratsy miohatra noho ny fahavetavetanao rehetra]","Noho ny tsy nahatsiarovanao ny andro fahakelezanao, fa niempo nanohitra Ahy tamin'ireo rehetra ireo ianao, dia; indro, ny nataonao ihany no hatsingeriko ho eo an-dohanao, hoy Jehovah Tompo. Ary tsy nanao izany ratsy izany ho fanampin'ny fahavetavetanao rehetra va ianao?<n>[Heb. lalanao]</n><n>[Na: Fa raha tsy izany, dia Izao indray no hanao ratsy miohatra noho ny fahavetavetanao rehetra]</n>"
mg_26,17,4,0.92,"ny tendron'ny tarony dia nolaingosany ka nentiny ho any amin'ny tany fandrantoana*; eny, tao an-tanànan'ny mpandranto no namboleny azy. [*Hebreo: Kanana; izahao Ezekiela 26:29]","ny tendron'ny tarony dia nolaingosany ka nentiny ho any amin'ny tany fandrantoana; eny, tao an-tanànan'ny mpandranto no namboleny azy.<n>[Heb. Kanana; izahao xxvi. 29]</n>"
mg_26,19,10,0.94,"Ny reninao dia tahaka ny voalobota voavoly teo amoron-drano Tamin'ny andro niadananao*: Vokatra sady nanaroka izy azon'ny rano be, [*Na: Fony tamin'ny rànao ianao; izahao Ezekiela 16:6; na: Eny, tahaka ny tenanao]","Ny reninao dia tahaka ny voalobota voavoly teo amoron-drano Tamin'ny andro niadananao: Vokatra sady nanaroka izy azon'ny rano be,<n>[Na: Fony tamin'ny rànao ianao; izahao xvi. 6; na: Eny, tahaka ny tenanao]</n>"
mg_26,19,13,0.22,"Ary ankehitriny voavoly any an'efitra, dia ao amin'ny tany maina karankaina izy.","Ary ankehitriny voavoly any an-efitra, dia ao amin'ny tany maina karankaina izy.Ary afo no mivoaka avy amin'ny sampany misy tehina ka mandevona ny voany, dia tsy misy rantsany mafy azo atao tehim-panjakana ho fanapahana intsony izy. Hira fahalahelovana izany sady mbola ho hira fahalahelovana ihany."
mg_26,20,26,0.95,"Dia nandoto azy tamin'ny fanatiny Aho, dia tamin'ny nampandehanany ny voalohan-teraka rehetra hamaky ny afo*, hampahatalanjonako azy, mba hahafantarany fa Izaho no Jehovah. [*Na: dia tamin'ny nanokanany ny voalohan-teraka rehetra; izahao Eksodosy 13:12]","Dia nandoto azy tamin'ny fanatiny Aho, dia tamin'ny nampandehanany ny voalohan-teraka rehetra hamaky ny afo, hampahatalanjonako azy, mba hahafantarany fa Izaho no Jehovah.<n>[Na: dia tamin'ny nanokanany ny voalohan-teraka rehetra; izahao Eks. xiii. 12]</n>"
mg_26,21,24,0.86,"Ianao, ry zanak'olona, manaova lalana roa ho anao hihavian'ny sabatry ny mpanjakan'i Babylona; avy amin'ny tany iray no hihavian'izy roa; ka manaova sarin'ny famantaran-dàlana*, eo an-tsampanan-dàlana mankany amin'ny tanàna no anaovinao azy. [*Hebreo: voatsoaka]","Hianao, ry zanak'olona, manaova lalana roa ho anao hihavian'ny sabatry ny mpanjakan'i Babylona; avy amin'ny tany iray no hihavian'izy roa; ka manaova sarin'ny famantaran-dalana, eo an-tsampanan-dalana mankany amin'ny tanàna no anaovinao azy.<n>[Heb: voatsoaka]</n>"
mg_26,21,26,0.95,"Fa ny mpanjakan'i Babylona mijanona eo amin'ny sampanan-dàlana, dia eo an-dohan'ny lalana roa, mba hanao sikidy; dia manetsiketsika ny zana-tsipïka izy ary manontany amin'ny sampy* sy mizaha amin'ny atin-kena. [*Hebreo: terafima]","Fa ny mpanjakan'i Babylona mijanona eo amin'ny sampanan-dalana, dia eo an-dohan'ny lalana roa, mba hanao sikidy; dia manetsiketsika ny zana-tsipìka izy ary manontany amin'ny sampy sy mizaha amin'ny atin-kena.<n>[Heb. terafima]</n>"
mg_26,21,28,0.93,"Nefa tahaka ny sikidy lainga izany eo imason'ireny izay efa nianiana mafy*, nefa Jehovah** no mampahatsiaro ny helony mba hisamborana azy. [*Na: izay efa nianianana mafy] [**Hebreo: Izy]","Nefa tahaka ny sikidy lainga izany eo imason'ireny izay efa nianiana mafy, nefa Jehovah no mampahatsiaro ny helony mba hisamborana azy.<n>[Na: izay efa nianianana mafy]</n><n>[Heb. Izy]</n>"
mg_26,21,34,0.94,"(Raha mahita zava-poana ho anao izy sy maminany lainga aminao) Handavoany* anao ao amin'ny vozon'ny ratsy fanahy voatrabaka, Izay tapitra andro amin'ny fotoan'ny heloka mahafaty. [*Hebreo: Hametrahana]","(Raha mahita zava-poana ho anao izy sy maminany lainga aminao) Handavoany anao ao amin'ny vozon'ny ratsy fanahy voatrabaka, Izay tapitra andro amin'ny fotoan'ny heloka mahafaty.<n>[Heb. Hametrahana]</n>"
mg_26,22,6,0.93,Indreo ny lehiben'ny Isiraely efa samy ao aminao araka ny heriny* avy mba handatsa-drà. [*Hebreo: sandriny],Indreo ny lehiben'ny Isiraely efa samy ao aminao araka ny heriny avy mba handatsa-drà.<n>[Heb sandriny]</n>
mg_26,22,14,0.95,"Hahatoha va ny fonao, na hahazaka va ny tananao, amin'ny andro izay hisehoako* aminao? Izaho Jehovah no nilaza sady hahatanteraka izany. [*Hebreo: hanaovako]","Hahatoha va ny fonao, na hahazaka va ny tananao, amin'ny andro izay hisehoaka aminao? Izaho Jehovah no nilaza sady hahatanteraka izany.<n>[Heb. hanaovako]</n>"
mg_26,23,42,0.84,"Ary teo aminy nisy ny feon'ny maro izay mipetraka tsy manana ahiahy, ary afa-tsy ny ankabiazam-bahoaka dia nisy mpiboboka nentina avy tany an'efitra; ary nasian'ireo haba teny an-tanan'izy mirahavavy sy satro-boninahitra tsara tarehy teny an-dohany.","Ary teo aminy nisy ny feon'ny maro izay mipetraka tsy manana ahiahy, ary afa-tsy ny ankabiazam-bahoaka dia nisy mpiboboka nentina avy tany an-efitra; ary nasian'ireo haba teny an-tànan'izy mirahavavy sy satro-boninahitra tsara tarehy teny an-dohany."
mg_26,26,6,0.94,Ary ny zana-bohiny* eny an-tanety dia hovonoina amin'ny sabatra; ka dia ho fantatra fa Izaho no Jehovah. [*Hebreo: zananivavy],Ary ny zana-bohiny eny an-tanety dia hovonoina amin'ny sabatra; ka dia ho fantatra fa Izaho no Jehovah.<n>[Heb. zananivavy]</n>
mg_26,26,9,0.94,"Ary hametraka lohondry vy fandravana eo akaikin'ny mandanao izy, sady horavany amin'ny fiadiany* ny tilikambonao. [*Hebreo: sabany]","Ary hametraka lohondry vy fandravana eo akaikin'ny mandanao izy, sady horavany amin'ny fiadiany ny tilikambonao.<n>[Heb. sabany]</n>"
mg_26,26,16,0.56,"Dia hidina hiala amin'ny seza fiandrianany ireo andrianan'ny ranomasina rehetra ka hiala akanjo sy hanaisotra ny fitafiany misoratsoratra; Hovotra no hitafiany, ka hipetraka amin'ny tany izy; ary hangovitra isaky ny indray mipi-maso izy ka ho gaga anao.","Dia hidina hiala amin'ny seza fiandrianany ireo andrianan'ny ranomasina rehetra ka hiala akanjo sy hanaisotra ny fitadiany misoratsoratra; Hovotra no hitafiany, ka hipetraka amin'ny tany izy; ary hangovitra isaky ny indray mipi-maso izy ka ho gaga anao."
mg_26,27,10,0.92,Ny avy any Persia sy ny Lydiana* ary ny Libyana** dia isan'ny miaramila mpiadinao; Nanantona ampinga sy fiarovan-doha teny aminao ireo ka nahatsara tarehy anao. [*Hebreo: Loda] [**Hebreo: Pota],Ny avy any Persia sy ny Lydiana ary ny Libyana dia isan'ny miaramila mpiadinao; Nanantona ampinga sy fiarovan-doha teny aminao ireo ka nahatsara tarehy anao.<n>[Heb. Loda]</n><n>[Heb. Pota]</n>
mg_26,28,25,0.67,"Izao no lazain'i Jehovah Tompo: Raha angoniko avy any amin'ny firenena izay nampielezana azy ny taranak'Isiraely, dia hiseho ho masina eo imason'ny firenena Aho amin'ny ataoko aminy, ka honina any amin'ny taniny izay nomeko an'i Jakoba mpanompoko izy.","Izao no lazain'i Jehovah Tompo: Raha angoniko avy any amin'ny firenena izay nampielezana azy ny taranak'Isiraely, dia hiseho ho masina eo imason'ny firenena Aho amin'ny ataoko aminy, ka honina any aminy taniny izay nomeko an'i Jakoba mpanompoko izy.Dia handry fahizay any izy ka hanorina trano sy hanao tanim-boaloboka; eny, handry fahizay izy amin'ny anatanterahako ny fitsarana ireo rehetra manodidina azy izay manao tsinontsinona azy; ka dia ho fantatra fa Izaho no Jehovah Andriamaniny."
mg_26,29,12,0.94,"Ary hataoko tany rava dia rava* ny tany Egypta, ary ho lao dia ho lao** efa-polo taona ny tanànany; Eny, haeliko ho any amin'ny firenena samy hafa ny Egyptiana, ary hahahako any amin'ny tany samy hafa. [**Hebreo: rava ao amin'ny tany rava] [**Hebreo: lao amin'ny tanàna lao]","Ary hataoko tany rava dia rava ny tany Egypta, ary ho lao dia ho lao efa-polo taona ny tanànany; Eny, haeliko ho any amin'ny firenena samy hafa ny Egyptiana, ary hahahako any amin'ny tany samy hafa.<n>[Heb. rava ao amin'ny tany rava]</n><n>[Heb. lao amin'ny tanàna lao]</n>"
mg_26,30,5,0.91,Etiopia sy Libya* sy Lydia** sy ny olona samy hafa firenena rehetra sy ny Kobiana sy ny zanaky ny tany vita fanekena dia hiaraka ho lavon-tsabatra aminy. [*Hebreo: Pota] [**Hebreo: Loda],Etiopia sy Libya sy Lydia sy ny olona samy hafa firenena rehetra sy ny Kobiana sy ny zanaky ny tany vita fanekena dia hiaraka ho lavon-tsabatra aminy.<n>[Heb. Pota]</n><n>[Heb. Loda]</n>
mg_26,30,7,0.88,"Ho rava dia ho rava* izy, ary ny tanànany ho lao dia ho lao**. [*Hebreo: rava ao amin'ny tany rava] [**Hebreo: lao ao amin'ny tanàna lao]","Ho rava dia ho rava izy, ary ny tanànany ho lao dia ho lao.<n>[Heb. rava ao amin'ny tany rava]</n><n>[Heb. lao ao amin'ny tanàna lao]</n>"
mg_26,30,13,0.94,"Izao no lazain'i Jehovah Tompo: Horavako koa ny sampy, ary hatsahatro ny andriamani-tsy izy ao Memfisa*; ary tsy hisy mpanjaka intsony amin'ny tany Egypta; [*Hebreo: Nofa]","Izao no lazain'i Jehovah Tompo: Horavako koa ny sampy, ary hatsahatro ny andriamani-tsi-izy ao Memfisa; ary tsy hisy mpanjaka intsony amin'ny tany Egypta;<n>[Heb. Nofa]</n>"
mg_26,31,16,0.86,"Tamin'ny fiezinezin'ny fianjerany dia nampihorohoroiko ny firenena, raha nampidiniko ho any amin'ny fiainan-tsy hita* izy, ho naman'izay midina any an-davaka; Ary ny hazo rehetra any Edena, dia ny nojobonina sady soa indrindra any Libanona, dia izay mifo-drano rehetra, samy nampionona ny tenany any ambanin'ny tany, [*Hebreo: sheola]","Tamin'ny fiezinezin'ny fianjerany dia nampihorohoroiko ny firenena, raha nampidiniko ho any amin'ny fiainan-tsi-hita izy, ho naman'izay midina any an-davaka; Ary ny hazo rehetra any Edena, dia ny nojobonina sady soa indrindra any Libanona, dia izay mifo-drano rehetra, samy nampionona ny tenany any ambanin'ny tany,<n>[Heb. sheola]</n>"
mg_26,31,17,0.55,"Ireo koa dia niara-nidina taminy ho any amin'ny fiainan-tsy hita*, ho any amin'izay voatrabaky ny sabatra, mbamin'ireo izay efa sandriny teo, ka nipetraka teo ambanin'ny alokalony teo amin'ny firenena. [*Hebreo: sheola]","Ireo koa dia niara-nidina taminy ho any amin'ny fiainan-tsi-hita, ho any amin'izay voatrabaky ny sabatra, mbamin'ireo izay efa sandriny teo, ka nipetraka teo ambanin'ny alokalony teo amin'ny firenena.<n>[Heb. sheola]</n>Tahaka an'iza amin'ny hazo any Edena moa ianao amin'izao voninahitra sy fahalehibiazana izao? Hampidinina ho any ambanin'ny tany miaraka amin'ny hazo any Edena ianao; Eo amin'ny tsy voafora no hiamparanao, dia eo amin'izay voa-trabaky ny sabatra. Farao sy ny vahoakany maro be rehetra izany, hoy Jehovah Tompo."
mg_26,32,5,0.93,"Haeliko eny an-tendrombohitra ny nofonao, ary hofenoiko ny tenabenao* ny lohasaha. [*Hebreo: hahavonao]","Haeliko eny an-tendrombohitra ny nofonao, ary hofenoiko ny tenabenao ny lohasaha.<n>[Heb. hahavonao]</n>"
mg_26,32,14,0.95,"Dia hahenako* ny ranony, ary hampandehaniko toy ny diloilo ny oniny, hoy Jehovah Tompo, [*Na: hampandriko hadio]","Dia hahenako ny ranony, ary hampandehaniko toy ny diloilo ny oniny, hoy Jehovah Tompo,<n>[Na. hampandriko hadio]</n>"
mg_26,32,19,0.93,"Mihoatra noho ny an'iza moa ny hatsaran-tarehinao? Midina, ka miampara* amin'izay tsy voafora. [*Hebreo: mandria]","Mihoatra noho ny an'iza moa ny hatsaran-tarehinao? Midina, ka miampara amin'izay tsy voafora.<n>[Heb. mandria]</n>"
mg_26,32,27,0.94,"Ary tsy hiara-miampatra* amin'ny lehilahy mahery izay lavo isan'ny tsy voafora izy, dia ireo tafidina any amin'ny fiainan-tsy hita** ka mitondra ny fiadiany, sady voapetraka eo ambanin'ny lohany ny sabany. Ary ao amin'ny taolany ny helony, satria nampahatahotra ny mahery tany amin'ny tanin'ny velona izy. [*Hebreo: mandry] [**Hebreo: Sheola]","Ary tsy hiara-miampatra amin'ny lehilahy mahery izay lavo isan'ny tsy voafora izy, dia ireo tafidina any amin'ny fiainan-tsi-hita ka mitondra ny fiadiany, sady voapetraka eo ambanin'ny lohany ny sabany. Ary ao amin'ny taolany ny helony, satria nampahatahotra ny mahery tany amin'ny tanin'ny velona izy.<n>[Heb. mandry]</n><n>[Heb. Sheola]</n>"
mg_26,32,28,0.94,"Eny, ianao dia haripaka ao amin'ny tsy voafora ka hiara-miampatra* amin'ny voatrabaky ny sabatra. [*Hebreo: mandry]","Eny, ianao dia haripaka ao amin'ny tsy voafora ka hiara-miampatra amin'ny voatrabaky ny sabatra.<n>[Heb. mandry]</n>"
mg_26,32,31,0.43,"Ireny dia ho hitan'i Farao, ka dia hionona izy ny amin'ny vahoakany maro be. Voatrabaky ny sabatra i Farao mbamin'ny miaramilany rehetra, hoy Jeehovah Tompo.","Ireny dia ho hitan'i Farao, ka dia hionona izy ny amin'ny vahoakany maro be. Voatrabaky ny sabatra parao mbamin'ny miaramilany rehetra, hoy Jehovah Tompo.Fa efa nahatonga ny fahatahorana azy tany amin'ny tanin'ny velona Aho; Ary Farao dia halevina ao amin'ny tsy voafora, miaraka amin'ireo voatrabaky ny sabatra, dia Farao mbamin'ny vahoakany maro be rehetra, hoy Jehovah Tompo.<n>[Na. Ahy]</n><n>[Heb. hampandrina]</n>"
mg_26,32,32,0.93,"Fa efa nahatonga ny fahatahorana azy* tany amin'ny tanin'ny velona Aho; Ary Farao dia halevina** ao amin'ny tsy voafora, Miaraka amin'ireo voatrabaky ny sabatra, dia Farao mbamin'ny vahoakany maro be rehetra, hoy Jehovah Tompo. [*Na: Ahy] [**Hebreo: hampandrian]","Fa efa nahatonga ny fahatahorana azy tany amin'ny tanin'ny velona Aho; Ary Farao dia halevina ao amin'ny tsy voafora, miaraka amin'ireo voatrabaky ny sabatra, dia Farao mbamin'ny vahoakany maro be rehetra, hoy Jehovah Tompo.<n>[Na. Ahy]</n><n>[Heb. hampandrina]</n>"
mg_26,33,3,0.94,"ary hitan-dralehilahy fa, indro, avy ny sabatra, ka mitsoka ny anjomara hampitaitra* ny olona izy, [*Hebreo: hananatra]","ary hitan-dralehilahy fa, indro, avy ny sabatra, ka mitsoka ny anjomara hampitaitra ny olona izy,<n>[Heb. hananatra]</n>"
mg_26,33,17,0.94,"Kanefa, hoy ny zanaky ny firenenao: Tsy marina ny fitondran*'ny Tompo; nefa ny fitondran*'ny tenany no tsy marina. [*Hebreo: lalan']","Kanefa, hoy ny zanaky ny firenenao: Tsy marina ny fitondran'ny Tompo; nefa ny fitondran'ny tenany no tsy marina.<n>[Heb. lalan']</n>"
mg_26,33,20,0.95,"Kanefa, hoy ianareo: Tsy marina ny fitondran*'ny Tompo. He! ry taranak'Isiraely, samy hotsaraiko araka ny alehany avy ianareo. [*Hebreo: lalan']","Kanefa, hoy ianareo: Tsy marina ny fitondran'ny Tompo. He! ry taranak'Isiraely, samy hotsaraiko araka ny alehany avy ianareo.<n>[Heb. lalan']</n>"
mg_26,33,32,0.74,"Koa, indro, ianao dia ataony ho tahaka ny mpanao hira mahafinaritra*, izay tsara feo sady mahay mitendry; fa mandre ny teninao izy, nefa tsy mety mankatò azy. [*Na: kalokalo]","Koa, indro, ianao dia ataony ho tahaka ny mpanao hira mahafinaritra, izay tsara feo sady mahay mitendry; fa mandre ny teninao izy, nefa tsy mety mankatò azy.<n>[Na: kalokalo]</n>Ary nony tanteraka izany (indro, efa ho tanteraka ihany), dia ho fantany fa efa nisy mpaminany tokoa tao aminy."
mg_26,36,12,0.92,"Eny, hampivoivoy olona eny aminareo Aho, dia ny Isiraely oloko; Dia hanana anareo* izy ka hahalasa anareo* ho lovany, ary tsy hahalany fara azy intsony ianareo**. [*Hebreo: anao] [**Hebreo: ianao]","Eny, hampivoivoy olona eny aminareo Aho, dia ny Isiraely oloko; Dia hanana anareo izy ka hahalasa anareo ho lovany, ary tsy hahalany fara azy intsony ianareo.<n>[Heb. anao]</n><n>[Heb. ianao]</n>"
mg_26,36,19,0.95,Ary naeliko ho any amin'ny firenena izy ka nahahaka ho any amin'ny tany samy hafa; araka ny fanaony* sy ny asany no nitsarako azy. [*Hebreo: lalany],Ary naeliko ho any amin'ny firenena izy ka nahahaka ho any amin'ny tany samy hafa; araka ny fanaony sy ny asany no nitsarako azy.<n>[Heb. lalany]</n>
mg_26,38,5,0.94,"miaraka aminy ny Persiana sy ny Etiopiana ary ny Libyana*, samy mitondra ampinga lehibe sy fiarovan-doha avokoa, [*Hebreo: Pota]","miaraka aminy ny Persiana sy ny Etiopiana ary ny Libyana, samy mitondra ampinga lehibe sy fiarovan-doha avokoa,<n>[Heb. Pota]</n>"
mg_26,38,8,0.92,"Rehefa afaka andro maro, dia hotadiavina ianao, raha mby any am-parany, dia ho tonga any amin'ny tany izay novonjena ka afaka tamin'ny sabatra ianao, dia tany novorina avy tany amin'ny firenena maro, any an-tendrombohitry ny Isiraely, izay efa lao hatry ny ela; fa efa navoaka avy tany amin'ny firenena izy, ka dia mandry fahizay izy rehetra.","Rehefa afaka andro maro, dia hotadiavina ianao, raha mby any am-parany, dia ho tonga any amin'ny tany izay novonjena ka afaka tamin'ny sabatra ianao, dia tany novorina avy tany amin'ny firenena maro, any an-tendrombohitry ny Isirady, izay efa lao hatry ny ela; fa efa navoaka avy tany amin'ny firenena izy, ka dia mandry fahizay izy rehetra."
mg_26,38,22,0.70,"Ary hamaly azy* amin'ny areti-mandringana sy ny rà sy ny ranon'orana manafotra ary ny havandra vaventy Aho; ary koa, handatsaka afo sy solifara aminy sy amin'ny miaramilany mbamin'ny firenena maro izay miaraka aminy Aho. [*Hebreo: hifandahatra aminy]","Ary hamaly azy amin'ny areti-mandringana sy ny rà sy ny ranon'orana manafotra ary ny havandra vaventy Aho; ary koa, handatsaka afo sy solifara aminy sy amin'ny miaramilany mbamin'ny firenena maro izay miaraka aminy Aho.<n>[Heb. hifandahatra aminy]</n>Ka dia hasehoko ny fihalehibiazako sy ny fahamasinako; ary ho fantatra eo imason'ny firenena maro Aho: ka dia ho fantany fa Izaho no Jehovah."
mg_26,39,16,0.95,Ary hisy tanàna koa hatao hoe Hamona*. Toy izany no hanadiovany ny tany. [*Hamona = Olona maro be],Ary hisy tanàna koa hatao hoe Hamona. Toy izany no hanadiovany ny tany.<n>[Hamona = Olona maro be]</n>
mg_26,40,43,0.95,"Ary nisy fihantonana roa rantsana*, vodivoam-pelatanana ny halavany**, naorina manodidina eny amin'ny rindrina; ary natao teo ambonin'ny latabatra ny hena fanatitra. [*Na: nisy filirany] [**Na: ny habeny]","Ary nisy fihantonana roa rantsana, vodivoam-pelatanana ny halavany, naorina manodidina eny amin'ny rindrina; ary natao teo ambonin'ny latabatra ny hena fanatitra.<n>[Na: nisy filirany]</n><n>[Na: ny habeny]</n>"
mg_26,41,25,0.65,"Ary nisy sarin'ny kerobima sy ny hazo rofia* natao teo amin'ny varavaran'ny ati-trano lehibe tahaka izay natao teo amin'ny rindrina ihany; ary nisy tokonana** hazo teo anoloan'ny lavarangana fidirana, dia teo ivelany. [*palma] [**Na: tatao]","Ary nisy sarin'ny kerobima sy ny hazo rofia natao teo amin'ny varavaran'ny ati-trano lehibe tahaka izay natao teo amin'ny rindrina ihany; ary nisy tokonana hazo teo anoloan'ny lavarangana fidirana, dia teo ivelany.<n>[palma]</n><n>[Na: tatao]</n>Ary nisy varavarankely makarakara tsy mivoha sy sarin'ny hazo rofia teo an-daniny roa, dia teo anilan'ny lavarangana fidirana sy teo amin'ny efi-trano momba ny trano ary teo amin'ny tokonana.<n>[palma]</n><n>[Na: tatao]</n>"
mg_26,43,8,0.91,"tamin'ny nametrahany ny tokonam-baravaran'ireny teo anilan'ny tokonam-baravarako sy ny tolanan'ireny teo anilan'ny tolanako, rindrina ihany no teo anelanelako sy ireny, dia nolotoiny tamin'ny fahavetavetana nataony ny anarako masina; ka dia nahalany ringana azy tamin'ny fahatezerako Aho.","tamin'ny nametrahany ny tokonam-baravaran'ireny teo anilan'ny tokonam-baravarako sy ny tolan'ireny teo anilan'ny tolako, rindrina ihany no teo anelanelako sy ireny, dia nolotoiny tamin'ny fahavetavetana nataony ny anarako masina; ka dia nahalany ringana azy tamin'ny fahatezerako Aho."
mg_26,43,15,0.94,"Ary ny fanambonin'ny alitara* dia ho efatra hakiho, ary eo ambonin'ny fatana** dia hisy tandroka efatra. [*Hebreo: Harela = tendrombohitr'Andriamanitra] [**Hebreo: Ariela = fatan'Andriamanitra, na lion'Andriamanitra, ka tokony ho anaran'ny momba ny fanambonin'ny alitara ireo]","Ary ny fanambonin'ny alitara dia ho efatra hakiho, ary eo ambonin'ny fatana dia hisy tandroka efatra.<n>[Heb. Harela = tendrombohitr'Andriamanitra]</n><n>[Heb. Ariela = fatan'Andriamanitra, na lion'Andriamanitra, ka tokony ho anaran'ny momba ny fanambonin'ny alitara ireo]</n>"
mg_26,43,20,0.95,Dia hangalanao ny ràny ka hatentinao amin'ny tandrony efatra sy amin'ny zorony efatra amin'ny rindriny ary amin'ny koronosiny manodidina; izany no hanadiovanao* azy sy hanaovanao fanavotana ho azy. [*Ny dikan'ny teny Hebreo amin'ireo dia manafaka ota azy; Levitikosy 8:15],Dia hangalanao ny ràny ka hatentinao amin'ny tandrony efatra sy amin'ny zorony efatra amin'ny rindriny ary amin'ny koronosiny manodidina; izany no hanadiovanao azy sy hanaovanao fanavotana ho azy.<n>[Ny dikan'ny teny Hebreo amin'ireo dia manafaka ota azy; Lev. viii. 15]</n>
mg_26,43,22,0.81,Ary amin'ny andro faharoa no hanateranao osilahy tsy misy kilema hatao fanatitra noho ny ota; ary hodioviny* ny alitara tahaka ny nanadiovany* azy tamin'ny vantotr'ombilahy. [*Ny dikan'ny teny Hebreo amin'ireo dia manafaka ota azy; Levitikosy 8:15],Ary amin'ny andro faharoa no hanateranao osilahy tsy misy kilema hatao fanatitra noho ny ota; ary hodioviny ny alitara tahaka ny nanadiovany azy tamin'ny vantotr'ombilahy.<n>[Ny dikan'ny teny Hebreo amin'ireo dia manafaka ota azy; Lev. viii. 15]</n>
mg_26,43,23,0.94,"Ary rehefa vita ny anadiovanao* azy, dia hanatitra vantotr'ombilahy tsy misy kilema sy ondrilahy tsy misy kilema ianao. [*Ny dikan'ny teny Hebreo amin'ireo dia manafaka ota azy; Levitikosy 8:15]","Ary rehefa vita ny anadiovanao azy, dia hanatitra vantotr'ombilahy tsy misy kilema sy ondrilahy tsy misy kilema ianao.<n>[Ny dikan'ny teny Hebreo amin'ireo dia manafaka ota azy; Lev. viii. 15]</n>"
mg_26,43,26,0.42,Hafitoana no hanaovany fanavotana ho an'ny alitara sy hanadiovany azy ary hanokanany* azy. [*Hebreo: hamenoana ny tanany],"Hafitoana no hanaovany fanavotana ho an'ny alitara sy hanadiovany azy ary hanokanany azy.<n>[Heb. hamenoana ny tànany]</n>Ary rehefa tapitra izany andro izany, dia hiantomboka amin'ny andro fahavalo ny hanateran'ny mpisorona ny fanatitra doranareo ao amin'ny alitara sy ny fanati-pihavananareo; ary dia hankasitrahako ianareo, hoy Jehovah Tompo."
mg_27,2,21,0.95,Ary Izy no mandahatra* ny andro sy ny fotoana; Izy no manaisotra mpanjaka sy manangana mpanjaka; Izy no manome fahendrena ho an'ny hendry sy fahalalana ho an'izay mazava saina. [* [*Aramiana: manova],Ary Izy no mandahatra ny andro sy ny fotoana; Izy no manaisotra mpanjaka sy manangana mpanjaka; Izy no manome fahendrena ho an'ny hendry sy fahalalana ho an'izay mazava saina.<n>[Ar. manova]</n>
mg_27,3,8,0.90,Ary tamin'izay dia nisy Kaldeana sasany nanatona ka niampanga* ny Jiosy. [* [*Aramiana: nihinana ny nofon'],Ary tamin'izay dia nisy Kaldeana sasany nanatona ka niampanga ny Jiosy.<n>[Ar. nihinana ny nofon']</n>
mg_27,3,22,0.94,"ary satria mafy ny tenin'ny mpanjaka, ka natao mahamay indrindra ny lafaoro, dia matin'ny lelafo ireny lehilahy izay nanipy* an'i Sadraka sy Mesaka sy Abednego. [* [*Aramiana: nampiakatra]","ary satria mafy ny tenin'ny mpanjaka, ka natao mahamay indrindra ny lafaoro, dia matin'ny lelafo ireny lehilahy izay nanipy an'i Sadraka sy Mesaka sy Abednego.<n>[Ar. nampiakatra]</n>"
mg_27,4,1,0.89,Izaho Nebokadnezara niadana tao an-tranoko ary faly finaritra* tao an-dapako. [* [*Aramiana: maitso],Izaho Nebokadnezara niadana tao an-tranoko ary faly finaritra tao an-dapako.<n>[Ar. maitso]</n>
mg_27,4,24,0.89,"Koa aoka hankasitrahanao ny anatro, ry mpanjaka, ka dia ny fahamarinana no ento mampitsahatra* ny fahotanao, ary ny fiantrana ny mahantra no ento mampitsahatra* ny helokao, fandrao mba hampaharetina ahay ny fiadananao. [* [*Aramiana: anapaho]","Koa aoka hankasitrahanao ny anatro, ry mpanjaka, ka dia ny fahamarinana no ento mampitsahatra ny fahotanao,ary ny fiantrana ny mahantra no ento mampitsahatra ny helokao, fandrao mba hampaharetina ahay ny fiadananao.<n>[Ar. anapaho]</n>"
mg_27,5,16,0.76,"ary efa reko ny aminao, fa ianao no mahalaza hevitra sy mahay mampiseho hevitra miafina; koa raha mahavaky ny soratra sy mampahafantatra ahy ny heviny ianao, dia hampiakanjoina volomparasy, sy hasiana rojo volamena ny vozonao, ary ho isan'ny mpanapaka telo lahy amin'ny fanjakana ianao.","ary efa reko ny aminao, fa ianao no mahalaza hevitra sy mahay mampiseho hevitra miafina; koa raha mahavaky ny soratra sy mampahafantatra ahy ny heviny ianao, dia hampiakanjoina volomparasy, sy hasiana rofo volamena ny vozonao, ary ho isan'ny mpanapaka telo lahy amin'ny fanjakana ianao."
mg_27,5,25,0.95,"Ary ny teny voasoratra dia izao: Mene, Mene, Tekela, Oparesina*. [*Oparesina = sy Paresina]","Ary ny teny voasoratra dia izao: Mene, Mene, Tekela, Oparesina.<n>[Oparesina = sy Paresina]</n>"
mg_27,7,1,0.77,"Tamin'ny taona voalohany nanjakan'i Belsazara, mpanjakan'i Babylona, dia nanonofy Daniela sady nahita fahitana* tao am-pandriany, ary nosoratany ny nofy, ka nambarany ny fotopototry ny teny. [* [*Aramiana: fahitan'ny lohany]","Fahitana niseho tamin'i Daniela ny amin'ny fanjakana efatra lehibe, sy ny hitsaran'Andriamanitra ireo.Tamin'ny taona voalohany nanjakan'i Belsazara, mpanjakan'i Babylona, dia nanonofy Daniela sady nahita fahitana tao am-pandriany, ary nosoratany ny nofy, ka nambarany ny fotopototry ny teny.<n>[Ar. fahitan'ny lohany]</n>"
mg_27,8,14,0.90,"Ary hoy izy tamiko: Telon-jato sy roa arivo andro*; ary nony afaka izany, dia amin'izay vao hodiovina** ny fitoerana masina. [*Hebreo: hariva sy maraina] [**Hebreo: ho marina]","Ary hoy izy tamiko: Taon-jato sy roa arivo andro; ary nony afaka izany, dia amin'izay vao hodiovina ny fitoerana masina. <n>[Heb. hariva sy maraina]</n><n>[Heb. ho marina]</n>"
mg_27,9,26,0.63,"Ary rehefa afaka ny roa amby enim-polo herinandro, dia hovonoina ny Mesia* ka tsy hanana; ary ny vahoaky ny mpanjaka izay ho avy dia handrava ny tanana sy ny fitoerana masina; ary ny farany dia hisy safotra, ary hatramin'ny farany dia hisy ady sy fandravana voatendry. [*Na: ilay voahosotra]","Ary rehefa afaka ny roa amby enim-polo herinandro, dia hovonoina ny Mesia ka tsy hanana; ary ny vahoaky ny mpanjaka izay ho avy dia handrava ny tanana sy ny fitoerana masina; ary ny farany dia hisy safotra, ary hatramin'ny farany dia hisy ady sy fandravana voatendry.<n>[Na: ilay voahosotra]</n>Ary hanorina fanekena ho herinandro amin'ny maro izy ary hampitsahatra ny fanatitra alatsa-drà sy ny fanatitra hafa hatramin'ny antsasaky ny herinandro, ary amin'ny elatry ny fahavetavetana no nihavian'ny mpandrava, hatramin'ny fahafonganana voatendry, izay haidina amin'ny mpandrava. <n>[Na: eo an-tampon']</n><n>[Na: ny efa lao]</n>"
mg_28,1,6,0.95,"Ary nanan'anaka indray ravehivavy ka nitera-bavy. Dia hoy Jehovah taminy: Ataovy Lô-rohama* no anarany; fa tsy hamindra fo amin'ny taranak'Isiraely intsony Aho, eny, tsy havelako mihitsy ny helony**. [*Lô-rohama = Tsy namindrana fo] [**Na: hofoanako avokoa ny ananany]","Ary nanan'anaka indray ravehivavy ka nitera-bavy. Dia hoy Jehovah taminy: Ataovy Lò-rohama no anarany; fa tsy hamindra fo amin'ny taranak'Isiraely intsony Aho, eny, tsy havelako mihitsy ny helony.<n>[Lò-rohama = Tsy namindrana fo]</n><n>[Na: hofoanako avokoa ny ananany]</n>"
mg_28,1,8,0.49,"Ary rehefa notazana Lô-rohama, dia nanan'anaka indray reniny ka nitera-dahy.","Ary rehefa notazana Lò-rohama, dia nanan'anaka indray reniny ka nitera-dahy.Dia hoy Jehovah: Ataovy Lò-amy no anarany; fa ianareo tsy oloko, ary Izaho tsy ho Andriamanitrareo.<n>[Lò-amy = Tsy oloko]</n><n>[Heb. tsy ho anareo]</n>"
mg_28,1,9,0.89,"Dia hoy Jehovah: Ataovy Lô-amy* no anarany; fa ianareo tsy oloko, ary Izaho tsy ho Andriamanitrareo**. [*Lô-amy = Tsy oloko] [**Hebreo: tsy ho anareo]","Dia hoy Jehovah: Ataovy Lò-amy no anarany; fa ianareo tsy oloko, ary Izaho tsy ho Andriamanitrareo.<n>[Lò-amy = Tsy oloko]</n><n>[Heb. tsy ho anareo]</n>"
mg_28,2,3,0.92,"Manaova amin'ny rahalahinareo hoe: Amy*, ary amin'ny anabavinareo hoe: Rohama**. [*Amy = Oloko] [**Rohama = Namindrana fo]","Manaova amin'ny rahalahinareo hoe: Amy, ary amin'ny anabavinareo hoe: Rohama. <n>[Amy = Oloko]</n><n>[Rohama = Namindrana fo]</n>"
mg_28,2,25,0.92,Dia hafafiko ho Ahy amin'ny tany izy; Ary hamindra fo amin'i Lô-rohama* Aho sady hanao amin'i Lô-amy hoe: Oloko ianao; Ary izy kosa hanao hoe: Andriamanitro Ianao. [*Izahao Hosea 1:6],Dia hafafiko ho Ahy amin'ny tany izy; Ary hamindra fo amin'i Lò-rohama Aho sady hanao amin'i Lò-amy hoe: Oloko ianao; Ary izy kosa hanao hoe: Andriamanitro Hianao.<n>[Izahao i. 6]</n>
mg_28,4,18,0.74,"Efa lefy ny divainy; Mahery mijangajanga izy*; Fatra-pitia henatra ireo mpanapaka azy**. [*Na: Rehefa mitsahatra ny fibobohany, dia mahery mijangajanga izy] [**Hebreo: ampingany]","Efa lefy ny divainy; Mahery mijangajanga izy; Fatra-pitia henatra ireo mpanapaka azy. <n>[Na: Rehefa mitsahatra ny fibobohany, dia mahery mijangajanga izy]</n><n>[Heb. ampingany]</n>Voapaoky ny elatry ny rivotra izy ka ho menatra noho ny zavatra novonoiny hatao fanatitra."
mg_28,5,2,0.95,Ny mpivadika dia fatra-pamono*; Fa Izaho kosa famaizana azy rehetra. [*Na: fatra-panao ratsy],Ny mpivadika dia fatra-pamono; Fa Izaho kosa famaizana azy rehetra.<n>[Na: fatra-panao ratsy]</n>
mg_28,8,5,0.89,"Maharikoriko* ilay ombilahy kelinao, ry Samaria; Mirehitra aminareo** ny fahatezerako; Mandra-pahoviana no tsy ho tohanareo*** ny fahadiovana? [*Na: Ataony ho zava-maharikoriko] [**Hebreo: aminy] [***Hebreo: tohany]","Maharikoriko ilay ombilahy kelinao, ry Samaria; Mirehitra aminareo ny fahatezerako; Mandra-pahoviana no tsy ho tohanareo ny fahadiovana?<n>[Na: Ataony ho zava-maharikoriko]</n><n>[Heb. aminy]</n><n>[Heb. tohany]</n>"
mg_28,8,9,0.94,Fa niakatra ho any Asyria izy Toy ny borikidia mandeha irery; Efraima dia nanangy ireo lehilahiny* [*Hebreo: fitiavany],Fa niakatra ho any Asyria izy Toy ny borikidia mandeha irery; Efraima dia nanangy ireo lehilahiny <n>[Heb. fitiavany]</n>
mg_28,9,14,0.94,"Jehovah o, omeo azy — inona no homenao azy? Omeo azy ny kibo tsy mahazo zaza* sy ny nono ritra. [*Na: momba]","Jehovah ô, omeo azy - inona no homenao azy? Omeo azy ny kibo tsy mahazo zaza sy ny nono ritra.<n>[Na: momba]</n>"
mg_28,10,14,0.58,"Dia hisy tabataba hamelezana ny olonareo*, ka horavana ny tanànareo* mimanda rehetra, toy ny nandravan'i Salamana an'i Bet-arbela tamin'ny andro niadiana, ka torotoro avokoa ny reniny mbamin'ny zanany. [*Hebreo: alehanareo, maherinao, ianao, olonao, tanànanao]","Dia hisy tabataba hamelezana ny olonareo, ka horavana ny tanànareo mimanda rehetra, toy ny nandravan'i Salamana an'i Bet-arbela tamin'ny andro niadiana, ka torotoro avokoa ny reniny mbamin'ny zanany.<n>[Heb. alehanareo, maherinao, ianao, olonao, tanànanao]</n>Toy izany no hataon'i Betela aminareo, noho ny haben'ny faharatsianareo; Raha maraina ny andro, dia ho levona mihitsy ny mpanjakan'ny Isiraely.<n>[Na: Toy izany no hatao aminareo, ry Betela]</n>"
mg_28,12,8,0.93,"Kanana* eny an-tanany misy mizana miangatra, ny manambaka no tiany. [*Na: Mpandranto izy]","Kanana eny an-tànany misy mizana miangatra, ny manambaka no tiany.<n>[Na: Mpandranto izy]</n>"
mg_28,13,14,0.61,"Havotako tsy ho azon'ny herin'ny fiainan-tsy hita* izy; Hovonjeko ho afaka amin'ny fahafatesana Izy; Ry fahafatesana o, aiza ny aretina fandripahanao? Ry fiainan-tsy hita o, aiza ny fandringananao? Afenina tsy ho hitan'ny masoko ny nenina. [*Hebreo: Sheola]","Havotako tsy ho azon'ny herin'ny fiainan-tsi-hita izy; Hovonjeko ho afaka amin'ny fahafatesana Izy; Ry fahafatesana ô, aiza ny aretina fandripahanao? Ry fiainan-tsi-hita ô, aiza ny fandringananao? Afenina tsy ho hitan'ny masoko ny nenina.<n>[Heb. Sheola]</n>Fa Efraima dia hahavokatra eo amin'ny rahalahy; Nefa ho avy ny rivotra avy any atsinanana, dia ny rivotr'i Jehovah miakatra avy any an-efitra, ka dia ho ritra ny loharanony, ary ho tankina ny fantsakany; Hobaboina ny rakitra, dia ny fanaka tsara rehetra."
mg_28,14,3,0.93,"Mitondrà teny ianareo, eny, miverena amin'i Jehovah, ka manaova aminy hoe: Mamelà ny heloka rehetra, ary raiso izay tsara, ka dia haterinay* ho fanatitra** ny molotray. [*Hebreo: haloanay] [**Hebreo: vantotr'ombilahy]","Mitondrà teny ianareo, eny, miverena amin'i Jehovah, ka manaova aminy hoe: Mamelà ny heloka rehetra, ary raiso izay tsara, ka dia haterinay ho fanatitra ny molotray.<n>[Heb. haloanay]</n><n>[Heb. vantotr'ombilahy]</n>"
mg_28,14,9,0.63,"Ry Efraima o, hataoko* inona intsony izay sampy? Izaho dia efa nihaino ka nitsinjo anao**; Tahaka ny hazo kypreso maitso Aho, avy amiko no hahazoana ny vokatrao. [*Na: Efraima hanao hoe: Hataoko] [**Hebreo: azy]","Ry Efraima ô, hataoko inona intsony izay sampy? Izaho dia efa nihaino ka nitsinjo anao; Tahaka ny hazo kypreso maitso Aho, avy amiko no hahazoana ny vokatrao.<n>[Na: Efraima hanao hoe: Hataoko]</n><n>[Heb. azy]</n>Iza no hendry mba hahafantatra izany zavatra izany? Na manan-tsaina mba hahalala izany? Fa mahitsy ny lalan'i Jehovah, ary ny marina no mizotra eny aminy; Fa ny mpanota kosa dia tafintohina eny aminy."
mg_29,1,4,0.88,Izay sisan'ny kijeja* dia nohanin'ny koraika; Ary izay sisan'ny koraika dia nohanin'ny valalavao*: Ary izay sisan'ny valalavao dia nohanin'ny sompanga***. [*Hebreo: mpikiky] [**Hebreo: mpilelaka] [***Hebreo: mpandany],Izay sisan'ny kijeja dia nohanin'ny koraika; Ary izay sisan'ny koraika dia nohanin'ny valalavao: Ary izay sisan'ny valalavao dia nohanin'ny sompanga. <n>[Heb. mpikiky]</n><n>[Heb. mpilelaka]</n> <n>[Heb. mpandany]</n>
mg_29,1,8,0.94,Midradradradrà toy ny virijina misikindamba fisaonana* noho ny amin'ny vadin'ny fahatanorany. [*Hebreo: lamba malailay],Midradradradrà toy ny virijina misikindamba fisaonana noho ny amin'ny vadin'ny fahatanorany.<n>[Heb. lamba malailay]</n>
mg_29,1,10,0.94,"Mariry ny saha, misaona ny tany fambolena; Fa simba ny vary, ritra ny ranom-boaloboka, mihena* ny diloilo. [*Hebreo: Malazo]","Mariry ny saha, misaona ny tany fambolena; Fa simba ny vary, ritra ny ranom-boaloboka, mihena ny diloilo.<n>[Heb. Malazo]</n>"
mg_29,1,19,0.33,"Jehovah o, Ianao no itarainako, fa efa levon'ny afo ny kijana any an'efitra, ary nisy lelafo efa nandoro ny hazo rehetra any an-tsaha.","Jehovah ô, Hianao no itarainako, fa efa levon'ny afo ny kijana any an-efitra, ary nisy lelafo efa nandoro ny hazo rehetra any an-tsaha.Na dia ny biby any an-tsaha aza dia mihanahana miandrandra Anao, satria ritra ny renirano, ary efa levon'ny afo ny kijana any an-efitra."
mg_3,20,24,0.29,"Fa efa nolazaiko taminareo hoe: Ianareo handova ny taniny, fa Izaho no hanome azy ho lovanareo, dia tany tondra-dronono sy tantely: Izaho no Jehovah Andriamanitrareo, Izay nanavaka anareo tamin'ny firenena samy hafa.","Fa efa nolazaiko taminareo hoe: Hianareo handova ny taniny, fa Izaho no hanome azy ho lovanareo, dia tany tondra-dronono sy tantely: Izaho no Jehovah Andriamanitrareo, Izay nanavaka anareo tamin'ny firenena samy hafa."
mg_30,4,3,0.94,"Ary avy eo amin'ny banga no hivoahanareo, samy amin'izay hitsiny avy; Ary horoahina ho any Harmona* ianareo**, hoy Jehovah. [*Na: an-tranobe, Na: ary harianareo ny fahefana (?)]","Ary avy eo amin'ny banga no hivoahanareo, samy amin'izay hitsiny avy; Ary horoahina ho any Harmona ianareo, hoy Jehovah.<n>[Na: an-tranobe]</n><n>[Na: ary harianareo ny fahefana (?)]</n>"
mg_30,4,12,0.51,"Koa izao no hataoko aminao, ry Isiraely, satria hanao izany aminao Aho, dia miomàna hihaona amin'Andriamanitrao, ry Isiraely o.","Koa izao no hataoko aminao, sy Isiraely, satria hanao izany aminao Aho, dia miomàna hihaona amin'Andriamanitrao, ry Isiraely ô.Fa indro Ilay mamorona ny tendrombohitra sy manao na rivotra ary mampahafantatra ny olombelona izay heviny, dia Ilay mahatonga ny maraina ho aizina ary mandia ny fitoerana avo amin'ny tany: Jehovah, Andriamanitry ny maro, no anarany."
mg_30,5,23,0.95,"Atsaharo ny finaonaonan'ny hiranareo*, fa maharenina Ahy; Fa tsy hihaino ny fanenon'ny lokanganareo* Aho. [*Hebreo: Hiranao, lokanganao]","Atsaharo ny finaonaonan'ny hiranareo, fa maharenina Ahy; Fa tsy hihaino ny fanenon'ny lokanganareo Aho. <n>[Heb. Hiranao, lokanganao]</n>"
mg_30,5,26,0.82,"Tsia, fa ny nitondra* ny tabernakelin'ny mpanjakanareo sy ny fipetrahan'ny sampinareo ihany no nataonareo**, dia ny kintan'ny andriamanitrareo, izay nataonareo ho anareo [*Na: Dia ho entinareo] [**Na: Tsia fa ny mitondra an'i Sikota, mpanjakanareo, sy Kiona, sampinareo, no nataonareo]","Tsia, fa ny nitondra ny tabernakelin'ny mpanjakanareo sy ny fipetrahan'ny sampinareo ihany no nataonareo, dia ny kintan'ny andriamanitrareo, izay nataonareo ho anareo <n>[Na: Dia ho entinareo]</n><n>[Na: Tsia fa ny mitondra an'i Sikota, mpanjakanareo, sy Kiona, sampinareo, no nataonareo]</n>Ka dia ho entiko ho babo any ankoatr'i Damaskosy ianareo, hoy Jehovah, Andriamanitry ny maro no anarany."
mg_30,7,14,0.94,"Dia namaly Amosa ka nanao tamin'i Amazia hoe: Tsy mba mpaminany aho, na zanaka ny mpaminany; fa mpiandry ondry sy mpioty* aviavy** ihany aho, [*Na: mpandraotra] [**sykomora]","Dia namaly Amosa ka nanao tamin'i Amazia hoe: Tsy mba mpaminany aho, na zanaka ny mpaminany; fa mpiandry ondry sy mpioty aviavy ihany aho,<n>[Na: mpandraotra]</n><n>[sykomora]</n>"
mg_30,7,16,0.50,"Ka mba henoy ny tenin'i Jehovah: Ianao manao hoe: Aza maminany ny hamelezana ny Isiraely, ary aza milaza ny hamelezana ny taranak'Isaka;","Ka mba henoy ny tenin'i Jehovah: Hianao manao hoe: Aza maminany ny hamelezana ny Isiraely, ary aza milaza ny hamelezana ny taranak'Isaka;Koa izao no lazain'i Jehovah: Ny vadinao hijangajanga ao an-tanàna, ary ny zanakao-lahy sy ny zanakao-vavy ho lavon-tsabatra, Ary ny taninao hozaraina amin'ny famolaina; Ary ny tenanao ho faty any amin'ny tany maloto; Ary ny Isiraely hobaboina hiala amin'ny taniny tokoa."
mg_30,9,2,0.93,"Na dia mibosesika ho any amin'ny fiainan-tsy hita aza izy, dia any no hanalan'ny tanako azy; Ary na dia miakatra ho any an-danitra aza izy, dia avy any no hampidinako azy.","Na dia mibosesika ho any amin'ny fiainan-tsi-hita aza izy, dia any no hanalan'ny tanako azy; Ary na dia miakatra ho any an-danitra aza izy, dia avy any no hampidinako azy. <n>[Heb. Sheola]</n>"
mg_31,1,14,0.94,Aza mamitsaka* eo amin'ny sampanan-dàlana hamono izay afa-nandositra ianao; Ary aza manolotra izay sisa aminy amin'ny andro fahoriana. [*Hebreo: mijanona],Aza mamitsaka eo amin'ny sampanan-dalana hamono izay afa-nandositra ianao; Ary aza manolotra izay sisa aminy amin'ny andro fahoriana.<n>[Heb. mijanona]</n>
mg_31,1,20,0.80,"Ary ny babo amin'izao Zanak'Isiraely maro be izao hahalasa ny Kananita hatrany Zarefata, Ary ny babo* tany Jerosalema, izay any Sefarada, dia hahalasa ny tanàna any amin'ny tany atsimo. [*Na: marobe izao izay any amin'ny Kananita hatrany Zerefata, sy ny babo...]","Ary ny babo amin'izao Zanak'Isiraely maro be izao hahalasa ny Kananita hatrany Zarefata, Ary ny babo tany Jerosalema, izay any Sefarada, dia hahalasa ny tanàna any amin'ny tany atsimo. <n>[Na: marobe izao, izay any amin'ny Kananita hatrany Zerefata, sy ny babo, etc..]</n>Ary hisy mpamonjy miakatra ho ao an-tendrombohitra Ziona Hitsara ny tendrombohitr'i Esao; Ary ho an'i Jehovah Jon 1:1"
mg_31,1,21,0.93,Ary hisy mpamonjy miakatra ho ao an-tendrombohitra Ziona Hitsara ny tendrombohitr'i Esao; Ary ho an'i Jehovah ny fanjakana.,Ary hisy mpamonjy miakatra ho ao an-tendrombohitra Ziona Hitsara ny tendrombohitr'i Esao; Ary ho an'i Jehovah Jon 1:1
mg_32,2,3,0.94,"ka nanao hoe: Niantso an'i Jehovah tamin'ny fahoriako aho, Ka dia namaly ahy Izy; Tao anatin'ny fiainan-tsy hita* no nitarainako, Dia nihaino ny feoko Ianao. [*Hebreo: Shoela]","ka nanao hoe: Niantso an'i Jehovah tamin'ny fahoriako aho, Ka dia namaly ahy Izy; Tao anatin'ny fiainan-tsi-hita no nitarainako, Dia nihaino ny feoko Hianao.<n>[Heb. Shoela]</n>"
mg_32,2,9,0.88,Izay mivavaka amin'ny sampy* Dia mahafoy Izay Mpamindra fo aminy** [*Hebreo: zava-poana mandainga] [**Hebreo: ny famindram-pony],Izay mivavaka amin'ny sampy Dia mahafoy Izay Mpamindra fo aminy <n>[Heb. zava-poana mandainga]</n><n>[Heb. ny famindram-pony]</n>
mg_32,3,4,0.95,"Ary Jona niantomboka nandeha* tao an-tanàna lalana indray andro ka nitory hoe: Rehefa afaka efa-polo andro, dia horavana Ninive. [*Hebreo: niditra]","Ary Jona niantomboka nandeha tao an-tanàna lalana indray andro ka nitory hoe: Rehefa afaka efa-polo andro, dia horavana Ninive.<n>[Heb. niditra]</n>"
mg_32,4,10,0.11,"Dia hoy Jehovah: Ianao malahelo ny tanantanamanga izay tsy nisasaranao na nampanirinao, dia ilay naniry indray alina monja ary maty indray alina koa;","Dia hoy Jehovah: Hianao malahelo ny tanantanamanga izay tsy nisasaranao na nampanirinao, dia ilay naniry indray alina monja ary maty indray alina koa;ka moa Izaho tsy mba halahelo an'i Ninive, ilay tanàna lehibe va. izay misy olona tsy omby roa alina sy iray hetsy, izay tsy mahafantatra ny havanany sy ny haviany, sady be biby fiompy koa?"
mg_33,1,8,0.74,"Koa izany no hitomaniako sy hidradradradrako, Ka handeha sady horobaina no mitanjaka aho; Hikaonkaona* toy ny amboadia** aho Ary hikiakiaka*** toy ny ostritsa. [*Hebreo: hisaona] [**Na: jakala] [***Hebreo: hitomany]","Koa izany no hitomaniako sy hidradradradrako, Ka handeha sady horobaina no mitanjaka aho; Hikaonkaona toy ny amboadia aho Ary hikiakiaka toy ny ostritsa.<n>[Heb. hisaona]</n><n>[Na: jakala]</n><n>[Heb. hitomany]</n>"
mg_33,1,10,0.93,"Aza ambaranareo any Gata izany, Aza mitomany akory! Mihosinkosina* vovoka ao Beti-le-afra** aho. [*Na: mihosinkosena... ianao] [**Beti-le-afra = fitoeram-bovoka]","Aza ambaranareo any Gata izany, Aza mitomany akory! Mihosinkosina vovoka ao Beti-le-afra aho.<n>[Na: mihosinkosena... ianao]</n><n>[Beti-le-afra = fitoeram-bovoka]</n>"
mg_33,1,12,0.92,"Fa malahelo* ny soa ny mponina ao Marota*, Satria loza no efa nidina avy tamin'i Jehovah ho ao am-bavahadin'i Jerosalema. [*Hebreo: manaintaina] [**Marota = fangidiana]","Fa malahelo ny soa ny mponina ao Marota, Satria loza no efa nidina avy tamin'i Jehovah ho ao am-bavahadin'i Jerosalema.<n>[Heb. manaintaina]</n><n>[Marota = fangidiana]</n>"
mg_33,1,15,0.58,Mbola hitondrako olon-kandova ianao. Ry mponina ao Maresa*; Ho tonga hatrany Adolama aza ny voninahitr'Isiraely. [*Maresa = lova],"Mbola hitondrako olon-kandova ianao. Ry mponina ao Maresa; Ho tonga hatrany Adolama aza ny voninahitr'Isiraely.<n>[Maresa = lova]</n>Miheteza sy mikakasa Noho ny zanakao nahafinaritra; Halehibiazo ny solanao ho toy ny an'ny voltora, Fa lasan-ko babo niala taminao izy. <n>[karazam-borona lehibe izay sola]</n>"
mg_33,2,6,0.62,"Aza miteniteny* ianareo, hoy ny fiteniteniny*; Aoka tsy hiteniteny* ny amin'ireto izy, Tsy hita lany** ny fanalam-baraka ataony! [*Hebreo: mampitete] [**Na: raha tsy miteniteny amin'ireto izy, dia tsy ho afaka]","Aza miteniteny ianareo, hoy ny fiteniteniny; Aoka tsy hiteniteny ny amin'ireto izy, Tsy hita lany ny fanalam-baraka ataony!<n>[Heb. mampitete]</n><n>[Na: raha tsy miteniteny amin'ireto izy, dia tsy ho afaka]</n>"
mg_33,2,11,0.93,"Raha misy manaraka ny rivotra sy ny lainga ka mandainga hoe: Hitori-teny* aminao ny amin'ny divay sy ny zava-mahamamo aho, Dia izy no ho mpitori-tenin**'ity firenena ity. [*Hebreo: hampitete] [**Hebreo: mpampiteten']","Raha misy manaraka ny rivotra sy ny lainga ka mandainga hoe: Hitori-teny aminao ny amin'ny divay sy ny zava-mahamamo aho, Dia izy no ho mpitori-tenin'ity firenena ity.<n>[Heb. hampitete]</n><n>[Heb. mpampiteten']</n>"
mg_33,2,12,0.73,"Hamory anareo rehetra tokoa Aho, ry Jakoba, Ary hanangona ny sisa amin'ny Isiraely tokoa, Hakambako toy ny ondry any amin'ny vala* izy, Toy ny ondry andiany ao amin'ny tany fiandrasana; Hitabataba izy noho ny hamaroan'ny olona. [*Na: any Bozra]","Hamory anareo rehetra tokoa Aho, ry Jakoba, Ary hanangona ny sisa amin'ny Isiraely tokoa, Hakambako toy ny ondry any amin'ny vala izy, Toy ny ondry andiany ao amin'ny tany fiandrasana; Hitabataba izy noho ny hamaroan'ny olona.<n>[Na: any Bozra]</n>Ny mpanabanga miakatra eo alohany, Manabanga izy ka mandroso ho eo amin'ny vavahady, Dia mivoaka eo aminy; Ny mpanjakany mandroso eo alohany, Ary Jehovah no mitarika azy."
mg_33,4,8,0.93,"Ary ianao, ry tilikambon'ny andiany*. Tendrombohitr'i Ziona** zanakavavy, Aminao no ho tonga izany, eny, ho tonga ny fanapahana voalohany, Dia ny fanjakan***' i Jerosalema zanakavavy. [*Na: tilikambon'i Edera] [**Na: Ofelan'i Ziona] [***Na: hanjakana aminy]","Ary ianao, ry tilikambon'ny andiany. Tendrombohitr'i Ziona zanakavavy, Aminao no ho tonga izany, eny, ho tonga ny fanapahana voalohany, Dia ny fanjakan' i Jerosalema zanakavavy.<n>[Na: tilikambon'i Edera]</n><n>[Na: Ofelan'i Ziona]</n><n>[Na: hanjakana aminy]</n>"
mg_33,4,13,0.76,"Mitsangàna, ka miveleza, ry Ziona zanakavavy, Fa ny tandrokao hataoko vy, Ary ny kitronao hataoko varahina, Ka hanorotoro firenena maro ianao; Dia hatolotrao* ho an'i Jehovah ny hareny, Ary ho an'ny Tompon'ny tany rehetra ny fananany. [*Hebreo: hataoko herema]","Mitsangàna, ka miveleza, ry Ziona zanakavavy, Fa ny tandrokao hataoko vy, Ary ny kitronao hataoko varahina, Ka hanorotoro firenena maro ianao; Dia hatolotrao ho an'i Jehovah ny hareny, Ary ho an'ny Tompon'ny tany rehetra ny fananany.<n>[Heb. hataoko herema]</n>Koa mivory ho andiany ianao, ry zanakavavin'ny andiany! Manao fahirano antsika izy, Mamely tsorakazo ny takolaky ny mpitsaran'ny Isiraely izy."
mg_33,5,13,0.74,"Hongotako tsy ho eo aminao ny Aserahanao*; Ary horavako koa ny tanànanao*. [*Anaran'andriamani-tsy-izy, na ny sariny, Na: haringako koa ny fahavalonao]","Hongotako tsy ho eo aminao ny Aserahanao; Ary horavako koa ny tanànanao. <n>[Anaran'andriamani-tsy-izy, na ny sariny]</n><n>[Na: haringako koa ny fahavalonao]</n>Ary ny fahatezerana sy ny fahavinirana no hamaliako ny firenena izay tsy mihaino."
mg_33,6,10,0.95,Mbola misy rakitry ny faharatsiana ihany va ao an-tranon'ny ratsy fanahy Sy ny famarana* tsy ampy izay voaozona? [*Hebreo: efaha],Mbola misy rakitry ny faharatsiana ihany va ao an-tranon'ny ratsy fanahy Sy ny famarana tsy ampy izay voaozona? <n>[Heb. efaha]</n>
mg_33,6,15,0.54,"Hiantso hamafy, nefa tsy hijinja; Ianao hanosihosy oliva, nefa tsy hihosotra diloilo, Ary hanosihosy ranom-boaloboka, nefa tsy hisotro divay;","Hiantso hamafy, nefa tsy hijinja; Hianao hanosihosy oliva, nefa tsy hihosotra diloilo, Ary hanosihosy ranom-boaloboka, nefa tsy hisotro divay;Fa fatra-pitandrina ny lalàn'i Omry Sy ny asan'ny taranak'i Ahaba rehetra ianareo Sady manaraka ny fisainany, Mba hanolorako anao ho figagana, Ary ny mponina any ho zavatra mampisitrisitra, Ka dia hitondra ny latsan'ny oloko ianareo."
mg_34,2,7,0.91,"Vohana ny vavahadin-drenirano, Ary reraka* ny lapa. [*Hebreo: miempo]","Vohana ny vavahadin-drenirano, Ary reraka ny lapa.<n>[Heb: miempo]</n>"
mg_34,3,9,0.94,"Ny Etiopiana sy ny Egyptiana no heriny, Sady tsy hita lany ireny; Ny Lydiana sy ny Libyana no mpanampy azy*. [*Hebreo: anao]","Ny Etiopiana sy ny Egyptiana no heriny, Sady tsy hita lany ireny; Ny Lydiana sy ny Libyana no mpanampy azy.<n>[Heb. anao]</n>"
mg_35,1,10,0.95,"Izy manakora ny mpanjaka, Ary ihomehezany ny mpanapaka; Ny tanàna mimanda rehetra dia ihomehezany, Ka dia manandratra tovon-tany* izy ka mahafaka azy. [*Hebreo: vovoka]","Izy manakora ny mpanjaka, Ary ihomehezany ny mpanapaka; Ny tanàna mimanda rehetra dia ihomehezany, Ka dia manandratra tovon-tany izy ka mahafata azy.<n>[Heb. vovoka]</n>"
mg_35,2,11,0.93,"Fa hitaraina ny vato ao amin'ny rindrina, Ary ny sakamandimby ao amin'ny trano* no hamaly azy. [*Hebreo: hazo]","Fa hitaraina ny vato ao amin'ny rindrina, Ary ny sakamandimby ao amin'ny trano no hamaly azy.<n>[Heb. hazo]</n>"
mg_35,3,9,0.93,Nalan-tsarona ny tsipïkanao; Efa nianianana ny fikapohan'ny teny*. [*Sela] Namakivaky ny tany Ianao mba hisy ony. [*Na: ny fiainana tamin'ny firenena dia teny],Nalan-tsarona ny tsipìkanao; Efa nianianana ny fikapohan'ny teny. <n>[Sela]</n> Namakivaky ny tany Hianao mba hisy ony.<n>[Na: ny fiainana tamin'ny firenena dia teny]</n>
mg_35,3,13,0.90,"Mivoaka hamonjy ny olonao Ianao, dia hamonjy ny voahosotrao; Torotoroinao ny tapenaky ny tranon*'ny ratsy fanahy, Ka ahariharinao hatreo an-tenatenany** ny fanorenany. [*sela, *Hebreo: lohan'] [**an-katony]","Mivoaka hamonjy ny olonao Hianao, dia hamonjy ny voahosotrao; Torotoroinao ny tapenaky ny tranon'ny ratsy fanahy, Ka ahariharinao hatreo an-tenatenany ny fanorenany. <n>[sela]</n><n>[Heb. lohan']</n><n>[an-katony]</n>"
mg_36,1,11,0.95,"Midradradradrà, ianareo mponina ao Maktesy*; Fa ringana avokoa ny mpandranto** rehetra, Eny, lany ringana izay rehetra nivesatra volafotsy. [*Maktesy = Laona] [**Na: vahoakan'i Kanana]","Midradradradrà, ianareo mponina ao Maktesy; Fa ringana avokoa ny mpandranto rehetra, Eny, lany ringana izay rehetra nivesatra volafotsy. <n>[Maktesy = Laona]</n> <n>[Na: vahoakan'i Kanana]</n>"
mg_36,2,1,0.95,"Miangona, eny, mivoria ianareo Ry firenena tsy manan-kenatra*, [*Na: tsy manina]","Miangona, eny, mivoria ianareo Ry firenena tsy manan-kenatra, <n>[Na: tsy manina]</n>"
mg_36,2,12,0.88,"Ianareo Etiopiana koa, Ho voatrabaky ny sabatro ianareo*. [*Hebreo: izy]","Hianareo Etiopiana koa, Ho voatrabaky ny sabatro ianareo. <n>[Heb. izy]</n>"
mg_36,3,3,0.93,Liona mierona ao aminy ireo lehibeny; Amboadia* hariva ny mpitsarany Ka tsy mamela** ho tra-maraina. [*Lopa] [**Na: tsy mamela taolana],Liona mierona ao aminy ireo lehibeny; Amboadia hariva ny mpitsarany Ka tsy mamela ho tra-maraina. <n>[Lopa]</n> <n>[Na: tsy mamela taolana]</n>
mg_36,3,7,0.93,"Hoy Izaho: Hatahotra Ahy tokoa ianao ka hino anatra, Dia tsy ho rava ny fonenanao*, Araka izay rehetra voatendriko hamelezana anao**; Kanefa nifoha maraina koa izy ka nanao Izay ratsy rehetra. [*Hebreo: fonenany] [*Hebreo: azy]","Hoy Izaho: Hatahotra Ahy tokoa ianao ka hino anatra, Dia tsy ho rava ny fonenanao, Araka izay rehetra voatendriko hamelezana anao; Kanefa nifoha maraina koa izy ka nanao Izay ratsy rehetra.<n>[Heb. fonenany]</n> <n>[Heb. azy]</n>"
mg_36,3,18,0.87,"Hangoniko izay manina* ny fotoam-pivavahana; Avy aminao ihany ireny, Ary itambesaran'ny latsa izy**. [*Na: efa lavitra] [**Na: Ary mitambesatra aminy ny fandatsana anao (Hebreo: fandatsana azy) na: Avy taminao izay itambesaran'ny latsa ireny]","Hangoniko izay manina ny fotoam-pivavahana; Avy aminao ihany ireny, Ary itambesaran'ny latsa izy. <n>[Na: efa lavitra]</n> <n>[Na: Ary mitambesatra aminy ny fandatsana anao (Heb. fandatsana azy); na: Avy taminao izay itambesaran'ny latsa ireny]</n>"
mg_36,3,19,0.65,"Indro, hasiako amin'Izany andro izany izay rehetra nampahory anao; Hovonjeko ny mandringa, ary hovoriko ny noroahina, Eny, hataoko ho fiderana sy ho anarana ireny izay efa nitondra henatra tany amin'ny tany rehetra*. [*Na: any amin'ny tany rehetra izay efa nitondrany henatra]","Indro, hasiako amin'Izany andro izany izay rehetra nampahory anao; Hovonjeko ny mandringa, ary hovoriko ny noroahina, Eny, hataoko ho fiderana sy ho anarana ireny izay efa nitondra henatra tany amin'ny tany rehetra. <n>[Na: any amin'ny tany rehetra izay efa nitondrany henatra]</n>Amin'izany andro izany no hitondrako anareo miditra, Eny, amin'izany andro izany no hanangonako anareo; Fa hataoko ho anarana sy ho fiderana any amin'ny firenena rehetra amin'ny tany ianareo, Raha hampodiko avy amin'ny fahababoana ianareo, ka ho hitan'ny masonareo izany, hoy Jehovah."
mg_38,3,9,0.75,"Fa, indro, ny vato izay napetrako teo anoloan'i Josoa, ny vato iray dia banjinin'ny maso fito*; indro, hosoratako ny sorany, hoy Jehovah Tompon'ny maro, ary hesoriko indray andro monja ny helok'ity tany ity. [*Hebreo: amin'ny vato iray misy maso fito]","Fa, indro, ny vato izay napetrako teo anoloan'i Josoa, ny vato iray dia banjinin'ny maso fito; indro, hosoratako ny sorany, hoy Jehovah Tompon'ny maro, ary hesoriko indray andro monja ny helok'ity tany ity. <n>[Heb. amin'ny vato iray misy maso fito]</n>Amin'izany andro izany, hoy Jehovah, Tompon'ny maro, dia samy hiantso ny namanareo avy ho eo ambanin'ny voaloboka sy ho eo ambanin'ny aviavy ianareo."
mg_38,5,7,0.94,"(ary, indro, nisy vongam-piraka boribory naingaina) ary io no vehivavy iray mipetraka ao anatin'ny vata famarana*. [*Hebreo: efaha]","(ary, indro, nisy vongam-piraka boribory naingaina); ary io no vehivavy iray mipetraka ao anatin'ny vata famarana. <n>[Heb. efaha]</n>"
mg_38,5,10,0.56,Dia hoy izaho tamin'ilay anjely niresaka tamiko: Ho aiza no itondran'ireto ny vata famarana*. [*Hebreo: efaha],"Dia hoy izaho tamin'ilay anjely niresaka tamiko: Ho aiza no itondran'ireto ny vata famarana. <n>[Heb. efaha]</n>Ary hoy izy tamiko: Hanaovana trano ho azy any amin'ny tany Sinara, ary rehefa vita izany, dia hapetraka ao amin'ny fipetrahany izy."
mg_38,11,16,0.72,"Fa, indro, Izaho hanangana mpiandry amin'ny tany, izay tsy hamangy ny naringana, na hitady ny niely, na hanasitrana ny naratra, na hiandry izay mbola matanjaka*; fa hohaniny ny nofon'ny matavy sady helakelahiny ny kitrony. [*heb. mijoro tsara]","Fa, indro, Izaho hanangana mpiandry amin'ny tany, izay tsy hamangy ny naringana, na hitady ny niely, na hanasitrana ny naratra, na hiandry izay mbola matanjaka; fa hohaniny ny nofon'ny matavy sady helakelahiny ny kitrony. <n>[heb. mijoro tsara]</n>Lozan'ny mpiandry ondry tsy mahomby izay mandao ny ondry! Ny sabatra no hanely ny sandriny sy ny masony ankavanana; halazo tokoa ny sandriny, ary ho jamba tokoa ny masony ankavanana."
mg_38,14,5,0.95,"Dia handositra ho any amin*'ny lohasahan'ny tendrombohitro ianareo, fa hipaka hatrany Azela ny lohasahan'ny tendrombohitra; eny, handositra ianareo tahaka ny nandosiranareo ny horohorontany tamin'ny andron'i Ozia, mpanjakan'ny Joda; ary ho avy Jehovah Andriamanitro mbamin'ny masina rehetra momba Azy**. [*Na: hamaky] [**Hebreo: Anao]","Dia handositra ho any amin'ny lohasahan'ny tendrombohitro ianareo, fa hipaka hatrany Azela ny lohasahan'ny tendrombohitra; eny, handositra ianareo tahaka ny nandosiranareo ny horohorontany tamin'ny andron'i Ozia, mpanjakan'ny Joda; ary ho avy Jehovah Andriamanitro mbamin'ny masina rehetra momba Azy. <n>[na: hamaky]</n><n>[heb. Anao]</n>"
mg_38,14,20,0.56,Amin'izany andro izany dia hisy ao amin'ny famohamandrin-tsoavaly manao hoe: HAMASININA HO AN'I JEHOVAH; ary ny vilany ao an-tranon'i Jehovah ho tahaka ny lovia famafazana eo anoloan'ny alitara.,"Amin'izany andro izany dia hisy ao amin'ny famohamandrin-tsoavaly manao hoe: HAMASININA HO AN'I JEHOVAH; ary ny vilany ao an-tranon'i Jehovah ho tahaka ny lovia famafazana eo- anoloan'ny alitara.Eny, ny vilany rehetra any Jerosalema sy Joda dia hohamasinina ho an'i Jehovah, Tompon'ny maro; ary izay rehetra mamono zavatra hatao fanatitra dia ho avy haka amin'ireny ka hahandro aminy. Ary amin'izany andro izany dia tsy hisy Kananita intsony ao an-tranon'i Jehovah, Tompon'ny maro. <n>[na: mpandranto]</n>"
mg_39,1,5,0.93,"Ary ny masonareo no hahita, ka dia hiteny ianareo hanao hoe: Jehovah dia lehibe* any an-koatry** ny tanin'ny Isiraely. [*Na: ho lehibe anie, Na: eny amin']","Ary ny masonareo no hahita, ka dia hiteny ianareo hanao hoe: Jehovah dia lehibe any an-koatry ny tanin'ny Isiraely.<n>[Na: ho lehibe anie]</n><n>[Na: eny amin']</n>"
mg_39,1,13,0.66,"Hoy koa ianareo: Tsy mba hasasarana lahy ! ary ikifinanareo izany, hoy Jehovah, Tompon'ny maro; entinareo ny nalaina an-keriny sy ny mandringa sy ny marary, ka dia aterinareo ho fanatitra; moa ta-handray izany amin'ny tenanareo va Aho ? hoy Jehovah.","Hoy koa ianareo: Tsy mba hasasarana lahy ! ary ikifonanareo izany, hoy Jehovah, Tompon'ny maro; entinareo ny nalaina an-keriny sy ny mandringa sy ny marary, ka dia aterinareo ho fanatitra; moa ta-handray izany amin'ny tenanareo va Aho ? hoy Jehovah.Fa voaozona ny mpamitaka, izay manana ondrilahy ao amin'ny ondriny, ary mivoady, nefa mamono zavatra misy kilema hatao fanatitra ho an'ny Tompo. Fa Mpanjaka lehibe Aho, hoy Jehovah, Tompon'ny maro, ary ny anarako dia mahatahotra any amin'ny jentilisa."
mg_4,3,38,0.12,"Ary ny mitoby eo anoloan'ny taberna-kely atsinanany, dia eo anoloan'ny trano-lay fihaonana, tandrifin'ny fiposahan'ny masoandro, dia Mosesy sy Arona ary ny zanany izay mpitandrina ny anjara-raharaha momba ny fitoerana masina, dia ny anjara-raharahan'ny Zanak'Isiraely; ary raha olon-kafa no manakaiky, dia hatao maty izy.","Ary ny mitoby eo anoloan'ny tabernakely atsinanany, dia eo anoloan'ny trano-lay fihaonana, tandrifin'ny fiposahan'ny masoandro, dia Mosesy sy Arona ary ny zanany, izay mpitandrina ny anjara-raharaha momba ny fitoerana masina, dia ny anjara-raharahan'ny Zanak'Isiraely; ary raha olon-kafa no manakaiky, dia hatao maty izy."
mg_4,4,5,0.93,"Ary raha hifindra ny toby, dia hiditra Arona sy ny zanany ka hampidina ny efitra lamba fanakonana; ary hasarony ny fiaran'ny Vavolombelona* izany; [*Dia ny didy folo]","Ary raha hifindra ny toby, dia hiditra Arona sy ny zanany ka hampidina ny efitra lamba fanakonana; ary hasarony ny fiaran'ny Vavolombelona'izany;"
mg_4,4,7,0.94,"Ary hamelatra lamba, volon'ondry manga eo ambonin'ny latabatry ny mofo aseho izy, ka hataony eo ny lovia sy ny lovia kely sy ny kapoaka ary ny fitoeran-divay ho fanidinana; ary ny mofo aseho* dia hataony eo amboniny. [*Hebreo: mofo lalandava]","Ary hamelatra lamba, volon'ondry manga eo ambonin'ny latabatry ny mofo aseho izy, ka hataony eo ny lovia sy ny lovia kely sy ny kapoaka ary ny fitoeran-divay ho fanidinana; ary ny mofo aseho dia hataony eo amboniny."
mg_4,4,20,0.93,"fa izy dia tsy hiditra hijery ny fitoerana* masina, na dia indray mipi-maso akory aza, fandrao maty. [*Na: zavatra]","fa izy dia tsy hiditra hijery ny fitoerana masina, na dia indray mipi-maso akory aza, fandrao maty."
mg_4,10,11,0.74,"Ary tamin'ny andro faharoa-polo tamin'ny volana faharoa, tamin'ny taona faharoa, no niakaran'ny rahona niala teo ambonin'ny tabernakelin'ny Vavolombelona.","<n>[Ny niaingan'ny Zanak'Isiraely niala tany an-efitr'i Sinay, sy ny teny nataon'i Mosesy tamin i Hobaba. Ary tamin'ny andro faharoa-polo tamin'ny volana faharoa, tamin'ny taona faharoa, no niakaran'ny rahona niala teo ambonin'ny tabernakelin'ny Vavolombelona."
mg_4,21,23,0.67,"Nefa Sihona tsy namela ny Isiraely handeha hamaky ny taniny, fa nanangona ny vahoakany rehetra izy ka nivoaka avy tany an'efitra hihaona amin'ny Isiraely, dia nankany Jahaza; ary niady tamin'ny Isiraely teo izy.","Nefa Sihona tsy namela ny Isiraely handeha hamaky ny taniny, fa nanangona ny vahoakany rehetra izy ka nivoaka avy tany an-efitra hihaona amin'ny Isiraely, dia nankany Jahaza; ary niady tamin'ny Isiraely teo izy."
mg_4,26,64,0.64,Ary tamin'ireo dia tsy nisy olona avy tamin'izay efa voalamin'i Mosesy sy Arona mpisorona tamin'izy nandamina ny Zanak'Isiraely tany an'efitr'i Sinay.,"Ary tamin'ireo dia tsy nisy olona avy tamin'izay efa voalamin'i Mosesy sy Arona mpisorona tamin'izy nandamina ny Zanak'Isiraely tany an-efitr'i Sinay.Fa Jehovah efa nilaza azy hoe: Ho faty any an-efitra tokoa ireo. Koa dia tsy nisy olona sisa tamin'ireny afa-tsy Kaleba, zanak'i Jefone, sy Josoa, zanak'i Nona, ihany."
mg_4,27,12,0.75,"Ary hoy Jehovah tamin'i Mosesy: Miakara amin'ity tendrombohitra Abarima ity, ka tazano ny tany izay omeko ny Zanak'Isiraely.","<n>[Ny amin'ny hahafatesan'i Mosesy, sy ny nanendrena an'i Josoa ho mpandimby azy. Ary hoy Jehovah tamin'i Mosesy: Miakara amin'ity tendrombohitra Abarima ity, ka tazano ny tany izay omeko ny Zanak'Isiraely."
mg_4,28,1,0.92,Ary Jehovah niteny tamin'i Mosesy ka nanao hoe:,Ary Jehovah niteny tamin'i ka nanao hoe:
mg_40,1,4,0.94,ary Rama* niteraka an'i Aminadaba; ary Aminadaba niteraka an'i Nasona; ary Nasona niteraka an'i Salmona; [*Grika: Arama],ary Rama niteraka an'i Aminadaba; ary Aminadaba niteraka an'i Nasona; ary Nasona niteraka an'i Salmona; <n>[Gr. Arama]</n>
mg_40,1,7,0.94,ary Solomona niteraka an-dRehoboama; ary Rehoboama niteraka an'i Abia; ary Abia niteraka an'i Asa*; [*Grika: Asafa],ary Solomona niteraka an-dRehoboama; ary Rehoboama niteraka an'i Abia; ary Abia niteraka an'i Asa; <n>[Gr. Asafa]</n>
mg_40,1,8,0.94,ary Asa* niteraka an'i Josafata; ary Josafata niteraka an'i Jorama; ary Jorama niteraka an'i Ozia; [*Grika: Asafa],ary Asa niteraka an'i Josafata; ary Josafata niteraka an'i Jorama; ary Jorama niteraka an'i Ozia; <n>[Gr. Asafa]</n>
mg_40,1,10,0.93,ary Hezekia niteraka an'i Manase; ary Manase niteraka an'i Amona*; ary Amona* niteraka an'i Josia; [*Grika: Amosa],ary Hezekia niteraka an'i Manase; ary Manase niteraka an'i Amona; ary Amona niteraka an'i Josia; <n>[Gr. Amosa]</n>
mg_40,1,12,0.95,Ary taorian'ny nifindrana tany Babylona Jekonia dia niteraka an'i Sealtiela*; ary Sealtiela* niteraka an'i Zerobabela; [*Grika: Salatiela],Ary taorian'ny nifindrana tany Babylona Jekonia dia niteraka an'i Sealtiela; ary Sealtiela niteraka an'i Zerobabela; <n>[Gr. Salatiela]</n>
mg_40,1,21,0.95,"ka hiteraka Zazalahy izy, ary ny anarany hataonao hoe Jesoa*; fa Izy no hamonjy ny olony ho afaka amin'ny fahotany. [*Jesoa = Jehovah no Mpamonjy]","ka hiteraka Zazalahy izy, ary ny anarany hataonao hoe Jesosy; fa Izy no hamonjy ny olony ho afaka amin'ny fahotany. <n>[Jesosy = Jehovah no Mpamonjy]</n>"
mg_40,1,24,0.75,"Ary Josefa, rehefa nahatsiaro tamin'ny torimasony, dia nanao araka izay nandidian'ny anjelin'ny Tompo azy ka nampakatra ny vadiny.","Ary Josefa, rehefa nahatsiaro tamin'ny torimasony, dia nanao araka izay nandidian'ny anjelin'ny Tompo ary ka nampakatra ny vadiny.Ary tsy nahalala azy izy mandra-piterany Zazalahy; ary ny anarany nataony hoe Jesosy."
mg_40,3,16,0.83,"Ary raha vao natao batisa Jesoa, dia niakatra avy teo amin'ny rano niaraka tamin'izay Izy; ary, indro, nisokatra taminy ny lanitra, ary hitany ny Fanahin'Andriamanitra nidina tahaka ny voromailala ka nankeo amboniny.","Ary raha vao natao batisa Jesosy, dia niakatra avy teo amin'ny rano niaraka tamin'izay Izy; ary, indro, nisokatra taminy ny lanitra, ary hitany ny Fanahin'Andriamanitra nidina tahaka ny voromailala ka nankeo amboniny.Ary, injao! nisy feo avy tany an-danitra nanao hoe: Ity no Zanako malalako Izay sitrako."
mg_40,4,1,0.94,"Ary Jesoa dia nentin'ny Fanahy nankany an'efitra, mba halain'ny devoly* fanahy. [*Devoly = mpiampanga, na mpanendrikendrika]","Ary Jesosy dia nentin'ny Fanahy nankany an-efitra, mba halain'ny devoly fanahy.<n>[Devoly = mpiampanga, na mpanendrikendrika]</n>"
mg_40,4,7,0.92,Hoy Jesoa taminy: Voasoratra hoe koa: Aza maka fanahy an'i Jehovah Andriamanitrao (Deoteronomia 6:16).,Hoy Jesosy taminy: Voasoratra hoe koa: Aza maka fanahy an'i Jehovah Andriamanitrao (Deo. 6. 16).
mg_40,4,24,0.81,"Ary niely eran'i Syria ny lazany, ka dia nentin'ny olona tany aminy ny marary rehetra, izay azon'ny aretina maro samy hafa sy ny fangirifiriana, dia ny demoniaka* sy izay mararin'ny androbe ary ny mararin'ny paralysisa, ka nahasitrana ireny Izy. [*Demoniaka = olona nidiran'ny demonia; izahao Matio 7:22]","Ary niely eran'i Syria ny lazany, ka dia nentin'ny olona tany aminy ny marary rehetra, izay azon'ny aretina maro samy hafa sy ny fangirifiriana, dia ny demoniaka sy izay mararin'ny androbe ary ny mararin'ny paralysisa, ka nahasitrana ireny Izy.<n>[Demoniaka = olona nidiran'ny demonia; izahao Mat.7.22]</n>Dia nanaraka Azy ny vahoaka betsaka avy tany Galilia sy Dekapolisy sy Jerosalema sy Jodia ary ny avy tany an-dafin'i Jordana."
mg_40,5,5,0.95,Sambatra ny malemy fanahy; fa izy no handova ny tany (Salamo 37:11).,Sambatra ny malemy fanahy; fa izy no handova ny tany (Sal. 37. 11).
mg_40,5,27,0.93,"Efa, renareo fa voalaza hoe: Aza mijangajanga (Eksodosy 20:14).","Efa, renareo fa voalaza hoe: Aza mijangajanga (Eks. 20. 14)."
mg_40,5,33,0.95,"Ary koa, efa renareo fa voalaza tamin'ny ntaolo hoe: Aza mianian-tsy to, fa efao amin'i Jehovah ny fianiananao (Levitikosy 19:12).","Ary koa, efa renareo fa voalaza tamin'ny ntaolo hoe: Aza mianian-tsy tò, fa efao amin'i Jehovah ny fianiananao (Lev. 19. 12)."
mg_40,5,38,0.95,"Efa renareo fa voalaza hoe: Maso solon'ny maso, ary nify solon'ny nify (Eksodosy 21:24).","Efa renareo fa voalaza hoe: Maso solon'ny maso, ary nify solon'ny nify (Eks. 21. 24)."
mg_40,5,43,0.94,"Efa renareo fa voalaza hoe: Tiava ny namanao (Levitikosy 19:18), ary mankahalà ny fahavalonao.","Efa renareo fa voalaza hoe: Tiava ny namanao (Lev. 19. 18), ary mankahalà ny fahavalonao."
mg_40,6,12,0.90,Ary mamelà ny helokay* tahaka ny namelanay izay meloka** taminay. [*Na: trosa] [**Na:nitrosa],Ary mamelà ny helokay tahaka ny namelanay izay meloka taminay. <n>[Na: trosa]</n> <n>[Na:nitrosa]</n>
mg_40,6,13,0.95,"Ary aza mitondra anay ho amin'ny fakam-panahy, fa manafaha anay amin'ny* ratsy**. [*Na: amin'ilay] [** Ampio hoe: Fa Anao ny fanjakana sy ny hery ary ny voninahitra mandrakizay. Amena]","Ary aza mitondra anay ho amin'ny fakam-panahy, fa manafaha anay amin'ny ratsy. <n>[Na: amin'ilay]</n> <n>[ Ampio hoe: Fa Anao ny fanjakana sy ny hery ary ny voninahitra mandrakizay. Amena]</n>"
mg_40,6,27,0.92,"Ary iza ao aminareo, na dia manahy aza, no mahay manampy ny andro hiainany* na dia kely monja** aza? [*Na: Ny halavan'ny tenany] [** Grika: Hakiho iray]","Ary iza ao aminareo, na dia manahy aza, no mahay manampy ny andro hiainany na dia kely monja aza? <n>[ Na: Ny halavan'ny tenany]</n> <n>[ Gr. Hakiho iray]</n>"
mg_40,7,28,0.65,"Ary nony efa vitan'i Jesoa izany teny izany, dia talanjona ny vahoaka noho ny fampianarany,","Ary nony efa vitan'i Jesosy izany teny izany, dia talanjona ny vahoaka noho ny fampianarany,satria nampianatra azy toy izay manana fahefana Izy, fa tsy tahaka ny mpanora-dalàna teo aminy."
mg_40,10,4,0.92,"sy Tadeo; Simona Kananeana* ary Jodasy Iskariota, ilay namadika Azy. [*Na: Zelota, izahao Lioka 6:15]","sy Tadeo; Simona Kananeana ary Jodasy Iskariota, ilay namadika Azy. <n>[ Na: Zelota, izahao Lio.6. 15]</n>"
mg_40,10,16,0.93,"Indro, Izaho maniraka anareo ho tahaka ny ondry ao ampovoan'ny amboadia*; koa hendre tahaka ny menarana, ary morà** tahaka ny voromailala. [*lopa] [** Grika: aoka ho tsotra]","Indro, Izaho maniraka anareo ho tahaka ny ondry ao ampovoan'ny amboadia; koa hendre tahaka ny menarana, ary morà tahaka ny voromailala. <n>[ lopa]</n> <n>[ Gr. aoka ho tsotra]</n>"
mg_40,10,38,0.93,Ary izay tsy mitondra* ny hazo fijaliany ka tsy manaraka Ahy dia tsy miendrika ho Ahy. [*Grika: mandray],Ary izay tsy mitondra ny hazo fijaliany ka tsy manaraka Ahy dia tsy miendrika ho Ahy.<n>[Gr. mandray]</n>
mg_40,11,8,0.93,"Sa hizaha inona no nivoahanareo? Olona mitafy soa* va? Indro, ny mitafy soa* dia ao an-tranon'ny mpanjaka. [*Grika: malemy]","Sa hizaha inona no nivoahanareo? Olona mitafy soa va? Indro, ny mitafy soa dia ao an-tranon'ny mpanjaka.<n>[Gr. malemy]</n>"
mg_40,12,31,0.92,"Ary noho izany dia lazaiko aminareo hoe: Hahazo famelan-keloka ny olona amin'ny ota sy fitenenan-dratsy* samy hafa rehetra; fa tsy hahazo famelan-keloka ny olona amin'ny fitenenan-dratsy* ny Fanahy Masina. [*Grika:blasfemia, izahao Matio 9:3]","Ary noho izany dia lazaiko aminareo hoe: Hahazo famelan-keloka ny olona amin'ny ota sy fitenenan-dratsy samy hafa rehetra; fa tsy hahazo famelan-keloka ny olona amin'ny fitenenan-dratsy ny Fanahy Masina.<n>[Gr.blasfemia,izahao 9. 3]</n>"
mg_40,13,9,0.95,"Izay manan-tsofina*, aoka izy hihaino. [*Na: (Izay manan-tsofina ho enti-mihaino)]","Izay manan-tsofina, aoka izy hihaino. <n>[Na: (Izay manan-tsofina ho enti-mihaino)]</n>"
mg_40,13,11,0.92,"Ary namaly Izy ka nanao taminy hoe: Satria ianareo no navela* hahalala ny zava-miafina ny amin'ny fanjakan'ny lanitra, fa ireny kosa tsy mba navela**. [*Grika: nomena] [** Grika: nomena]","Ary namaly Izy ka nanao taminy hoe: Satria ianareo no navela hahalala ny zava-miafina ny amin'ny fanjakan'ny lanitra, fa ireny kosa tsy mba navela. <n>[ Gr. nomena]</n> <n>[ Gr. nomena]</n>"
mg_40,13,45,0.93,"Ary koa, ny fanjakan'ny lanitra dia tahaka ny mpandranto anankiray izay nikatsaka vato soa*; [*Grika:perila]","Ary koa, ny fanjakan'ny lanitra dia tahaka ny mpandranto anankiray izay nikatsaka vato soa;<n>[Gr.perila]</n>"
mg_40,13,46,0.94,"ary rehefa nahita vato soa* iray saro-bidy izy, dia lasa nivarotra ny fananany rehetra ka nividy azy. [*Grika: perila]","ary rehefa nahita vato soa iray saro-bidy izy, dia lasa nivarotra ny fananany rehetra ka nividy azy.<n>[Gr. perila]</n>"
mg_40,13,57,0.80,"Ary tafintohina taminy izy. Fa hoy Jesoa taminy: Tsy misy mpaminany tsy hajaina, afa-tsy amin'ny taniny sy ny mpianakaviny ihany.","Ary tafintohina taminy izy. Fa hoy Jesosy taminy: Tsy misy mpaminany tsy hajaina, afa-tsy amin'ny taniny sy ny mpianakaviny ihany.Ary tsy nanao asa lehibe maro teo Izy noho ny tsi-finoan'ireo."
mg_40,15,4,0.95,"Fa Andriamanitra efa nanao hoe: Manajà ny rainao sy ny reninao (Eksodosy 20:12), ary koa: Izay miteny ratsy ny rainy na ny reniny dia hatao maty tokoa (Eksodosy 21:17).","Fa Andriamanitra efa nanao hoe: Manajà ny rainao sy ny reninao (Eks. 20. 12), ary koa: Izay miteny ratsy ny rainy na ny reniny dia hatao maty tokoa (Eks. 21. 17)."
mg_40,15,16,0.95,Ary hoy Jesoa: Ianareo koa va mbola tsy mahafantatra ihany?,Ary hoy Jesosy: Hianareo koa va mbola tsy mahafantatra ihany?
mg_40,15,19,0.94,"Fa avy amin'ny fo no ivoahan'ny sain-dratsy, dia ny vonoan'olona, ny fakam-badin'olona, ny fijangajangana, ny halatra, ny ampanga lainga, ny fitenenan-dratsy*; [*Grika: blasfemia, izahao Matio 9:3]","Fa avy amin'ny fo no ivoahan'ny sain-dratsy, dia ny vonoan'olona, ny fakam-badin'olona, ny fijangajangana, ny halatra, ny ampanga lainga, ny fitenenan-dratsy;<n>[Gr. blasfemia, izahao 9. 3]</n>"
mg_40,16,18,0.77,"Ary Izaho milaza aminao koa: Ianao no Petera*, ary ambonin'ity vatolampy ity no haoriko ny fiangonako**; ary ny vavahadin'ny fiainan-tsy hita*** tsy haharesy azy. [*Petera = Vato; izahao Jaona 1:42] [**Grika: eklesia] [***Grika: Hadesy]","Ary Izaho milaza aminao koa: Hianao no Petera, ary ambonin'ity vatolampy ity no haoriko ny fiangonako; ary ny vavahadin'ny fiainan-tsi-hita tsy haharesy azy. <n>[Petera = Vato; izahao Jao.1, 42]</n> <n>[Gr. eklesia]</n> <n>[Gr. Hadesy]</n>"
mg_40,17,25,0.91,"Dia hoy Petera : Mandoa ihany Izy. Ary raha vao tafiditra tao an-trano Petera, dia nosakanan'i Jesoa teny izy ka nataony hoe : Ahoana no hevitrao, ry Simona? Avy amin'iza moa no andraisan'ny mpanjaka ety an-tany fadin-tseranana sy vola hetra? Avy amin'ny zanany va, sa avy amin'ny olon-kafa?","Dia hoy Petera: Mandoa ihany Izy. Ary raha vao tafiditra tao an-trano Petera, dia nosakanan'i Jesosy teny izy ka nataony hoe: Ahoana no hevitrao, ry Simona? Avy amin'iza moa no andraisan'ny mpanjaka etỳ an-tany fadin-tseranana sy vola hetra? Avy amin'ny zanany va, sa avy amin'ny olon-kafa?"
mg_40,17,26,0.43,"Ary nony hoy Petera taminy: Avy amin'ny olon-kafa, dia hoy kosa Jesoa: Dia afaka ary ny zanaka.","Ary nony hoy Petera taminy: Avy amin'ny olon-kafa, dia hoy kosa Jesosy: Dia afaka ary ny zanaka.Nefa andrao isika manafintohina azy, dia mankanesa ao amin'ny ranomasina ianao, ka manjonoa; ary raiso izay hazandrano azo voalohany, ka rehefa sokafanao ny vavany, dia hahita vola sekely eo ianao; dia raiso izany, ka omeo azy ho avy amiko sy ianao."
mg_40,18,17,0.93,"Ary raha tsy mety mihaino ireo izy, dia ambarao amin'ny fiangonana*; ary raha tsy mety mihaino ny fiangonana** koa izy, dia aoka hataonao ho tahaka ny jentilisa sy ny mpamory hetra izy. [*Grika: eklesia] [** Grika: eklesia]","Ary raha tsy mety mihaino ireo izy, dia ambarao amin'ny fiangonana; ary raha tsy mety mihaino ny fiangonana koa izy, dia aoka hataonao ho tahaka ny jentilisa sy ny mpamory hetra izy. <n>[ Gr. eklesia]</n> <n>[ Gr. eklesia]</n>"
mg_40,18,22,0.95,"Fa hoy Jesoa taminy: Tsy lazaiko aminao hoe: Hatramin'ny impito, fa hatramin'ny impito amby fito-polo*. [*Na: fito-polo impito]","Fa hoy Jesosy taminy: Tsy lazaiko aminao hoe: Hatramin'ny impito, fa hatramin'ny impito amby fito-polo.<n>[Na: fito-polo impito]</n>"
mg_40,19,7,0.94,Hoy ireo taminy: Nahoana ary Mosesy no nandidy hanome taratasy fisaoram-bady sy hisaotra azy? (Deoteronomia 24:1).,Hoy ireo taminy: Nahoana ary Mosesy no nandidy hanome taratasy fisaoram-bady sy hisaotra azy? (Deo. 24. 1).
mg_40,19,29,0.83,"Ary izay rehetra efa nahafoy trano, na rahalahy, na anabavy, na ray, na reny*, na zanaka, na tany, noho ny anarako, dia handray zato heny ka handova fiainana mandrakizay. [*Ampio hoe: (na vady.)]","Ary izay rehetra efa nahafoy trano, na rahalahy, na anabavy, na ray, na reny, na zanaka, na tany, noho ny anarako, dia handray zato heny ka handova fiainana mandrakizay.<n>[Ampio hoe: (na vady.)]</n>Nefa maro izay voalohany no ho farany, ary izay farany no ho voalohany."
mg_40,21,5,0.93,"Lazao amin'i Ziona zanakavavy; Indro, ny Mpanjakanao avy ho anao, Malemy fanahy sady mitaingina boriky, Dia zanaky ny boriky miasa* (Zakaria 9:9). [*Grika: mitondra zioga]","Lazao amin'i Ziona zanakavavy; Indro, ny Mpanjakanao avy ho anao, Malemy fanahy sady mitaingina boriky, Dia zanaky ny boriky miasa (Zak. 9. 9).<n>[Gr. mitondra zioga]</n>"
mg_40,21,13,0.94,dia hoy Izy taminy: Efa voasoratra hoe: Ny tranoko hatao hoe trano fivavahana (Isaia 56:7) fa ianareo kosa manao azy ho zohy fieren'ny jiolahy (Jeremia 7:11).,dia hoy Izy taminy: Efa voasoratra hoe: Ny tranoko hatao hoe trano fivavahana (Isa. lvi. 7); fa ianareo kosa manao azy ho zohy fieren'ny jiolahy (Jer. 7. 11).
mg_40,21,44,0.94,"Ary izay potraka amin'ity vato ity dia ho torotoro, fa na zovy na zovy no hianjerany, dia ho mongomongo*. [*Grika: haely toy ny vovoka]","Ary izay potraka amin'ity vato ity dia ho torotoro, fa na zovy na zovy no hianjerany, dia ho mongomongo.<n>[Gr. haely toy ny vovoka]</n>"
mg_40,21,45,0.70,"Ary rehefa ren'ny lohan'ny mpisorona sy ny Fariseo ny fanoharana nataon'i Jesoa, dia fantany fa ny tenany no nolazainy amin'izany.","Ary rehefa ren'ny lohan'ny mpisorona sy ny Fariseo ny fanoharana nataon'i Jesosy, dia fantany fa ny tenany no nolazainy amin'izany.Dia nitady hisambotra Azy izy, saingy natahotra ny vahoaka, satria nataon'ny vahoaka ho mpaminany Jesosy."
mg_40,22,37,0.94,Dia hoy Jesoa taminy: Tiava an'i Jehovah Andriamanitrao amin'ny fonao rehetra sy ny fanahinao rehetra ary ny sainao rehetra (Deoteronomia 6:5).,Dia hoy Jesosy taminy: Tiava an'i Jehovah Andriamanitrao amin'ny fonao rehetra sy ny fanahinao rehetra ary ny sainao rehetra (Deo. 6. 5).
mg_40,22,39,0.95,"Ary ny faharoa, izay tahaka azy ihany, dia izao: Tiava ny namanao tahaka ny tenanao (Levitikosy 19:18).","Ary ny faharoa, izay tahaka azy ihany, dia izao: Tiava ny namanao tahaka ny tenanao (Lev. 19. 18)."
mg_40,24,8,0.88,Fa izany rehetra izany no fiandohan'ny fahoriana*. [*Grika: faharariam-piterahana; izahao Matio 19:28],Fa izany rehetra izany no fiandohan'ny fahoriana.<n>[Gr. faharariam-piterahana; izahao 19. 28]</n>
mg_40,25,3,0.94,"Fa ny adala nandray ny fanalany*, nefa tsy nitondra solika fitaiza; [*Na: fanilony]","Fa ny adala nandray ny fanalany, nefa tsy nitondra solika fitaiza;<n>[Na: fanilony]</n>"
mg_40,25,4,0.95,ary ny hendry kosa nitondra solika tao anatin'ny fitondrany sy ny fanalany*. [*Na: fanilony],ary ny hendry kosa nitondra solika tao anatin'ny fitondrany sy ny fanalany.<n>[Na: fanilony]</n>
mg_40,25,7,0.94,"Dia nitsangana ireo virijina ireo, ka samy namboatra ny fanalany*. [*Na: fanilony]","Dia nitsangana ireo virijina ireo, ka samy namboatra ny fanalany.<n>[Na: fanilony]</n>"
mg_40,25,32,0.95,"ary ny firenena rehetra hangonina eo anatrehany, dia hanavaka azy izy , tahaka ny mpiandry ondry manavaka ny ondry amin'ny osy*; [*Gr: zanak'osy]","ary ny firenena rehetra hangonina eo anatrehany, dia hanavaka azy, tahaka ny mpiandry ondry manavaka ny ondry amin'ny osy;<n>[Gr: zanak'osy]</n>"
mg_40,26,50,0.95,"Fa hoy Jesoa taminy: Ry sakaiza, ataovy izay nalehanao eto*. Dia nanatona ny olona ka nisambotra an'i Jesoa ary nitana Azy. [*Na: haninona eto ianao?]","Fa hoy Jesosy taminy: Ry sakaiza, ataovy izay nalehanao eto. Dia nanatona ny olona ka nisambotra an'i Jesosy ary nitana Azy.<n>[Na: haninona eto ianao?]</n>"
mg_40,26,55,0.94,"Ary tamin'izany ora izany dia niteny tamin'ny vahoaka Jesoa ka nanao hoe : Mivoaka mitondra sabatra sy langilangy hisamboatra Ahy toy ny hisambotra jiolahy va ianareo? Isan'andro dia nipetraka nampianatra teo an-kianjan'ny tempoly Aho, nefa tsy nisambotra Ahy ianareo.","Ary tamin'izany ora izany dia niteny tamin'ny vahoaka Jesosy ka nanao hoe: Mivoaka mitondra sabatra sy langilangy hisambotra Ahy toy ny hisambotra jiolahy va ianareo? Isan'andro dia nipetraka nampianatra teo an-kianjan'ny tempoly Aho, nefa tsy nisambotra Ahy ianareo."
mg_40,26,65,0.94,"Ary tamin'izany ny mpisoronabe dia nandriatra ny fitafiany ka nanao hoe: Efa niteny ratsy* Izy; ahoana no mbola ilantsika vavolombelona indray? indro, efa renareo izao fitenenan-dratsy* izao. [*Grika: blasfemia, izahao Matio 9:3]","Ary tamin'izany ny mpisoronabe dia nandriatra ny fitafiany ka nanao hoe: Efa niteny ratsy Izy; ahoana no mbola ilantsika vavolombelona indray? indro, efa renareo izao fitenenan-dratsy izao.<n>[Gr. blasfemia, izahao 9. 3]</n>"
mg_40,27,10,0.93,"ka nomeny hamidy ny sahan'ny mpanefy vilany izany, araka izay efa nandidian'i Jehovah ahy (Jeremia 18:2; Zakaria 11:13).","ka nomeny hamidy ny sahan'ny mpanefy vilany izany, araka izay efa nandidian'i Jehovah ahy (Jer. 18. 2; Zak. 11. 13)."
mg_40,27,26,0.88,"Ary dia nandefa an'i Barabasy ho an'ny olona izy; fa Jesoa nasainy nokapohina*, dia natolony mba hohomboana tamin'ny hazo fijaliana. [*Grika: dia nokapohiny; ny teny Grika milaza ny nokapohina tamin'ny fikapohana hoditra lehibe nisy varahina]","Ary dia nandefa an'i Barabasy ho an'ny olona izy; fa Jesosy nasainy nokapohina, dia natolony mba hohomboana tamin'ny hazo fijaliana.<n>[Gr. dia nokapohiny; ny teny Grika milaza ny nokapohina tamin'ny fikapohana hoditra lehibe nisy varahina]</n>"
mg_40,27,27,0.94,Ary ny miaramilan'ny governora dia nitondra an'i Jesoa ho ao anati-rova* sady nanangona ny miaramila namany rehetra ho eo aminy. [*Grika: pretoria],Ary ny miaramilan'ny governora dia nitondra an'i Jesosy ho ao anati-rova sady nanangona ny miaramila namany rehetra ho eo aminy.<n>[Gr. pretoria]</n>
mg_40,27,39,0.88,"Ary izay nandalo dia niteny ratsy* Azy, sady nihifikifi-doha [*Grika: nanao blasfemia; izahao Matio 9:3]","Ary izay nandalo dia niteny ratsy Azy, sady nihifikifi-doha<n>[Gr. nanao blasfemia; izahao 9. 3]</n>"
mg_40,27,46,0.89,"Ary nony tokony ho tamin'ny ora fahasivy, dia niantso tamin'ny feo mahery Jesoa ka nanao hoe: Ely, Ely, lamà sabaktany? izany hoe: Andriamanitro o, Andriamanitro o, nahoana no dia mahafoy Ahy Ianao? (Salamo 22:1).","Ary nony tokony ho tamin'ny ora fahasivy, dia niantso tamin'ny feo mahery Jesosy ka nanao hoe: Ely, Ely, lamà sabaktany? izany hoe: Andriamanitro ô, Andriamanitro ô, nahoana no dia mahafoy Ahy Hianao? (Sal. 22. 1)."
mg_41,1,2,0.95,"Araka izay voasoratra ao amin'Isaia mpaminany* hoe: Indro, Izaho maniraka ny irako hialoha Anao, Izay hamboatra ny lalanao (Malakia 3:1) [*Na: ao amin'ny mpaminany]","Araka izay voasoratra ao amin'Isaia mpaminany hoe: Indro, Izaho maniraka ny irako hialoha Anao, Izay hamboatra ny lalanao (Mal 3. 1); <n>[Na: ao amin'ny mpaminany]</n>"
mg_41,1,12,0.91,Ary niaraka tamin'izay dia nampandehanin*'ny Fanahy ho any an'efitra Izy. [*Grika: noroahin'],Ary niaraka tamin'izay dia nampandehanin'ny Fanahy ho any an-efitra Izy.<n>[Gr. noroahin']</n>
mg_41,2,7,0.94,"Nahoana Ilehity no miteny toy izany? Miteny ratsy* Izy. Iza no mahavela heloka afa-tsy Iray ihany, dia Andriamanitra? [*Grika: manao blasfemia, izahao Matio 9:3]","Nahoana Ilehity no miteny toy izany? Miteny ratsy Izy. Iza no mahavela heloka afa-tsy Iray ihany, dia Andriamanitra? <n>[Gr. manao blasfemia, izahao Mat.9.3]</n>"
mg_41,2,27,0.79,"Ary hoy Izy taminy: Ny Sabata no natao ho an'ny olona, fa tsy ny olona ho an'ny Sabata.","Ary hoy Izy taminy: Ny Sabata no natao ho ny olona, fa tsy ny olona ho an'ny Sabata.ka dia Tompon'ny Sabata aza ny Zanak'olona."
mg_41,3,1,0.93,"Ary niditra tao amin'ny synagoga indray Jesoa: ary nisy lehilahy anankiray maty* tanana teo. [*Grika: efa maina, na malazo]","Ary niditra tao amin'ny synagoga indray Jesosy: ary nisy lehilahy anankiray maty tanana teo.<n>[Gr. efa maina, na malazo]</n>"
mg_41,3,10,0.94,"Fa efa nahasitrana olona maro Izy, ka dia nifanety taminy mba hanendry Azy izay rehetra nanana aretina*. [*Grika: kapoka]","Fa efa nahasitrana olona maro Izy, ka dia nifanety taminy mba hanendry Azy izay rehetra nanana aretina.<n>[Gr. kapoka]</n>"
mg_41,3,18,0.94,"ary Andrea sy Filipo sy Bartolomeo sy Matio sy Tomasy sy Jakoba, zanak'i Alfeo, sy Tadeo sy Simona Kananeana* [*Na: Zelota, izahao Lioka 6:15]","ary Andrea sy Filipo sy Bartolomeo sy Matio sy Tomasy sy Jakoba, zanak'i Alfeo, sy Tadeo sy Simona Kananeana<n>[Na: Zelota, izahao Lio.6.15]</n>"
mg_41,3,28,0.94,Lazaiko aminareo marina tokoa: Hahazo famelan-keloka ny zanak'olombelona amin'ny ota rehetra sy ny fitenenan-dratsy* rehetra izay ataony; [*Grika:blasfemia; izahao Matio 9:3],Lazaiko aminareo marina tokoa: Hahazo famelan-keloka ny zanak'olombelona amin'ny ota rehetra sy ny fitenenan-dratsy rehetra izay ataony;<n>[Gr.blasfemia; izahao Mat. 9.3]</n>
mg_41,5,25,0.93,Ary nisy vehivavy anankiray izay efa narary* roa ambin'ny folo taona [*Grika: narary nandeha rà],Ary nisy vehivavy anankiray izay efa narary roa ambin'ny folo taona <n>[Gr. narary nandeha rà]</n>
mg_41,5,28,0.92,"Fa hoy izy: Na dia ny fitafiany ihany aza no voatendriko, dia ho sitrana* aho. [*Grika: voavonjy]","Fa hoy izy: Na dia ny fitafiany ihany aza no voatendriko, dia ho sitrana aho.<n>[Gr. voavonjy]</n>"
mg_41,5,29,0.94,"Ary niaraka tamin'izay dia ritra ny loharanon'aretiny*, ka tsaroany tao amin'ny tenany fa sitrana izy. [*Grika: fandehanan'ny ràny]","Ary niaraka tamin'izay dia ritra ny loharanon'aretiny, ka tsaroany tao amin'ny tenany fa sitrana izy.<n>[Gr. fandehanan'ny ràny]</n>"
mg_41,5,34,0.94,"Ary hoy Izy taminy: Anaka, ny finoanao no nahasitrana* anao: mandehana soa aman-tsara, ary sitràna amin'ny aretinao. [*Grika: namonjy]","Ary hoy Izy taminy: Anaka, ny finoanao no nahasitrana anao: mandehana soa aman-tsara, ary sitràna amin'ny aretinao.<n>[Gr. namonjy]</n>"
mg_41,7,4,0.94,"Ary raha avy any an-tsena, dia tsy mihinana izy, raha tsy misasa aloha. Ary misy fomba maro koa izay noraisiny hotanana, dia ny manasa kapoaka sy famarana* mbamin'izay fanaka varahina**.) [*Grika: sekstaria] [** ampio hoe: ary farafara]","Ary raha avy any an-tsena, dia tsy mihinana izy, raha tsy misasa aloha. Ary misy fomba maro koa izay noraisiny hotanana, dia ny manasa kapoaka sy famarana mbamin'izay fanaka varahina.) <n>[ Gr. sekstaria]</n> <n>[ ampio hoe: ary farafara]</n>"
mg_41,7,10,0.94,"Fa hoy Mosesy: Manajà ny rainao sy ny reninao (Eksodosy 20:12), ary koa: Izay miteny ratsy ny rainy sy ny reniny dia hatao maty tokoa (Eksodosy 21:17).","Fa hoy Mosesy: Manajà ny rainao sy ny reninao (Eks. 20. 12), ary koa: Izay miteny ratsy ny rainy sy ny reniny dia hatao maty tokoa (Eks. 21. 17)."
mg_41,7,22,0.93,"ny fieremana, ny lolom-po, ny fitaka, ny fijejojejoana, ny maso ratsy, ny fitenenan-dratsy*, ny avonavona, ny fahadalana: [*Grika: blasfemia; izahao Matio 9:3]","ny fieremana, ny lolom-po, ny fitaka, ny fijejojejoana, ny maso ratsy, ny fitenenan-dratsy, ny avonavona, ny fahadalana:<n>[Gr. blasfemia; izahao Mat. 9. 3]</n>"
mg_41,7,36,0.66,"Ary nandrara ny olona teo Jesoa mba tsy hilazalaza na amin'iza na amin'iza; fa na dia norarany aza izy, dia vao mainka nampiely izany bebe kokoa.","Ary nandrara ny olona teo Jesosy mba tsy hilazalaza na amin'iza na amin'iza; fa na dia norarany aza izy, dia vao mainka nampiely izany bebe kokoa.Dia talanjona indrindra ny olona ka nanao hoe: Tsara ny nanaovany ny zavatra rehetra; fa sady mampahalady ny marenina Izy no mampiteny ny moana."
mg_41,9,49,0.60,Fa samy ho voasira amin'ny afo izy rehetra*. [*Ampio hoe: ary ny fanatitra rehetra samy ho voasira amin'ny fanasina],"Fa samy ho voasira amin'ny afo izy rehetra.<n>[Ampio hoe: ary ny fanatitra rehetra samy ho voasira amin'ny fanasina]</n>Tsara ny sira, fa raha tonga matsatso izy, inona no ho entinareo mampody ny tsirony? Aoka hisy sira ao anatinareo, ka mihavàna tsara ianareo."
mg_41,10,4,0.94,Ary hoy izy: Navelan'i Mosesy hanoratra taratasy fisaoram-bady ny lehilahy ka hisao-bady (Deoteronomia 24:1).,Ary hoy izy: Navelan'i Mosesy hanoratra taratasy fisaoram-bady ny lehilahy ka hisao-bady (Deo. 24.1).
mg_41,10,8,0.95,"ary ho nofo iray izy roroa (Genesisy 2:24) ka dia tsy ho roa intsony izy, fa ho nofo iray ihany.","ary ho nofo iray izy roroa (Gen. 2. 24); ka dia tsy ho roa intsony izy, fa ho nofo iray ihany."
mg_41,10,26,0.95,Dia talanjona indrindra izy ka nanao taminy* hoe: Iza indray no azo hovonjena? [*Na: nifampilaza].,Dia talanjona indrindra izy ka nanao taminy hoe: Iza indray no azo hovonjena?<n>[ Na: nifampilaza]</n>.
mg_41,10,51,0.60,"Ary Jesoa namaly azy hoe: Inona no tianao hataoko aminao? Ary hoy ilay jamba taminy: Rabôny o, ny mba hampahiratina ny masoko.","Ary Jesosy namaly azy hoe: Inona no tianao hataoko aminao? Ary hoy ilay jamba taminy: Rabôny ô, ny mba hampahiratina ny masoko.Ary hoy Jesosy taminy: Mandehana ianao, ny finoanao no efa namonjy anao. Dia nahiratra niaraka tamin'izay ny masony, ka nanaraka an'i Jesosy teny an-dalana izy."
mg_41,12,11,0.93,Avy tamin'i Jehovah izao Ka mahagaga eo imasontsika? (Salamo 118:22-23.),"Avy tamin'i Jehovah izao Ka mahagaga eo imasontsika? (Sal. 118. 22, 23.)"
mg_41,12,14,0.91,"Ary rehefa tonga izy ireo, dia nanao taminy hoe: Mpampianatra o, fantatray fa marina Ianao, ka tsy mampaninona Anao ny hevitry ny olona, fa tsy mba mizaha tavan'olona Ianao, fa mampianatra marina ny lalan'Andriamanitra. Mety va ny mandoa vola hetra ho an'i Kaisara, sa tsia?","Ary rehefa tonga izy ireo, dia nanao taminy hoe: Mpampianatra ô, fantatray fa marina Hianao, ka tsy mampaninona Anao ny hevitry ny olona, fa tsy mba mizaha tavan'olona Hianao, fa mampianatra marina ny lalan'Andriamanitra. Mety va ny mandoa vola hetra ho an'i Kaisara, sa tsia?"
mg_41,12,30,0.95,koa tiava an'i Jehovah Andriamanitrao amin'ny fonao rehetra sy ny fanahinao rehetra sy ny sainao rehetra ary ny herinao rehetra (Deoteronomia 6:4-5).,"koa tiava an'i Jehovah Andriamanitrao amin'ny fonao rehetra sy ny fanahinao rehetra sy ny sainao rehetra ary ny herinao rehetra (Deo. 6. 4, 5)."
mg_41,12,43,0.70,Ary Jesoa niantso ny mpianany hanatona Azy ka nanao taminy hoe: Lazaiko aminareo marina tokoa fa io mpitondratena malahelo io no efa nandatsaka be noho izay rehetra nandatsaka tao amin'ny fandatsahan-drakitra.,"Ary Jesosy niantso ny mpianany hanatona Azy ka nanao taminy hoe: Lazaiko aminareo marina tokoa fa io mpitondratena malahelo io no efa nandatsaka be noho izay rehetra nandatsaka tao amin'ny fandatsahan-drakitra.Fa ireo rehetra ireo, dia tamin'ny haben'ny fananany ho nandatsahany tao; fa izy kosa, tamin'ny alahelony no nandatsahany tao izay rehetra nananany, dia ny fivelomany rehetra."
mg_41,13,30,0.92,Lazaiko aminareo marina tokoa fa tsy mba ho lany* ity taranaka ity** mandra-pahatongan'izany rehetra izany. [*Grika: handalo] [** Na: ity firenena ity],Lazaiko aminareo marina tokoa fa tsy mba ho lany ity taranaka ity mandra-pahatongan'izany rehetra izany. <n>[ Gr. handalo]</n> <n>[ Na: ity firenena ity]</n>
mg_41,13,33,0.93,"Mitandrema, miambena*, ka mivavaha; fa tsy fantatrareo izay hihavian'ny fotoana. [*Grika: miareta tory]","Mitandrema, miambena, ka mivavaha; fa tsy fantatrareo izay hihavian'ny fotoana.<n>[Gr. miareta tory]</n>"
mg_41,13,37,0.89,Ary izay lazaiko aminareo dia lazaiko amin'ny olona rehetra koa: Miambena.,Ary izay lazaiko aminareo dia lazaiko amin'ny olona rehetra
mg_41,14,49,0.94,"Teo aminareo isan'andro Aho nampianatra teo an-kianjan'ny tempoly, nefa tsy nisambotra Ahy ianareo; fa mba hahatanteraka ny Soratra Masina izao.","Teo aminareo isan'andro Aho an-kianjan'ny tempoly, nefa tsy nisambotra Ahy ianareo; fa mba hahatanteraka ny Soratra Masina izao."
mg_41,14,64,0.93,"Efa renareo ny fitenenany ratsy*; ahoana no hevitrareo? Dia nataon'izy rehetra fa miendrika ho faty Izy. [*Grika: blasfemia, izahao Matio 9:3]","Efa renareo ny fitenenany ratsy; ahoana no hevitrareo? Dia nataon'izy rehetra fa miendrika ho faty Izy.<n>[Gr. blasfemia, izahao Mat. 9.3]</n>"
mg_41,15,34,0.88,"Ary tamin'ny ora fahasivy Jesoa dia niantso tamin'ny feo mahery ka nanao hoe: Eloy, Eloy, lamà sabaktany! izay hoe, raha adika: Andriamanitro o, Andriamanitro o, nahoana no mahafoy Ahy Ianao? (Salamo 22:2).","Ary tamin'ny ora fahasivy Jesosy dia niantso tamin'ny feo mahery ka nanao hoe: Eloy, Eloy, lamà sabaktany! izay hoe, raha adika: Andriamanitro ô, Andriamanitro ô, nahoana no mahafoy Ahy Hianao? (Sal. 22. 2)."
mg_41,15,46,0.85,"Ary izy nividy hariry madinika, dia nampidininy ny fatin'i Jesoa ka nofonosiny hariry madinika, ary naleviny tao amin'ny fasana, izay nolavahana tamin'ny vatolampy, dia nanakodia vato ho eo amin'ny varavaran'ny fasana izy.","Ary izy nividy hariry madinika, dia nampidininy ny fatin'i Jesosy ka nofonosiny hariry madinika, ary naleviny tao amin'ny fasana, izay nolavahana tamin'ny vatolampy, dia nanakodia vato ho eo amin'ny varavaran'ny fasana izy.Ary Maria Magdalena sy Maria, renin'i Josesy, dia nijery izay nametrahany Azy."
mg_41,16,19,0.25,"Ary Jesoa Tompo, rehefa niteny taminy, dia nampiakarina ho any an-danitra ka nipetraka eo an-kavanan'Andriamanitra","<n>[Fa izy ireo kosa dia lasa ka nitori-teny eny tontolo eny, ary ny Tompo niara-niasa taminy ka nanamarina ny teny tamin'ny famantarana izay nomba azy. Amena]</n>"
mg_42,1,2,0.95,araka izay efa noraisintsika natolotry ny vavolombelona izay sady nahita maso no efa mpitory* ny teny hatramin'ny voalohany: [*Grika: mpanompo],araka izay efa noraisintsika natolotry ny vavolombelona izay sady nahita maso no efa mpitory ny teny hatramin'ny voalohany:<n>[Gr. mpanompo]</n>
mg_42,2,52,0.94,Ary Jesoa nitombo saina sy tena* sady nandroso fitia tamin'Andriamanitra sy ny olona. [*Na: taona],Ary Jesosy nitombo saina sy tena sady nandroso fitia tamin'Andriamanitra sy ny olona.<n>[Na: taona]</n>
mg_42,3,27,0.93,"zanak'i Joanana, zanak'i Resa, zanak'i Zerobabela, zanak'i Sealtiela*, zanak'i Nery, [*Grika: Salatiela]","zanak'i Joanana, zanak'i Resa, zanak'i Zerobabela, zanak'i Sealtiela, zanak'i Nery,<n>[Gr. Salatiela]</n>"
mg_42,3,33,0.95,"zanak'i Aminadaba, zanak'i Arny*, zanak'i Hezrona, zanak'i Fareza, zanak'i Joda, [*Na: (Arama)]","zanak'i Aminadaba, zanak'i Arny, zanak'i Hezrona, zanak'i Fareza, zanak'i Joda,<n>[Na: (Arama)]</n>"
mg_42,4,4,0.92,Fa Jesoa namaly azy ka nanao hoe: Voasoratra hoe: Tsy mofo ihany no hiveloman'ny olona (Deoteronomia 8:3).,Fa Jesosy namaly azy ka nanao hoe: Voasoratra hoe: Tsy mofo ihany no hiveloman'ny olona (Deo. 8. 3).
mg_42,4,8,0.90,"Fa Jesoa namaly ka nanao taminy hoe: Voasoratra hoe: Jehovah Andriamanitrao no hiankohofanao, ary Izy irery ihany no hotompoinao (Deoteronomia 6:13; Deoteronomia 10:20).","Fa Jesosy namaly ka nanao taminy hoe: Voasoratra hoe: Jehovah Andriamanitrao no hiankohofanao, ary Izy irery ihany no hotompoinao (Deo. 6. 13; 10. 20)."
mg_42,4,11,0.94,"Ary eny an-tanany no hitondran'ireo Anao, Fandrao ho tafintohina amin'ny vato ny tongotrao (Salamo 91:11-12).","Ary eny an-tànany no hitondran'ireo Anao, Fandrao ho tafintohina amin'ny vato ny tongotrao (Sal. 91. 11, 12)."
mg_42,4,12,0.93,Fa Jesoa namaly ka nanao taminy hoe: Voalaza hoe: Aza maka fanahy an'i Jehovah Andriamanitrao (Deoteronomia 6:16).,Fa Jesosy namaly ka nanao taminy hoe: Voalaza hoe: Aza maka fanahy an'i Jehovah Andriamanitrao (Deo. 6. 16).
mg_42,4,19,0.92,Hitory ny taona ankasitrahan'i Jehovah (Isaia 61:1-2).,"Hitory ny taona ankasitrahan'i Jehovah (Isa. 61. 1, 2)."
mg_42,5,21,0.94,"Fa ny mpanora-dalàna sy ny Fariseo niara-nisaina hoe: Iza moa Ity miteny ratsy* Ity? Iza no mahavela heloka, afa-tsy Andriamanitra ihany? [*Grika: manao blasfemia; izahao Matio 9:3]","Fa ny mpanora-dalàna sy ny Fariseo niara-nisaina hoe: Iza moa Ity miteny ratsy Ity? Iza no mahavela heloka, afa-tsy Andriamanitra ihany?<n>[Gr. manao blasfemia; izahao Mat. 9.3]</n>"
mg_42,5,27,0.95,"Ary rehefa afaka izany, dia nandeha Jesoa ka nahita mpamory hetra atao hoe Levy, nipetraka teo am-pamorian-ketra*; dia hoy Izy taminy: Manaraha Ahy. [*Izahao Matio 9:9]","Ary rehefa afaka izany, dia nandeha Jesosy ka nahita mpamory hetra atao hoe Levy, nipetraka teo am-pamorian-ketra; dia hoy Izy taminy: Manaraha Ahy.<n>[Izahao Mat. 9,9]</n>"
mg_42,6,6,0.93,"Ary nony tamin'ny Sabata hafa koa dia niditra tao amin'ny synagoga Jesoa ka nampianatra; ary nisy lehilahy anankiray maty* tanana tao. [*Grika: efa maina, na malazo]","Ary nony tamin'ny Sabata hafa koa niditra tao amin'ny synagoga Jesosy ka nampianatra; ary nisy lehilahy anankiray maty tanana tao.<n>[Gr. efa maina, na malazo]</n>"
mg_42,6,16,0.93,"sy Jodasy, zanak'i* Jakoba, ary Jodasy Iskariota, ilay tonga namadika. [*Na: rahalahin'i]","sy Jodasy, zanak'i Jakoba, ary Jodasy Iskariota, izay tonga namadika. <n>[ Na: rahalahin'i]</n>"
mg_42,6,48,0.70,"Tahaka ny olona nanao trano izy, izay nihady lalina ary nanisy fanorenana teo ambonin'ny vatolampy; ary nony tondraka ny rano, dia namely mafy izany trano izany ny riaka, nefa tsy nahahozongozona azy, satria tsara fanorenana* izy. [*Na: naorina teo ambonin'ny vatolampy izy]","Tahaka ny olona nanao trano izy, izay nihady lalina ary nanisy fanorenana teo ambonin'ny vatolampy; ary nony tondraka ny rano, dia namely mafy izany trano izany ny riaka, nefa tsy nahahozongozona azy, satria tsara fanorenana izy.<n>[Na: naorina teo ambonin'ny vatolampy izy]</n>Fa izay mandre, fa tsy mankatò, dia tahaka ny olona izay nanao trano teo ambonin'ny tany, fa tsy nanisy fanorenana; dia namely azy mafy ny riaka, ka dia nirodana niaraka tamin'izay izy; ary loza ny naharavan'izany trano izany."
mg_42,8,26,0.95,Dia nitody tany amin'ny tanin'ny Gerasena* izay tandrifin'i Galilia izy. [*Na: (Gadarena)],Dia nitody tany amin'ny tanin'ny Gerasena izay tandrifin'i Galilia izy.<n>[Na: (Gadarena)]</n>
mg_42,8,28,0.90,"Fa nony nahita an'i Jesoa izy, dia niantso mafy sady niankohoka teo anatrehany ka niteny tamin'ny feo mahery hoe: Moa mifaninona akory izaho sy Ianao, ry Jesoa, Zanak'Andriamanitra Avo Indrindra o? masìna Ianao, aza mampijaly ahy.","Fa nony nahita an'i Jesosy izy, dia niantso mafy sady niankohoka teo anatrehany ka niteny tamin'ny feo mahery hoe: Moa mifaninona akory Hianao, Jesosy, Zanak'Andriamanitra Avo Indrindra ô? masina Hianao, aza mampijaly ahy."
mg_42,8,44,0.94,"Dia nankao ivohon'i Jesoa ravehivavy ka nanendry ny somotraviavin-dambany, ary niaraka tamin'izay dia nijanona ny aretiny*. [*Grika: fandehanan'ny ràny]","Dia nankao ivohon'i Jesosy ravehivavy ka nanendry ny somotraviavin-dambany, ary niaraka tamin'izay dia nijanona ny aretiny.<n>[Gr. fandehanan'ny ràny]</n>"
mg_42,8,48,0.92,"Ary hoy Jesoa taminy: Anaka, ny finoanao no nahasitrana* anao; mandehana soa aman-tsara. [*Grika: nahavonjy]","Ary hoy Jesosy taminy: Anaka, ny finoanao no nahasitrana anao; mandehana soa aman-tsara.<n>[Gr. nahavonjy]</n>"
mg_42,8,50,0.93,"Fa Jesoa, raha nahare, dia namaly azy ka nanao hoe: Aza matahotra; minoa fotsiny ihany, dia ho velona* izy. [*Grika: voavonjy]","Fa Jesosy, raha nahare, dia namaly azy ka nanao hoe: Aza matahotra; minoa fotsiny ihany, dia ho velona izy.<n>[Gr. voavonjy]</n>"
mg_42,9,25,0.92,"Fa inona no soa azon'ny olona, raha mahazo izao tontolo izao aza, kanefa very ny ainy*, na maty antoka izy? [*Na: ny fanahiny]","Fa inona no soa azon'ny olona, raha mahazo izao tontolo izao aza, kanefa very ny ainy, na matiantoka, izany izy?<n>[Na: ny fanahiny]</n>"
mg_42,10,3,0.94,"Mandehana; indro, Izaho maniraka anareo tahaka ny zanak'ondry eo ampovoan'ny amboadia*. [*lopa]","Mandehana; indro, Izaho maniraka anareo tahaka ny zanak'ondry eo ampovoan'ny amboadia.<n>[ lopa]</n>"
mg_42,10,15,0.93,"Ary ianao, ry Kapernaomy, hasandratra hatrany an-danitra va ianao? Haetry hatrany amin'ny fiainan-tsy hita* ianao. [*Grika: Hadesy]","Ary ianao, ry Kapernaomy, hasandratra hatrany an-danitra va ianao? Haetry hatrany amin'ny fiainan-tsi-hita ianao.<n>[Gr. Hadesy]</n>"
mg_42,10,27,0.94,"Ary izy namaly ka nanao hoe: Tiava an'i Jehovah Andriamanitrao amin'ny fonao rehetra sy ny fanahinao rehetra sy ny herinao rehetra ary ny sainao rehetra (Deoteronomia 6:5) ary, Tiava ny namanao tahaka ny tenanao (Levitikosy 19:18).","Ary izy namaly ka nanao hoe: Tiava an'i Jehovah Andriamanitrao amin'ny fonao rehetra sy ny fanahinao rehetra sy ny herinao rehetra ary ny sainao rehetra (Deo. 6. 5); ary, Tiava ny namanao tahaka ny tenanao (Lev. 19. 18)."
mg_42,11,2,0.95,"Ary hoy Izy taminy: Raha mivavaka ianareo, dia ataovy hoe: Ray o* hohamasinina anie ny anaranao. Ho tonga anie ny fanjakanao**. [*Na: Rainay Izay any an-danitra] [** Ampio hoe: (Hatao anie ny sitraponao ety an-tany tahaka ny any an-danitra)]","Ary hoy Izy taminy: Raha mivavaka ianareo, dia ataovy hoe: Ray ô hohamasinina anie ny anaranao. Ho tonga anie ny fanjakanao. <n>[ Na: Rainay Izay any an-danitra]</n> <n>[ Ampio hoe: (Hatao anie ny sitraponao etỳ an-tany tahaka ny any an-danitra)]</n>"
mg_42,11,8,0.95,"Hoy Izaho aminareo: Na dia tsy hiainga hanome azy noho ny fisakaizana aza izy, dia hifoha ihany izy noho ny fitarainany fatratra* ka hanome azy izay ilainy. [*Grika:tsy fitandroany henatra]","Hoy Izaho aminareo: Na dia tsy hiainga hanome azy noho ny fisakaizana aza izy, dia hifoha ihany izy noho ny fitarainany fatratra ka hanome azy izay ilainy.<n>[Gr.tsi-fitandroany henatra]</n>"
mg_42,11,53,0.76,"Ary raha niala teo Izy, dia noteren*'ny mpanora-dalàna sy ny Fariseo fatratra sady nadinadininy zavatra maro. [*Na: tezitra mafy taminy]","Ary raha niala teo Izy, dia noteren'ny mpanora-dalàna sy ny Fariseo fatratra sady nadinadininy zavatra maro.<n>[Na: tezitra mafy taminy]</n>Dia nihendry Azy izy ireo hamandrihany Azy tamin'ny teny naloaky ny vavany."
mg_42,12,10,0.95,Fa na zovy na zovy no hanao teny hanohitra ny Zanak'olona dia hahazo famelan-keloka; fa izay miteny ratsy* ny Fanahy Masina dia tsy mba hahazo famelan-keloka. [*Grika: manao blasfemia; izahao Matio 9:3],Fa na zovy na zovy no hanao teny hanohitra ny Zanak'olona dia hahazo famelan-keloka; fa izay miteny ratsy ny Fanahy Masina dia tsy mba hahazo famelan-keloka.<n>[Gr. manao blasfemia; izahao Mat.9.3]</n>
mg_42,12,25,0.92,"Ary iza moa ao aminareo, na dia manahy aza, no mahay manampy ny andro iainany*, na dia kely monja** aza? [*Na: ny halavan'ny tenany] [**Grika: hakiho iray]","Ary iza moa ao aminareo, na dia manahy aza, no mahay manampy ny andro iainany, na dia kely monja aza? <n>[Na: ny halavan'ny tenany]</n> <n>[Gr. hakiho iray]</n>"
mg_42,12,58,0.86,"Fa raha miara-mandeha amin'ny manana ady aminao ianao hanatrika ny mpanapaka, raha mbola any an-dàlana dia mazotoa manao izay ahafahanao aminy, fandrao hitondra anao any amin'ny mpitsara izy, ary ny mpitsara hanolotra anao amin'ny mpamatotra, ary ny mpamatotra hanao anao ao an-tranomaizina.","Fa raha miara-mandeha amin'ny manana ady aminao ianao hanatrika ny mpanapaka, raha mbola any an-dalana dia mazotoa manao izay hahafahanao aminy, fandrao hitondra anao any amin'ny mpitsara izy, ary ny mpitsara hanolotra anao amin'ny mpamatotra, ary ny mpamatotra hanao anao ao an-tranomaizina.Lazaiko aminao fa tsy ho afaka ao ianao, ambara-pandoanao ny variraiventy farany indrindra."
mg_42,16,23,0.94,"ary raha nijaly tao amin'ny fiainan-tsy hita* izy ka niandrandra, dia nahita an'i Abrahama teny lavitra eny sy Lazarosy teo an-tratrany. [*Grika: Hadesy]","ary raha nijaly tao amin'ny fiainan-tsi-hita izy ka niandrandra, dia nahita an'i Abrahama teny lavitra eny sy Lazarosy teo an-tratrany.<n>[Gr. Hadesy]</n>"
mg_42,17,11,0.94,"Ary raha niakatra ho any Jerosalema Jesoa, dia nandeha namaky an'i* Samaria sy Galilia. [*Na: Teny anelanelan'i]","Ary raha niakatra ho any Jerosalema Jesosy, dia nandeha namaky an'i Samaria sy Galilia.<n>[Na: Teny anelanelan'i]</n>"
mg_42,17,21,0.95,"Ary ny olona tsy hanao hoe: Indro, ety! na ery ! fa, indro, ny fanjakan'Andriamanitra dia ao anatinareo*. [*Na: efa eo aminareo]","Ary ny olona tsy hanao hoe: Indro, etỳ! na erỳ ! fa, indro, ny fanjakan'Andriamanitra dia ao anatinareo.<n>[Na: efa eo aminareo]</n>"
mg_42,17,28,0.95,"Ary tahaka ny tamin'ny andron'i Lota koa: nihinana izy, nisotro izy, nividy izy, nivarotra izy, namboly izy, nanao trano izy;","Ary tahaka ny tamin'ny andron'i Lota koa: nihinana izy, nisotro izy, nivarotra izy, namboly izy, nanao trano izy;"
mg_42,17,36,0.25,"Hisy roa lahy any an-tsaha; ny anankiray horaisina, ary ny anankiray havela","Dia namaly izy ireo ka nanao taminy hoe: Aiza, Tompoko? Ary hoy Izy taminy: Izay itoeran'ny faty, dia any koa no hiangonan'ny voromahery."
mg_42,18,42,0.46,Dia hoy Jesoa taminy: Mahirata ny masonao; ny finoanao no efa nahavonjy anao.,"Dia hoy Jesosy taminy: Mahirata ny masonao; ny finoanao no efa nahavonjy anao.Ary niaraka tamin'izay dia nahiratra ny masony, ka nanaraka an'i Jesosy izy sady nankalaza an'Andriamanitra; ary ny vahoaka rehetra, raha nahita, dia nidera an'Andriamanitra."
mg_42,19,46,0.95,ka nanao taminy hoe: Efa voasoratra hoe: Ny tranoko dia trano fivavahana (Isaia 56:7) fa ianareo kosa nanao azy ho zohy fieren'ny jiolahy (Jeremia 7:11).,ka nanao taminy hoe: Efa voasoratra hoe: Ny tranoko dia trano fivavahana (Isa. 56. 7); fa ianareo kosa nanao azy ho zohy fieren'ny jiolahy (Jery. 7. 11).
mg_42,20,43,0.95,Ambara-panaoko ny fahavalonao ho fitoeran'ny tongotrao (Salamo 110:1).,Ambara-panaoko ny fahavalonao ho fitoeran'ny tongotrao (Sal. 110. 1).
mg_42,20,46,0.77,"Mitandrema ny amin'ny mpanora-dalàna, izay mazoto mandehandeha miakanjo akanjo lava, ary te-hoharabain'ny olona eny an-tsena, sady tia ny fipetrahana aloha eo amin'ny synagoga sy ny fitoerana aloha eo amin'ny fanasana,","Mitandrema ny amin'ny mpanora-dalàna, izay mazoto mandehandeha miakanjo akanjo lava, ary te-hoharabain'ny olona eny an-tsena, sady tia ny fipetrehana aloha eo amin'ny synagoga sy ny fitoerana aloha eo amin'ny fanasana,ary mandany ny tranon'ny mpitondratena sy manao vavaka lavareny mba ho fiolahana; ireo dia hahazo fahamelohana mafimafy kokoa."
mg_42,22,70,0.36,Dia hoy izy rehetra: Zanak'Andriamanitra va ary Ianao? Ary hoy Izy taminy: Voalazanareo fa Izaho no Izy.,Dia hoy izy rehetra: Zanak'Andriamanitra va ary Hianao? Ary hoy Izy taminy: Voalazanareo fa Izaho no Izy.Ary hoy ireo: Ka inona indray no ilantsika vavolombelona? fa ny tenantsika no efa nandre tamin'ny vavany.
mg_42,23,42,0.94,"Ary hoy izy: Jesoa o, tsarovy aho, rehefa avy amin'ny fanjakanao Ianao.","Ary hoy izy: Jesosy ô, tsarovy aho, rehefa avy amin'ny fanjakanao Hianao."
mg_42,24,42,0.93,Ary dia nomeny tapaky ny hazandrano voatono* Izy. [*Ampio hoe: sy tantely],Ary dia nomeny tapaky ny hazandrano voatono Izy.<n>[ Ampio hoe: sy tantely]</n>
mg_43,1,9,0.95,"Tao ny tena Mazava* Izay mahazava ny olona rehetra tonga amin'izao tontolo izao**. [*Na: Izy no tena Mazava] [**Na: Ny Mazava marina, Izay mahazava ny olona rehetra, dia tonga amin'izao tontolo izao]","Tao ny tena Mazava Izay mahazava ny olona rehetra tonga amin'izao tontolo izao. <n>[Na: Izy no tena Mazava]</n> <n>[Na: Ny Mazava marina, Izay mahazava ny olona rehetra, dia tonga amin'izao tontolo izao]</n>"
mg_43,1,15,0.70,"Jaona nanambara Azy ka niantso hoe: Izy Ilay nolazaiko hoe: Izay avy ao aoriako dia efa tonga eo alohako, satria talohako Izy.",Jaona nanambara Azy ka niantso hoe: Izy Ilay nolazaiko hoe: Izay avy
mg_43,1,50,0.63,Jesoa namaly ka nanao taminy hoe: Moa ny nilazako taminao va fa hitako teo ambanin'ny aviavy ianao no inoanao? Hahita zavatra lehibe noho izany ianao.,Jesosy namaly ka nanao taminy hoe: Moa ny nilazako taminao va fa hitako teo ambanin'ny aviavy ianao no inoanao? Hahita zavatra lehibe noho izany ianao.Ary hoy koa Izy taminy: Lazaiko aminareo marina dia marina tokoa: Ho hitanareo ny lanitra misokatra sy ny anjelin'Andriamanitra miakatra sy midina eo ambonin'ny Zanak'olona.
mg_43,2,24,0.57,"Fa Jesoa tsy natoky azy, satria Izy nahalala ny olona rehetra;","Fa Jesosy tsy natoky azy, satria Izy nahalala ny olona rehetra;ary tsy nitady olona hanambara olona Izy; fa ny tenany nahalala izay tao am-pon'ny olona."
mg_43,3,18,0.92,"Izay mino Azy dia tsy helohina*; fa izay tsy mino kosa dia efa voaheloka** rahateo, satria tsy nino ny anaran'ny Zanaka-lahy Tokan'Andriamanitra izy. [*Grika: tsaraina] [**Grika: voatsara]","Izay mino Azy dia tsy helohina; fa izay tsy mino kosa dia efa voaheloka rahateo, satria tsy nino ny anaran'ny Zanaka-lahy Tokan'Andriamanitra izy. <n>[Gr. tsaraina]</n> <n>[Gr. voatsara]</n>"
mg_43,4,53,0.76,Koa fantatry ny rainy fa tamin'izay indrindra no ora nanaovan'i Jesoa taminy hoe: Velona ny zanakao. Dia nino izy mbamin'ny ankohonany rehetra.,"Koa fantatry ny rainy fa tamin'izay indrindra no ora nanaovan'i Jesosy taminy hoe: Velona ny zanakao. Dia nino izy mbamin'ny ankohonany rehetra.Izany no famantarana faharoa nataon'i Jesosy, fony Izy tonga tany Galilia avy tany Jodia."
mg_43,5,3,0.94,"Tao no nandrian'ny marary maro, ny jamba, ny mandringa, ny mati-ila*. [*Grika: efa maina, na malazo. Ampio hoe: [*miandry ny fihetsehan'ny rano]","Tao no nandrian'ny marary maro, ny jamba, ny mandringa, ny mati-ila. <n>[Gr. efa maina, na malazo. Ampio hoe: <n>[miandry ny fihetsehan'ny rano]</n>"
mg_43,5,28,0.94,Aza gaga amin'izany; fa avy ny andro* izay handrenesan'ny olona rehetra any am-pasana ny feony; [*Grika: ora],Aza gaga amin'izany; fa avy ny andro izay handrenesan'ny olona rehetra any am-pasana ny feony; <n>[Gr. ora]</n>
mg_43,5,39,0.94,"Dinihinareo* ny Soratra Masina, satria ataonareo fa ao aminy no anananareo fiainana mandrakizay, ary ireny no manambara Ahy. [*Na: Diniho]","Dinihinareo ny Soratra Masina, ataonareo fa ao aminy no anananareo fiainana mandrakizay, ary ireny no manambara Ahy. <n>[Na: Diniho]</n>"
mg_43,6,70,0.65,"Jesoa namaly azy hoe: Tsy Izaho va no nifidy anareo roa ambin'ny folo lahy, nefa ny anankiray aminareo aza dia devoly?","Jesosy namaly azy hoe: Tsy Izaho va no nifidy anareo roa ambin'ny folo lahy, nefa ny anankiray aminareo aza dia devoly?Fa Izy nilaza an'i Jodasy, zanak'i Simona Iskariota; fa izy no ilay efa hamadika Azy, nefa isan'ny roa ambin'ny folo lahy."
mg_43,7,52,0.81,"Izy ireo namaly ka nanao taminy hoe: Ianao koa angaha mba avy any Galilia? Diniho, dia ho hitanao fa tsy mba misy mpaminany avy any Galilia.","Izy ireo namaly ka nanao taminy hoe: Hianao koa angaha mba avy any Galilia? Diniho, dia ho hitanao fa tsy mba misy mpaminany avy any Galilia.<n>[Dia samy lasa nody ho any an-tranony avy izy rehetra;]</n>"
mg_43,8,17,0.93,Ary voasoratra ao amin'ny lalànareo fa marina ny fanambaran'ny olona roa lahy (Deoteronomia 19:15).,Ary voasoratra ao amin'ny lalànareo fa marina ny fanambaran'ny olona roa lahy (Deo. 19. 15).
mg_43,8,25,0.95,Dia hoy ireo taminy: Iza moa Ianao? Hoy Jesoa taminy: Ilay nolazaiko taminareo hatramin'ny voalohany*. [*Na: Ilay lazaiko aminareo indrindra],Dia hoy ireo taminy: Iza moa Hianao? Hoy Jesosy taminy: Ilay nolazaiko taminareo hatramin'ny voalohany. <n>[Na: Ilay lazaiko aminareo indrindra]</n>
mg_43,8,35,0.93,Fa ny andevo tsy mitoetra ao an-trano mandrakariva*; fa ny zanaka no mitoetra mandrakariva*. [*Grika: mandrakizay],Fa ny andevo tsy mitoetra ao an-trano mandrakariva; fa ny zanaka no mitoetra mandrakariva. <n>[Gr. mandrakizay]</n>
mg_43,8,44,0.12,"Ianareo avy tamin'ny devoly rainareo, ka izay sitraky ny rainareo no tianareo hatao. Izy dia mpamono olona hatramin'ny taloha, ary tsy nitoetra tamin'ny* marina, satria tsy misy marina aminy. Raha mandainga izy, dia ny azy no lazainy, satria mpandainga izy sady rain'ny lainga. [*Na: (mitoetra amin')]","Hianareo avy tamin'ny devoly rainareo, ka izay sitraky ny rainareo no tianareo hatao. Izy dia mpamono olona hatramin'ny taloha, ary tsy nitoetra tamin'ny marina, satria tsy misy marina aminy. Raha mandainga izy, dia ny azy no lazainy, satria mpandainga izy sady rain'ny lainga. <n>[Na: (mitoetra amin')]</n>"
mg_43,8,58,0.54,"Hoy Jesoa taminy: Lazaiko aminareo marina tokoa: Fony tsy mbola ary Abrahama, dia Izy Aho.","Hoy Jesosy taminy: Lazaiko aminareo marina tokoa: Fony tsy mbola ary Abrahama, dia Izy Aho.Dia naka vato hitoraka Azy ny olona; fa Jesosy niery ka niala teo an-kianjan'ny tempoly. <n>[Ampio hoe: ary namaky teo afovoan'ny olona ka lasa]</n>"
mg_43,10,33,0.94,"Ny Jiosy namaly Azy hoe: Tsy asa tsara no itorahanay vato Anao, fa fitenenan-dratsy*, satria olona ihany Ianao, nefa manao ny tenanao ho Andriamanitra. [*Grika: blasfemia, izahao Matio 9:3]","Ny Jiosy namaly Azy hoe: Tsy asa tsara no itorahanay vato Anao, fa fitenenan-dratsy, satria olona ihany Hianao, nefa manao ny tenanao ho Andriamanitra. <n>[Gr. blasfemia, izahao Mat. 9,3]</n>"
mg_43,10,39,0.92,Dia nitady hisambotra Azy indray ny Jiosy; fa nandositra azy* Izy. [*Grika: Ny tànany],Dia nitady hisambotra Azy indray ny Jiosy; fa nandositra azy Izy. <n>[Gr. Ny tànany]</n>
mg_43,11,12,0.93,"Dia hoy ny mpianatra taminy: Tompoko, raha matory izy, dia ho tsara ihany*. [*Grika: hovonjena]","Dia hoy ny mpianatra taminy: Tompoko, raha matory izy, dia ho tsara ihany. <n>[Gr. hovonjena]</n>"
mg_43,11,35,0.90,Jesoa nitomany.,Jesosy nitomany.
mg_43,11,56,0.69,"Dia nitady an'i Jesoa ireo, raha nijanona teo an-kianjan'ny tempoly, ka niresaka hoe: Ahoana no hevitrareo? Tsy mba ho tonga amin'ny andro firavoravoana va Izy?","Dia nitady an'i Jesosy ireo, raha nijanona teo an-kianjan'ny tempoly, ka niresaka hoe: Ahoana no hevitrareo? Tsy mba ho tonga amin'ny andro firavoravoana va Izy?Ary ny lohan'ny mpisorona sy ny Fariseo efa nandidy fa raha misy olona mahalala izay itoerany, dia tsy maintsy milaza, mba hisamborany Azy."
mg_43,15,25,0.93,fa tonga izany mba hahatanteraka ny teny izay voasoratra ao amin'ny lalàny hoe: Halany foana Aho (Salamo 69:4; Salamo 109:3).,fa tonga izany mba hahatanteraka ny teny izay voasoratra ao amin'ny lalàny hoe: Halany foana Aho (Sal. 69. 4; 109. 3).
mg_43,15,26,0.74,"Fa raha tonga ny Mpananatra*, Izay hirahiko ho aminareo avy amin'ny Ray, dia ny Fanahin'ny fahamarinana Izay mivoaka avy amin'ny Ray, dia Izy no ho vavolombelona hanambara Ahy. [*Izahao Jaona 14:16]","Fa raha tonga ny Mpananatra, Izay hirahiko ho aminareo avy amin'ny Ray, dia ny Fanahin'ny fahamarinana Izay mivoaka avy amin'ny Ray, dia Izy no ho vavolombelona hanambara Ahy. <n>[ Izahao 14.16]</n>Ary ianareo koa dia vavolombelona hanambara, satria ianareo efa teto amiko hatramin'ny voalohany."
mg_43,16,7,0.94,"Fa Izaho milaza ny marina aminareo; mahatsara anareo ny fialàko; fa raha tsy hiala Aho, dia tsy ho avy aty aminareo ny Mpananatra*; fa raha handeha Aho, dia hirahiko ho aty aminareo Izy. [*Izahao Jaona 14:16]","Fa Izaho milaza ny marina aminareo; mahatsara anareo ny fialàko; fa raha tsy hiala Aho, dia tsy ho avy aminareo ny Mpananatra; fa raha handeha Aho, dia hirahiko hoy aminareo Izy. <n>[ Izahao 14.16]</n>"
mg_43,16,32,0.65,"Indro, avy ny andro*, eny, efa tonga, izay hielezanareo samy ho any amin'ny azy avy, ary hilaozanareo ho irery Aho; kanefa tsy irery Aho, fa ny Ray no ato amiko. [*Gr ora]","Indro, avy ny andro, eny, efa tonga, izay hielezanareo samy ho any amin'ny azy avy, ary hilaozanareo ho irery Aho; kanefa tsy irery Aho, fa ny Ray no ato amiko. <n>[Gr ora]</n>Izany teny izany efa nolazaiko taminareo mba hanananareo fiadanana amiko. Atỳ amin'izao tontolo izao no ahitanareo fahoriana; nefa matokia; Izaho efa naharesy izao tontolo izao."
mg_43,17,16,0.91,"Tsy naman*'izao tontolo izao izy, tahaka Ahy tsy naman*'izao tontolo izao. [*Grika: avy amin']","Tsy naman izao tontolo izao izy, tahaka Ahy tsy naman'izao tontolo izao. <n>[Gr. avy amin']</n>"
mg_43,17,25,0.52,"Ray marina o, tsy nahalala Anao izao tontolo izao; fa Izaho nahalala Anao, ary ireto efa mahalala fa Ianao no naniraka Ahy.","Ray marina ô, tsy nahalala Anao izao tontolo izao; fa Izaho nahalala Anao, ary ireto efa mahalala fa Hianao no naniraka Ahy.Ary efa nampahafantariko azy ny anaranao, ary mbola hampahafantariko ihany, mba ho ao aminy ny fitiavana izay nitiavanao Ahy, ary Izaho koa ho ao aminy."
mg_43,18,33,0.93,"Ary niditra tao anati-rova* indray Pilato, dia niantso an'i Jesoa ka nanao taminy hoe: Ianao va no Mpanjakan'ny Jiosy? [*Grika: pretoria]","Ary niditra tao anati-rova indray Pilato, dia niantso an'i Jesosy ka nanao taminy hoe: Hianao va no Mpanjakan'ny Jiosy? <n>[Gr. pretoria]</n>"
mg_43,18,37,0.18,"Ary hoy Pilato taminy: Mpanjaka va ary Ianao ? Jesoa namaly hoe: Voalazanao fa mpanjaka Aho. Izao no nahaterahako, ary izao no nihaviako amin'izao tontolo izao, dia ny hanambara ny marina. Izay rehetra avy amin'ny marina dia mihaino ny feoko.","Ary hoy Pilato taminy: Mpanjaka va ary Hianao ? Jesosy namaly hoe: Voalazanao fa mpanjaka Aho. Izao no nahaterahako, ary izao no nihaviako amin'izao tontolo izao, dia ny hanambara ny marina. Izay rehetra avy amin'ny marina dia mihaino ny feoko."
mg_43,19,9,0.92,dia niditra tao anati-rova* indray izy ka nanao tamin'i Jesoa hoe: Avy aiza moa Ianao? Fa tsy namaly azy akory Jesoa. [*Grika: pretoria],dia niditra tao anati-rova indray izy ka nanao tamin'i Jesosy hoe: Avy aiza moa Hianao? Fa tsy namaly azy akory Jesosy. <n>[Gr. pretoria]</n>
mg_43,19,36,0.93,Fa tonga izany mba hahatanteraka ny Soratra Masina hoe: Tsy hisy hotapahina ny taolany (Eksodosy 12:46; Salamo 34:20).,Fa tonga izany mba hahatanteraka ny Soratra Masina hoe: Tsy hisy hotapahina ny taolany (Eks. 12. 46; Sal. 34. 20).
mg_43,20,30,0.61,"Ary nisy famantarana maro hafa koa nataon'i Jesoa teo imason'ny mpianatra, izay tsy voasoratra amin'ity boky ity;","Ary nisy famantarana maro hafa koa nataon'i Jesosy teo imason'ny mpianatra, izay tsy voasoratra amin'ity boky ity;fa voasoratra izao, mba hinoanareo fa Jesosy no Kristy, Zanak'Andriamanitra, ary mba hanananareo fiainana amin'ny anarany, raha mino ianareo."
mg_43,21,5,0.92,"Dia hoy Jesoa taminy: Anaka, manan-kanina* va ianareo? Dia namaly Azy hoe izy: Tsia. [*Grika: laoka]","Dia hoy Jesosy taminy: Anaka, manan-kanina va ianareo? Dia namaly Azy hoe izy: Tsia. <n>[Gr. laoka]</n>"
mg_43,21,15,0.69,"Ary rehefa nisakafo izy, dia hoy Jesoa tamin'i Simona Petera: Simona, zanak'i Jaona, moa ny fitiavanao Ahy mihoatra noho ny fitiavan'ireto? Hoy izy taminy: Eny, Tompoko; Ianao mahalala fa tia Anao aho. Dia hoy Izy taminy: Fahano ary ny ondrikeliko.","Ary rehefa nisakafo izy, dia hoy Jesosy tamin'i Simona Petera: Simona, zanak'i Jaona, moa ny fitiavanao Ahy mihoatra noho ny fitiavan'ireto? Hoy izy taminy: Eny, Tompoko; Hianao mahalala fa tia Anao aho. Dia hoy Izy taminy: Fahano ary ny ondrikeliko."
mg_44,2,27,0.91,Fa tsy ho foinao ho any amin'ny fiainan-tsy hita* ny aiko; Ary tsy hamela ny Iray Masinao ho tratry ny lo Ianao; [*Grika: Hadesy],Fa tsy ho foinao ho any amin'ny fiainan-tsi-hita ny aiko; Ary tsy hamela ny Iray Masinao ho tratry ny lò Hianao; <n>[Gr. Hadesy]</n>
mg_44,2,28,0.95,Nampahafantatra ahy ny lalan'aina Ianao; Hampifaly ahy indrindra amin'ny tavanao (Salamo 16:8-11).,Nampahafantatra ahy ny lalan'aina Hianao; Hampifaly ahy indrindra amin'ny tavanao (Sal. 16. 8-11).
mg_44,2,31,0.94,"koa raha nahita rahateo izy, dia nilaza ny fitsanganan'i Kristy, fa tsy nafoy ho any amin'ny fiainan-tsy hita* Izy, ary ny nofony tsy tratry ny lo. [*Grika: Hadesy]","koa raha nahita rahateo izy, dia nilaza ny fitsanganan'i Kristy, fa tsy nafoy ho any amin'ny fiainan-tsi-hita Izy, ary ny nofony tsy tratry ny lò. <n>[Gr. Hadesy]</n>"
mg_44,2,35,0.95,Ambara-panaoko ny fahavalonao ho fitoeran-tongotrao (Salamo 110:1).,Ambara-panaoko ny fahavalonao ho fitoeran-tongotrao (Sal. 110. 1).
mg_44,3,23,0.93,Ary izay rehetra tsy hihaino izany mpaminany izany dia haringana tsy ho eo amin'ny olona (Deoteronomia 18:15-19).,"Ary izay rehetra tsy hihaino izany mpaminany izany dia haringana tsy ho eo amin'ny olona (Deo. 18. 15, 19)."
mg_44,3,25,0.66,"Ianareo no zanaky ny mpaminany sy ny fanekena nataon'Andriamanitra tamin'ny razanareo, raha hoy Izy tamin'i Abrahama: Ary amin'ny taranakao no hitahiana ny firenena rehetra ambonin'ny tany (Genesisy 22:18).","Hianareo no zanaky ny mpaminany sy ny fanekena nataon'Andriamanitra tamin'ny razanareo, raha hoy Izy tamin'i Abrahama: Ary amin'ny taranakao no hitahiana ny firenena rehetra ambonin'ny tany (Gen. 22. 18).Andriamanitra, rehefa nanangana ny Mpanompony, dia naniraka Azy ho aminareo voalohany, mitahy anareo amin'ny fialanareo rehetra amin'ny faharatsianareo isam-batan'olona. <n>[Na: ny Zanany]</n>"
mg_44,6,11,0.93,dia nisy olona nomeny vava hanao hoe: Efa renay niteny ratsy* an'i Mosesy sy Andriamanitra ity. [*Grika: manao blasfemia; izahao Matio 9:3],dia nisy olona nomeny vava hanao hoe: Efa renay niteny ratsy an'i Mosesy sy Andriamanitra ity. <n>[ Gr. manao blasfemia; izahao Mat. 9.3]</n>
mg_44,6,14,0.66,Fa efa renay izy nilaza fa ilay Jesoa avy any Nazareta dia handrava ity fitoerana ity sy hanova ny fomba izay natolotr'i Mosesy antsika.,"Fa efa renay izy nilaza fa ilay Jesosy avy any Nazareta dia handrava ity fitoerana ity sy hanova ny fomba izay natolotr'i Mosesy antsika.Ary izay rehetra nipetraka teo amin'ny Synedriona, raha nandinika an'i Stefana, dia nahita ny tarehiny tahaka ny tarehin'anjely. ]</n>"
mg_44,7,28,0.94,Moa ta-hamono ahy koa va ialahy tahaka ny namonoan'ialahy ilay Egyptiana omaly? (Eksodosy 2:13-14.),"Moa ta-hamono ahy koa va ialahy tahaka ny namonoan'ialahy ilay Egyptiana omaly? (Eks. 2. 13, 14.)"
mg_44,7,50,0.93,Tsy ny tanako va no nanao izao zavatra rehetra izao? (Isaia 66:1-2.),"Tsy ny tanako va no nanao izao zavatra rehetra izao? (Isa. 66. 1, 2.)"
mg_44,7,59,0.54,"Ary ny olona nitora-bato an'i Stefana, izay niantso hoe: Ry Jesoa Tompo o, raiso ny fanahiko.","Ary ny olona nitora-bato an'i Stefana, izay niantso hoe: Ry Jesosy Tompo ô, raiso ny fanahiko.Dia nandohalika izy ka niantso tamin'ny feo mahery hoe Tompo ô, aza atao ho helony anie izao ota izao. Ary rehefa nilaza izany izy, dia nodi-mandry."
mg_44,8,33,0.95,Ny fietren-tena no nanaovana Azy resy lahatra; Ary iza no hahalaza ny amin'ny niara-belona taminy *? Fa ny ainy nesorina tamin'ny tany (Isaia 53:7-8). [*Na: ny fianakaviany],"Ny fietren-tena no nanaovana Azy resy lahatra; Ary iza no hahalaza ny amin'ny niara-belona taminy ? Fa ny ainy nesorina tamin'ny tany (Isa. 53. 7, 8). <n>[ Na: ny fianakaviany]</n>"
mg_44,9,22,0.94,"Ary Saoly mainka nihahery, dia nandresy lahatra ny Jiosy izay nonina tany Damaskosy ka naneho marimarina fa Jesoa* no Kristy. [*Grika: Ity]","Ary Saoly mainka nihahery, dia nandresy lahatra ny Jiosy izay nonina tany Damaskosy ka naneho marimarina fa Jesosy no Kristy. <n>[ Gr. Ity]</n>"
mg_44,9,36,0.95,"Ary tany Jopa nisy vehivavy mpianatra atao hoe Tabita, izany hoe, raha adika, Dorkasy*; ary be ny asa soa sy ny fiantrana izay nataon'izany vehivavy izany. [*Dorkasy = Gazela; izahao II Samoela 2:18]","Ary tany Jopa nisy vehivavy mpianatra atao hoe Tabita, izany hoe, raha adika, Dorkasy; ary be ny asa soa sy ny fiantrana izay nataon'izany vehivavy izany. <n>[ Dorkasy = Gazela; izahao 2 Sam. 2,18]</n>"
mg_44,11,30,0.93,"Dia nataony izany, ary ny tanan'i Barnabasy sy Saoly no nampitondrainy izany ho any amin'ny loholona*. [*Grika: presbytera]","Dia nataony izany, ary ny tànan'i Barnabasy sy Saoly no nampitondrainy izany ho any amin'ny loholona. <n>[ Gr. presbytera]</n>"
mg_44,13,18,0.93,Ary Izy nandefitra tamin'ny nataony* tany an'efitra tokony ho efa-polo taona. [*Na: (nitondra azy tahaka ny fitondran'ny olona ny zanany; izahao Deoteronomia 1:31)],Ary Izy nandefitra tamin'ny nataony tany an-efitra tokony ho efa-polo taona. <n>[ Na: (nitondra azy tahaka ny fitondran'ny olona ny zanany; izahao Deo. 1.31)]</n>
mg_44,13,35,0.93,Fa hoy Izy eo amin'ny Salamo hafa koa: Tsy hamela ny Iray Masinao ho tratry ny lo Ianao (Salamo 16:10).,Fa hoy Izy ao amin'ny Salamo hafa koa: Tsy hamela ny Iray Masinao ho tratry ny lò Hianao (Sal. 16. 10).
mg_44,13,45,0.94,"Nefa ny Jiosy kosa, raha nahita ny vahoaka betsaka, dia feno fialonana ka nanohitra ny teny nolazain'i Paoly, sady niteny ratsy*. [*Grika: nanao blasfemia, izahao Matio 9:3]","Nefa ny Jiosy kosa, raha nahita ny vahoaka betsaka, dia feno fialonana ka nanohitra ny teny nolazain'i Paoly, sady niteny ratsy. <n>[ Gr. nanao blasfemia, izahao Mat. 9.3]</n>"
mg_44,14,2,0.95,Fa ny Jiosy izay tsy nino dia nampitaitra ny jentilisa ka nanome fo azy hanohitra ny rahalahy.,Fa ny Jiosy izay tsy nino dia nampitaitra ny jentilisa ka nanome fo azy hanohitra hanohitra ny rahalahy.
mg_44,14,12,0.90,"Ary ny anaran'i Barnabasy nataony hoe Jopitera*, ary Paoly kosa Merkory**, satria izy no mpitarika ny teny nalahatra. [*Grika: Zeosy] [** Grika: Hermesy]","Ary ny anaran'i Barnabasy nataony hoe Jopitera, ary Paoly kosa Merkory, satria izy no mpitarika ny teny nalahatra. <n>[ Gr. Zeosy]</n> <n>[ Gr. Hermesy]</n>"
mg_44,14,23,0.93,"Ary rehefa nanendry* loholona** teo amin'ny isam-piangonana izy, dia nivavaka sady nifady hanina ka dia nanolotra azy ho an'ny Tompo Izay efa ninoany. [*Na: nampananga-tanana nifidy] [** Grika: presbytera]","Ary rehefa nanendry loholona teo amin'ny isam-piangonana izy, dia nivavaka sady nifady hanina ka dia nanolotra azy ho an'ny Tompo Izay efa ninoany. <n>[ Na: nampananga-tanana nifidy]</n> <n>[ Gr. presbytera]</n>"
mg_44,15,6,0.92,Ary dia nivory ny Apostoly sy ny loholona* mba hihevitra izany zavatra izany. [*Grika: presbytera],Ary dia nivory ny Apostoly sy ny loholona mba hihevitra izany zavatra izany. <n>[ Gr. presbytera]</n>
mg_44,15,18,0.95,Izay manao izany zavatra fantatra hatramin'ny voalohany indrindra izany (Amosa 9:11-12).,"Izay manao izany zavatra fantatra hatramin'ny voalohany indrindra izany (Amo. 9. 11, 12)."
mg_44,17,12,0.94,"Koa maro tamin'ireo no nino, ary tsy vitsy tamin'ny vehivavy jentilisa* nanan-kaja sy ny lehilahy. [*Grika: Grika]","Koa maro tamin'ireo no nino, ary tsy vitsy tamin'ny vehivavy jentilisa nanan-kaja sy ny lehilahy. <n>[Gr. Grika]</n>"
mg_44,19,10,0.95,"Ary naharitra roa taona ngarangidina izany, ka dia nandre ny tenin'ny Tompo izay rehetra nonina tany Asia, na Jiosy na jentilisa*. [*Grika: Grika]","Ary naharitra roa taona ngarangidina izany, ka dia nandre ny tenin'ny Tompo izay rehetra nonina tany Asia, na Jiosy na jentilisa. <n>[ Gr. Grika]</n>"
mg_44,19,23,0.93,Ary tamin'izany andro izany dia nisy tabataba be ihany ny amin'izany fampianarana* izany. [*Grika: lalana],Ary tamin'izany andro izany dia nisy tabataba be ihany ny amin'izany fampianarana izany. <n>[ Gr. lalana]</n>
mg_44,20,17,0.90,"Ary raha tany Mileto Paoly, dia naniraka hankany Efesosy izy ka nampaka ny loholon*'ny fiangonana** hankeo aminy. [*Grika: presbytera] [**Grika: eklesia]","Ary raha tany Mileto Paoly, dia naniraka hankany Efesosy izy ka nampaka ny loholon'ny fiangonana hankeo aminy. <n>[ Gr. presbytera]</n> <n>[Gr. eklesia]</n>"
mg_44,20,21,0.94,ary nambarako tamin'ny Jiosy sy ny jentilisa* koa ny fibebahana amin'Andriamanitra sy ny finoana an'i Jesoa Kristy Tompontsika. [*Grika: Grika],ary nambarako tamin'ny Jiosy sy ny jentilisa koa ny fibebahana amin'Andriamanitra sy ny finoana an'i Jesosy Kristy Tompontsika. <n>[ Gr. Grika]</n>
mg_44,20,28,0.86,"Tandremo ny tenanareo sy ny ondry rehetra izay nanaovan'ny Fanahy Masina anareo ho mpitandrina*, hiandrasanareo ny fiangonan**'Andriamanitra***, izay novidiny tamin'ny ràny. [*Grika: episkopo] [** Grika: eklesia'] [*** Na: ""ny fiangonan'ny Tompo""]","Tandremo ny tenanareo sy ny ondry rehetra izay nanaovan'ny Fanahy Masina anareo ho mpitandrina, hiandrasanareo ny fiangonan'Andriamanitra, izay novidiny tamin'ny ràny. <n>[Gr. episkopo]</n> <n>[ Gr. eklesia']</n> <n>[ Na: <n>[ny fiangonan'ny Tompo]</n>"
mg_44,20,29,0.94,Fantatro fa rehefa lasa aho dia hisy amboadia* masiaka hiditra eo aminareo izay tsy hiantra ny ondry. [*Grika: lopa],Fantatro fa rehefa lasa aho dia hisy amboadia masiaka hiditra eo aminareo izay tsy hiantra ny ondry. <n>[ Gr. lopa]</n>
mg_44,21,18,0.94,Ary nony ampitso dia niara-niditra tany amin'i Jakoba izahay sy Paoly; ary vory teo ny loholona* rehetra. ]*Grika: presbytera],Ary nony ampitso dia niara-niditra tany amin'i Jakoba izahay sy Paoly; ary vory teo ny loholona rehetra. ]</n>Gr. presbytera]</n>
mg_44,23,35,0.95,"dia hoy izy: Hihaino tsara ny teninao aho, rehefa tonga ny mpiampanga anao. Dia nasainy nambenana tao an-dapan'i* Heroda izy. [*Grika: pretoria]","dia hoy izy: Hihaino tsara ny teninao aho, rehefa tongay ny mpiampanga anao. Dia nasainy nambenana tao an-dapan'i Heroda izy. <n>[ Gr. pretoria]</n>"
mg_45,1,4,0.85,"ary naseho* tamin-kery ho Zanak'Andriamanitra** araka ny fanahin'ny fahamasinana tamin'ny fitsanganany tamin'ny maty, - dia Jesoa Kristy Tompontsika, [*Na: notendrena] [** Na: naseho ho Zanak'Andriamanitra mahery]","ary naseho tamin-kery ho Zanak'Andriamanitra araka ny fahamasinana tamin'ny fitsanganany tamin'ny maty, - dia Jesosy Kristy Tompontsika, <n>[ Na: notendrena]</n> <n>[ Na: naseho ho Zanak'Andriamanitra mahery]</n>"
mg_45,2,24,0.92,"Fa araka ny voasoratra, dia ianareo no itenenana ratsy* ny anaran'Andriamanitra any amin'ny jentilisa (Isaia 52:5). [*Grika: anaovana blasfemia; izahao Matio 9:3]","Fa araka ny voasoratra, dia ianareo no itenenana ratsy ny anaran'Andriamanitra any amin'ny jentilisa (Isa. 52. 5). <n>[Gr. anaovana blasfemia; izahao Mat. 9, 3]</n>"
mg_45,3,9,0.93,Ahoana ary? Manan-kavaly* va isika? Tsia tsy akory; fa efa voalazantsika rahateo ho mpanota avokoa na ny Jiosy na ny jentilisa**; [*Na: Latsaka noho ireny va isika?] [** Grika: Grika],Ahoana ary? Manan-kavaly va isika? Tsia tsy akory; fa efa voalazantsika rahateo ho mpanota avokoa na ny Jiosy na ny jentilisa; <n>[Na: Latsaka noho ireny va isika?]</n> <n>[ Gr. Grika]</n>
mg_45,3,13,0.94,Fasana misokatra ny tendany; Ny lelany no anaovany fitaka (Salamo 5:9) Ny poizin'ny menarana no ao ambanin'ny molony (Salamo 140:3),Fasana misokatra ny tendany; Ny lelany no anaovany fitaka (Sal. 5. 9); Ny poizin'ny menarana no ao ambanin'ny molony (Sal. 140. 3);
mg_45,3,14,0.92,Feno ozona sy fangidiana ny vavany (Salamo 10:7),Feno ozona sy fangidiana ny vavany (Sal. 10. 7);
mg_45,3,17,0.91,Ary ny lalan'ny fiadanana dia tsy fantany (Isaia 59:7-8),"Ary ny lalan'ny fiadanana dia tsy fantany (Isa. 59. 7, 8);"
mg_45,4,8,0.92,Sambatra izay olona tsy hisain'i Jehovah heloka (Salamo 32:1-2).,"Sambatra izay olona tsy hisain'i Jehovah heloka (Sal. 32. 1, 2)."
mg_45,4,24,0.72,"fa ho antsika izay hanisana izany koa, dia isika izay mino Ilay nanangana an'i Jesoa Tompontsika tamin'ny maty,","fa ho antsika izay hanisana izany koa, dia isika izay mino Ilay nanangana an'i Jesosy Tompontsika tamin'ny maty,Izay natolotra noho ny fahadisoantsika ka natsangana indray ho fanamarinana antsika."
mg_45,9,3,0.95,"Fa efa saiky niriko aza ho voaozona* ho afaka tamin'i Kristy ny tenako mba hahavonjeko ny rahalahiko, havako araka ny nofo, [*Grika: anatema]","Fa efa saiky niriko aza ho voaozona ho afaka tamin'i Kristy ny tenako mba hahavonjeko ny rahalahiko, havako araka ny nofo, <n>[ Gr. anatema]</n>"
mg_45,9,12,0.94,dia nolazaina tamin-dravehivavy hoe: Ny zokiny hanompo ny zandriny (Genesisy 25:23),dia nolazaina tamin-dravehivavy hoe: Ny zokiny hanompo ny zandriny (Gen. 25. 23);
mg_45,9,13,0.92,"araka ny voasoratra hoe: ""Jakoba no tiako, fa Esao no halako"" (Malakia 1:2-3).","araka ny voasoratra hoe: Jakoba no tiako, fa Esao no halako (Mal. 1. 2, 3)."
mg_45,9,28,0.95,fa amin'ny fahatanterahana faingana no hanefan'i Jehovah ny teniny ambonin'ny tany (Isaia 10:22-23),"fa amin'ny fahatanterahana faingana no hanefan'i Jehovah ny teniny ambonin'ny tany (Isa. 10. 22, 23);"
mg_45,10,12,0.95,"Fa tsy misy hafa, na Jiosy na jentilisa*, fa iray ihany no Tompon'izy rehetra, sady manan-karena homeny izay rehetra miantso Azy Izy. [*Grika: Grika]","Fa tsy misy hafa, na Jiosy na jentilisa, fa iray ihany no Tompon'izy rehetra, sady manan-karena homeny izay rehetra miantso Ary Izy. <n>[Gr. Grika]</n>"
mg_45,11,8,0.94,"araka ny voasoratra hoe: Andriamanitra efa nanome azy fanahy sondrian-tory sy maso tsy hahita, ary sofina tsy hahare, mandraka androany(Isaia 29:10; Deoteronomia 29:3)","araka ny voasoratra hoe: Andriamanitra efa nanome azy fanahy sondrian-tory sy maso tsy hahita, ary sofina tsy hahare, mandraka androany(Isa 29. 10; Deo. 29. 3)"
mg_45,11,10,0.94,"Aoka ny masony ho jamba tsy hahita, Ary aoka hamokoka mandrakariva izy (Salamo 69:22-23).","Aoka ny masony ho jamba tsy hahita, Ary aoka hamokoka mandrakariva izy (Sal. 69. 22, 23)."
mg_45,11,14,0.94,"raha mba misy hahazoako hampialona ireo mifanapa-tsinay amiko*, mba hamonjeko ny sasany aminy. [*Grika: ny nofoko]","raha mba misy hahazoako hampialona ireo mifanapa-tsinay amiko, mba hamonjeko ny sasany aminy. <n>[ Gr. ny nofoko]</n>"
mg_45,11,15,0.94,"Fa raha ny fanariana azy no fampihavanana izao tontolo izao, tsy ho fitsanganana* amin'ny maty ny fandraisana azy? [*Grika: fiainana]","Fa raha ny fanariana azy no fampihavanana izao tontolo izao, tsy ho fitsanganana amin'ny maty ny fandraisana azy? <n>[ Gr. fiainana]</n>"
mg_45,11,27,0.90,"Ary izao no fanekeko aminy, raha manaisotra ny fahotany Aho (Isaia 59:20-21; Isaia 27:9).","Ary izao no fanekeko aminy, raha manaisotra ny fahotany Aho (Isa. 59. 20, 21; 27. 9)."
mg_45,12,20,0.81,"Fa raha noana ny fahavalonao, omeo hanina izy; raha mangetaheta izy, omeo hosotroiny; fa raha manao izany ianao, dia hanambatra vainafo ho eo an-dohany (Ohabolana 25:21-22).","Fa raha noana ny fahavalonao, omeo hanina izy; raha mangetaheta izy, omeo hosotroiny; fa raha manao izany ianao, dia hanambatra vainafo ho eo an-dohany (Oha. 25. 21, 22).Aza mety ho resin'ny ratsy ianao, fa reseo amin'ny soa ny ratsy."
mg_45,13,9,0.95,"Fa ny hoe: ""Aza mijangajanga, aza mamono olona, aza mangalatra, aza mitsiriritra zavatr'olona"" (Eksodosy 20:13-17), mbamin'izay didy hafa rehetra, dia samy efa ao anatin'izao teny izao hoe: ""Tiava ny namanao tahaka ny tenanao"" (Levitikosy 19:18).","Fa ny hoe: Aza mijangajanga, aza mamono olona, aza mangalatra, aza mitsiriritra zavatr'olona (Eks. 20. 13-17), mbamin'izay didy hafa rehetra, dia samy efa ao anatin'izao teny izao hoe: Tiava ny namanao tahaka ny tenanao (Lev. 19. 18)."
mg_45,14,16,0.91,Aoka ary tsy mba hotenenina ratsy* ny fahasoavana azonareo. [*Grika: hanaovana blasfemia; izahao Matio 9:3],Aoka ary tsy mba hotenenina ratsy ny fahasoavana azonareo. <n>[Gr. hanaovana blasfemia; izahao Mat.9.3]</n>
mg_45,14,21,0.94,"Fa tsara ny tsy mihinana hena, na misotro divay, na manao izay hahatafintohina* ny rahalahinao. [*Ampio hoe: ""na hahalavo, na hahalemy""]","Fa tsara ny tsy mihinana hena, na misotro divay, na manao izay hahatafintohina ny rahalahinao. <n>[ Ampio hoe: <n>[na hahalavo, na hahalemy]</n>"
mg_45,14,22,0.68,Ny finoana izay anananao dia hazony ho anao eo anatrehan'Andriamanitra. Sambatra izay tsy manameloka ny tenany amin'izay zavatra ekeny.,"Ny finoana izay anananao dia hazòny ho anao eo anatrehan'Andriamanitra. Sambatra izay tsy manameloka ny tenany amin'izay zavatra ekeny.Fa izay miahanahana dia meloka raha homana, satria tsy avy amin'ny finoana izany; fa ota izay rehetra tsy avy amin'ny finoana."
mg_45,15,10,0.92,"Ary hoy koa Izy: Miravoravoa. ry jentilisa, mbamin'ny olony (Deoteronomia 32:43).","Ary hoy koa Izy: Miravoravoa. ry jentilisa, mbamin'ny olony (Deo. 32. 43)."
mg_45,15,14,0.87,"Fa izaho koa, ry rahalahiko, dia matoky ny aminareo fa feno fahatsarana ianareo, dia feno ny fahalalana rehetra sady mahay mifananatra koa.","Fa izaho koa, ry rahalahiko, dia matoky ny aminareo fa feno fahatsarana ianareo sady mahay mifananatra koa."
mg_46,1,22,0.91,"fa ny Jiosy mila famantarana, ary ny jentilisa* mitady fahendrena, [*Grika: Grika]","fa ny Jiosy mila famantarana, ary ny jentilisa mitady fahendrena, <n>[ Gr. Grika]</n>"
mg_46,1,24,0.94,"fa amin'izay voantso kosa, na Jiosy na jentilisa*, dia Kristy, Izay herin'Andriamanitra sy fahendren'Andriamanitra. [*Grika: Grika]","fa amin'izay voantso kosa, na Jiosy na jentilisa, dia Kristy, Izay herin'Andriamanitra sy fahendren'Andriamanitra. <n>[ Gr. Grika]</n>"
mg_46,1,30,0.76,"Fa avy aminy no nanaovana anareo ho ao amin'i Kristy Jesoa, Izay nataon'Andriamanitra fahendrena sy fahamarinana sy fahamasinana ary fanavotana ho antsika,","Fa avy aminy no nanaovana anareo ho ao amin'i Kristy Jesosy, Izay nataon'Andriamanitra fahendrena sy fahamarinana sy fahamasinana ary fanavotana ho antsika,mba ho araka ny voasoratra hoe: Izay mirehareha, aoka Jehovah no ho reharehany (Jery. 9. 23)."
mg_46,2,16,0.94,Fa iza no nahafantatra ny sain'ny Tompo mba hampianatra Azy*? (Isaia 40:13). Fa izahay manana ny sain'i Kristy. [*Na: azy],Fa iza no nahafantatra ny sain'ny Tompo mba hampianatra Azy? (Isa. 40. 13). Fa izahay manana ny sain'i Kristy. <n>[ Na: azy]</n>
mg_46,7,29,0.95,"Fa izao no lazaiko, ry rahalahy: Efa fohy* ny andro, mba ho toy ny tsy manam-bady ny manana amin'izao sisa izao; [*Grika: nohafohezina]","Fa izao no lazaiko, ry rahalahy: Efa fohy ny andro, mba ho toy ny tsy manam-bady ny manana amin'izao sisa izao; <n>[ Gr. nohafohezina]</n>"
mg_46,9,5,0.95,"Moa tsy mahazo mitondra vady izay isan'ny mino* va izahay, tahaka ny Apostoly sasany koa sy ny rahalahin'ny Tompo ary Kefasy? [*Grika: anabavy]","Moa tsy mahazo mitondra vady izay isan'ny mino va izahay, tahaka ny Apostoly sasany koa sy ny rahalahin'ny Tompo ary Kefasy? <n>[ Gr. anabavy]</n>"
mg_46,10,9,0.94,"Ary aoka tsy haka fanahy ny Tompo* isika, tahaka ny nakan'ny sasany tamin'ireny fanahy Azy, ka matin'ny menarana ireny. [*Na: ""an'i Kristy""]","Ary aoka tsy haka fanahy ny Tompo isika, tahaka ny nakan'ny sasany tamin'ireny fanahy Azy, ka matin'ny menarana ireny. <n>[ Na: <n>[an'i Kristy]</n>"
mg_46,10,26,0.94,fa an'i Jehovah ny tany sy izay rehetra eo aminy (Salamo 24:1).,fa an'i Jehovah ny tany sy izay rehetra eo aminy (Sal. 24. 1).
mg_46,11,10,0.94,Izany no mahamety ny vehivavy hisaron-doha* noho ny amin'ny anjely. [*Grika: hanana fahefana eo amin'ny lohany],Izany no mahamety ny vehivavy hisaron-doha noho ny amin'ny anjely. <n>[Gr. hanana fahefana eo amin'ny lohany]</n>
mg_46,11,33,0.52,"Koa raha miangona hihinana ianareo, ry rahalahy, dia mifampiandrasa*. [*Na: mifampizarà]","Koa raha miangona hihinana ianareo, ry rahalahy, dia mifampiandrasa. <n>[ Na: mifampizarà]</n>Ary raha misy olona noana, aoka izy hihinana no an-tranony, mba tsy hiangonanareo ho fahamelohana. Ary ny zavatra sisa dia halahatro, rehefa tonga aho."
mg_46,12,7,0.94,Ary izy rehetra dia samy nomena ny fampisehoana* ny Fanahy hahasoa. [*Na: fisehoan'],Ary izy rehetra dia samy nomena ny fampisehoana ny Fanahy hahasoa. <n>[ Na: fisehoan']</n>
mg_46,14,4,0.94,Izay miteny amin'ny fiteny tsy fantatra dia mampandroso ny tenany; fa izay maminany kosa mampandroso ny fiangonana*. [*Grika: eklesia],Izay miteny amin'ny fiteny tsy fantatra dia mampandroso ny tenany; fa izay maminany kosa mampandroso ny fiangonana. <n>[ Gr. eklesia]</n>
mg_46,14,12,0.95,"Ary toy izany ihany koa ianareo: raha fatra-paniry ny zava-panahy, dia izay hampandroso ny fiangonana* no tadiavo indrindra. [*Grika: eklesia]","Ary toy izany ihany koa ianareo: raha fatra-paniry ny zava-panahy, dia izay hampandroso ny fiangonana no tadiavo indrindra. <n>[ Gr. eklesia]</n>"
mg_46,14,33,0.94,"Fa Andriamanitra tsy tompon'ny fikotranana, fa tompon'ny fiadanana. Araka ny fanaon'ny fiangonan*'ny olona masina rehetra, [*Grika: eklesia]","Fa Andriamanitra tsy tompon'ny fikotronana, fa tompon'ny fiadanana. Araka ny fanaon'ny fiangonan'ny olona masina rehetra, <n>[ Gr. eklesia]</n>"
mg_46,14,34,0.95,"dia aoka hangina ny vehivavy raha ao am-piangonana*; fa tsy avela hiteny izy, fa aoka hanoa tsara araka ny lazain'ny lalàna koa. [*Grika: eklesia]","dia aoka hangina ny vehivavy raha ao am-piangonana; fa tsy avela hiteny izy, fa aoka hanoa tsara araka ny lazain'ny lalàna koa. <n>[ Gr. eklesia]</n>"
mg_46,15,53,0.95,"Fa ity mety lo ity tsy maintsy hitafy ny tsy fahalovana, ary ity mety maty ity tsy maintsy hitafy ny tsy fahafatesana.","Fa ity mety lò ity tsy maintsy hitafy ny tsi-fahalòvana, ary ity mety maty ity tsy maintsy hitafy ny tsi-fahafatesana."
mg_46,15,54,0.23,"Fa rehefa mitafy ny tsy fahalovana ity mety lo ity ary mitafy ny tsy fahafatesana ity mety maty ity, dia ho tanteraka ny teny voasoratra hoe: Ny fahafatesana noresena ka levona* (Isaia 25:8). [*Grika: voatelina ka resy]","Fa rehefa mitafy ny tsi-fahalòvana ity mety maty ity, ary mitafy ny tsi-fahafatesana ity mety maty ity, dia ho tanteraka ny teny voasoratra hoe: Ny fahafatesana noresena ka levona (Isa. 25. 8). <n>[ Gr. voatelina ka resy]</n>"
mg_46,15,55,0.95,"Ry fahafatesana o, aiza ny fandresenao? Ry fahafatesana o, aiza ny fanindronanao? (Hosea 13:14).","Ry fahafatesana ô, aiza ny fandresenao? Ry fahafatesana ô, aiza ny fanindronanao? (Hos. 13. 14)."
mg_46,15,57,0.51,"Fa isaorana anie Andriamanitra, Izay manome antsika ny fandresena amin'ny alalan'i Jesoa Kristy Tompontsika.","Fa isaorana anie Andriamanitra, Izay manome antsika ny fandresena amin'ny alalan'i Jesosy Kristy Tompontsika.Koa amin'izany, ry rahalahy malalako, dia miorena tsara, aza miova, ary mahefà be mandrakariva amin'ny asan'ny Tompo, satria fantatrareo fa tsy foana tsy akory ny fikelezanareo aina ao amin'ny Tompo."
mg_46,16,13,0.93,"Miambena* ianareo, tomoera tsara amin'ny finoana, aoka hitombandahy, mahereza. [*Grika: miareta tory]","Miambena ianareo, tomoera tsara amin'ny finoana, aoka hitombandahy, mahereza. <n>[ Gr. miareta tory]</n>"
mg_46,16,22,0.90,"Raha misy tsy tia ny Tompo, aoka ho voaozona* izy. Maran ata**. [*Grika: anatema] [** Maran ata = Avy ny Tompontsika (?)]","Raha misy tsy tia ny Tompo, aoka ho voaozona izy. Maran ata. <n>[ Gr. anatema]</n> <n>[ Maran ata = Avy ny Tompontsika (?)]</n>"
mg_46,16,23,0.59,Ho aminareo anie ny fahasoavan'i Jesoa Kristy Tompo;,Ho aminareo anie ny fahasoavan'i Jesosy Kristy Tompo;ny fitiavako dia ao aminareo rehetra ao amin'i Kristy Jesosy. Amena.
mg_47,2,7,0.94,"ka dia aleo mamela heloka sy mampifaly azy kosa ianareo, fandrao dia resin*'ny fitomboan'alahelo izany olona izany. [*Grika: atelin']","ka dia aleo mamela heloka sy mampifaly azy kosa ianareo, fandrao dia resin'ny fitomboan'alahelo izany olona izany.<n>[Gr. atelin']</n>"
mg_47,4,10,0.94,"mitondra ny fahafatesan*'i Jesoa mandrakariva ao amin'ny tena izahay, mba haseho ao amin'ny tenanay koa ny fiainan'i Jesoa. [*Grika: ny famonoanana an']","mitondra ny fahafatesan'i Jesosy mandrakariva ao amin'ny tena izahay, mba haseho ao amin'ny tenanay koa ny fiainan'i Jesosy. <n>[Gr. ny famonoanana an']</n>"
mg_47,5,20,0.75,"Koa dia iraka* solon'i Kristy izahay, toa an'Andriamanitra mampangataka anay aminareo, solon'i Kristy izahay ka mangataka indrindra aminareo hoe: mihavàna amin'Andriamanitra anie ianareo. [*Grika: ambasadôro]","Koa dia iraka solon'i Kristy izahay, toa an'Andriamanitra mampangataka anay aminareo, solon'i Kristy izahay ka mangataka indrindra aminareo hoe: mihavàna amin'Andriamanitra anie ianareo.<n>[Gr. ambasadôra]</n>Izay tsy nahalala ota dia efa nataony ota hamonjy antsika, mba ho tonga fahamarinan'Andriamanitra ao aminy kosa isika."
mg_47,8,2,0.90,"fa tamin'ny fahoriana be nizahan-toetra azy no nitomboan'ny hafaliany, ary ny hamafin*'ny fahantrany no nampitombo ny haren'ny hitsim-pony**. [*Grika:halalin'] [** Na: fahafoizany]","fa tamin'ny fahoriana be nizahan-toetra azy no nitomboan'ny hafaliany, ary ny hamafin'ny fahantrany no nampitombo ny hitsim-pony. <n>[ Gr.halalin']</n> <n>[ Na: fahafoizany]</n>"
mg_47,8,23,0.70,"Raha ny amin'i Titosy, dia namako izy sady mpiara-miasa amiko ho anareo; ary ireo rahalahinay, dia iraky* ny fiangonana izy sady voninahitr'i Kristy. [*Grika:apostoly]","Raha ny amin'i Titosy, dia namako izy sady mpiara-miasa amiko ho anareo; ary ireo rahalahinay, dia iraky ny fiangonana izy sady voninahitr'i Kristy.<n>[Gr.apostoly]</n>Koa amin'izany asehoy aminy eo imason'ny fiangonana ny famantarana mahamarina ny fitiavanareo sy ny reharehanay ny aminareo."
mg_47,9,1,0.93,"Fa ny amin'ny fiantrana* ho an'ny olona masina, dia tsy misy tokony hanoratako aminareo; [*Grika: fanompoana]","Fa ny amin'ny fiantrana ho an'ny olona masina, dia tsy misy tokony hanoratako aminareo;<n>[Gr. fanompoana]</n>"
mg_47,9,7,0.94,"Aoka ny olona rehetra samy hanao araka izay inian'ny fony avy, tsy amin'ny alahelo, na amin'ny faneriterena; fa ny mpanome amin'ny fifaliana no tian'Andriamanitra.","Aoka ny olona rehetra samy hanao araka izay inian'ny fony avy, tsy amin'ny alahelo, na amin'ny faneriterena; fa ny mpanome amin'ny fifaliana no tian'Andriamanitra (Oha. 22. 8, LXX.)."
mg_47,10,17,0.63,"Fa izay mirehareha, dia aoka Jehovah no ho reharehany (Jeremia 9:23)","Fa izay mirehareha, dia aoka Jehovah no ho reharehany (Jery. 9, 23)Fa tsy izay midera tena no ankasitrahana, fa izay derain'ny Tompo."
mg_47,13,1,0.95,Izao no fanintelon'ny hankanesako aty aminareo. Amin'ny tenin'ny vavolombelona roa na telo no hanorenana mafy ny teny rehetra (Deoteronomia 19:15).,Izao no fanintelon'ny hankanesako atỳ aminareo. Amin'ny tenin'ny vavolombelona roa na telo no hanorenana mafy ny teny rehetra (Deo. 19. 15).
mg_48,1,2,0.91,"mbamin'ny rahalahy rehetra izay ato amiko, mamangy ny fiangonana* aty Galatia: [*Grika: eklesia]","mbamin'ny rahalahy rehetra izay ato amiko, mamangy ny fiangonana atỳ Galatia: <n>[ Gr. eklesia]</n>"
mg_48,1,7,0.95,"izay tsy filazantsara akory*, fa saingy misy ny sasany mampitabataba anareo ka ta-hamadika ny filazantsaran'i Kristy. [*Grika: anankiray koa]","izay tsy filazantsara akory, fa saingy misy ny sasany mampitabataba anareo ka ta-hamadika ny filazantsaran'i Kristy. <n>[ Gr. anankiray koa]</n>"
mg_48,1,8,0.93,"Fa na izahay, na anjely avy any an-danitra aza, no mitory filazantsara hafa aminareo afa-tsy* izay efa notorinay taminareo, aoka ho voaozona** izy. [*Na: manohitra] [** Grika: anatema]","Fa na izahay, na anjely avy any an-danitra aza, no mitory filazantsara hafa aminareo afa-tsy izay efa notorinay taminareo, aoka ho voaozona izy. <n>[ Na: manohitra]</n> <n>[ Gr. anatema]</n>"
mg_48,1,22,0.93,"ary tsy mbola fantatry ny fiangonana* any Jodia, izay ao amin'i Kristy, ny tarehiko. [*Grika: eklesia]","ary tsy mbola fantatry ny fiangonana any Jodia, izay ao amin'i Kristy, ny tarehiko. <n>[ Gr. eklesia]</n>"
mg_48,3,1,0.95,"Ry Galatiana adala, iza no nanimba* anareo; kanefa teo imasonareo indrindra no nanehoana marimarina an'i Jesoa Kristy voahombo tamin'ny hazo fijaliana? [*Grika: mamosavy]","Ry Galatiana adala, iza no nanimba anareo; kanefa teo imasonareo indrindra no nanehoana marimarina an'i Jesosy Kristy voahombo tamin'ny hazo fijaliana? <n>[ Gr. mamosavy]</n>"
mg_48,3,12,0.94,Ary ny lalàna tsy araka ny finoana; fa izay mahatandrina izany no ho velona aminy (Levitikosy 18:5).,Ary ny lalàna tsy araka ny finoana; fa izay mahatandrina izany no ho velona aminy (Lev. 18. 5).
mg_48,3,28,0.74,"Tsy misy intsony na Jiosy na Grika, na andevo na tsy andevo, na lahy sy vavy; fa iray ihany ianareo rehetra ao amin'i Kristy Jesoa.","Tsy misy intsony na Jiosy na Grika, na andevo na tsy andevo, na lahy sy vavy; fa iray ihany ianareo rehetra ao amin'i Kristy Jesosy.Fa raha an'i Kristy ianareo, dia taranak'i Abrahama sy mpandova araka ny teny fikasana."
mg_48,4,30,0.78,Nefa ahoana no lazain'ny Soratra Masina? Roahy io andevo-vavy io sy ny zananilahy; fa ny zanaky ny andevo tsy hiray lova amin'ny zanaky ny tsy andevo (Genesisy 21:10).,"Nefa ahoana no lazain'ny Soratra Masina? Roahy io andevo-vavy io sy ny zananilahy; fa ny zanaky ny andevo tsy hiray lova amin'ny zanaky ny tsy andevo (Gen. 21. 10).Ary amin'izany, ry rahalahy, tsy zanak'andevovavy isika, fa zanaky ny tsy andevo."
mg_48,5,12,0.94,Enga anie ka hiesotra* aza izay mampitabataba anareo. [*Na: hanakilema tena],Enga anie ka hiesotra aza izay mampitabataba anareo. <n>[ Na: hanakilema tena]</n>
mg_48,6,17,0.72,Amin'izao sisa izao aoka tsy hisy hanahirana ahy intsony; fa izaho mitondra ny marik'i Jesoa voatomboka eo amin'ny tenako.,"Amin'izao sisa izao aoka tsy hisy hanahirana ahy intsony; fa izaho mitondra ny marik'i Jesosy voatomboka eo amin'ny tenako.Ho amin'ny fanahinareo anie, ry rahalahy, ny fahasoavan'i Jesosy Kristy Tompontsika. Amena."
mg_49,1,1,0.95,"Paoly, Apostolin'i Kristy Jesoa noho ny sitrapon'Andriamanitra, mamangy ny olona masina any Efesosy, izay mahatoky* ao amin'i Kristy Jesoa: [*Na: mino an']","Paoly, Apostolin'i Kristy Jesosy noho ny sitrapon'Andriamanitra, mamangy ny olona masina any Efesosy, izay mahatoky ao amin'i Kristy Jesosy: <n>[ Na: mino an']</n>"
mg_49,1,22,0.75,"dia nampanaiky ny zavatra rehetra ho eo ambanin'ny tongony Izy ka nanao Azy ho Lohany manapaka ny zavatra rehetra ho an'ny fiangonana*, [*Grika: eklesia]","dia nampanaiky ny zavatra rehetra ho eo ambanin'ny tongony Izy ka nanao Azy ho Lohany manapaka ny zavatra rehetra ho an'ny fiangonana, <n>[ Gr. eklesia]</n>izay tenany, dia ny fahafenoan'izay mameno izao zavatra rehetra izao amin'ny rehetra."
mg_49,3,21,0.95,ho Azy anie ny voninahitra ao amin'ny fiangonana* sy ao amin'i Kristy Jesoa hatramin'ny taranaka farany indrindra mandrakizay mandrakizay. Amena. [* Grika: eklesia],ho Azy anie ny voninahitra ao amin'ny fiangonana sy ao amin'i Kristy Jesosy hatramin'ny taranaka farany indrindra mandrakizay mandrakizay. Amena. <n>[ Gr. eklesia]</n>
mg_49,4,22,0.94,"mba hialanareo ny toetrareo* taloha araka ny fitondran-tenanareo fahiny, izay mihasimba araka ny filan'ny fitaka; [*Grika: olonareo]","mba hialanareo ny toetrareo taloha araka ny fitondran-tenanareo fahiny, izay mihasimba araka ny filan'ny fitaka; <n>[ Gr. olonareo]</n>"
mg_49,4,31,0.65,Esory aminareo ny fo-lentika* rehetra sy ny fahavinirana sy ny fahatezerana sy ny fitabatabana sy ny fitenenan-dratsy ary ny lolompo rehetra; [*Grika: fangidiana],"Esory aminareo ny fo-lentika rehetra sy ny fahavinirana sy ny fahatezerana sy ny fitabatabana sy ny fitenenan-dratsy ary ny lolompo rehetra; <n>[ Gr. fangidiana]</n>ary aoka samy halemy fanahy amin'ny namany avy ianareo, ka hifampiantra sy hifamela heloka, tahaka ny namelan'Andriamanitra ny helokareo ao amin'i Kristy."
mg_49,5,23,0.94,"Fa ny lahy no lohan'ny vavy, dia tahaka an'i Kristy koa no Lohan'ny fiangonana*; ary Izy no mpamonjy ny tena. [*Grika: eklesia]","Fa ny lahy no lohan'ny vavy, dia tahaka an'i Kristy koa no Lohan'ny fiangonana; ary Izy no mpamonjy ny tena. <n>[ Gr. eklesia]</n>"
mg_49,5,24,0.94,Fa tahaka ny aneken'ny fiangonana* an'i Kristy no haneken'ny vavy ny lahy koa amin'ny zavatra rehetra. [*Grika: eklesia],Fa tahaka ny aneken'ny fiangonana an'i Kristy no haneken'ny vavy ny lahy koa amin'ny zavatra rehetra. <n>[ Gr. eklesia]</n>
mg_49,5,25,0.94,"Ianareo lehilahy, tiava ny vadinareo, dia tahaka ny nitiavan'i Kristy ny fiangonana* ka nanolorany ny tenany hamonjy azy, [*Grika: eklesia]","Hianareo lehilahy, tiava ny vadinareo, dia tahaka ny nitiavan'i Kristy ny fiangonana ka nanolorany ny tenany hamonjy azy, <n>[ Gr. eklesia]</n>"
mg_49,5,27,0.92,"mba horaisiny* ho an'ny tenany izany ho fiangonana** malaza tsy misy pentimpentina, na fiketronana, na izay toy izany, fa mba ho masina sady tsy misy tsiny izy. [*Grika: hatolony] [** Grika: eklesia]","mba horaisiny ho an'ny tenany izany ho fiangonana malaza tsy misy pentimpentina, na fiketronana, na izay toy izany, fa mba ho masina sady tsy misy tsiny izy. <n>[ Gr. hatolony]</n> <n>[ Gr. eklesia]</n>"
mg_49,5,29,0.95,"Fa tsy mba nisy olona tsy tia ny nofony, fa mamelona sy mitaiza azy, dia tahaka an'i Kristy amin'ny fiangonana*; [* Grika: eklesia]","Fa tsy mba nisy olona tsy tia ny nofony, fa mamelona sy mitaiza azy, dia tahaka an'i Kristy amin'ny fiangonana; <n>[ Gr. eklesia]</n>"
mg_49,5,32,0.49,Zava-miafina lehibe izany; fa milaza ny amin'i Kristy sy ny fiangonana* aho. [*Grika: eklesia],"Zava-miafina lehibe izany; fa milaza ny amin'i Kristy sy ny fiangonana aho. <n>[ Gr. eklesia]</n>Na dia izany aza, samia tia ny vadiny tahaka ny tenany ianareo lehilahy rehetra, ary aoka kosa ny vavy hanaja ny lahy. <n>[ Gr. hatahotra]</n>"
mg_49,5,33,0.94,"Na dia izany aza, samia tia ny vadiny tahaka ny tenany ianareo lehilahy rehetra, ary aoka kosa ny vavy hanaja* ny lahy. * [* Grika: hatahotra]","Na dia izany aza, samia tia ny vadiny tahaka ny tenany ianareo lehilahy rehetra, ary aoka kosa ny vavy hanaja ny lahy. <n>[ Gr. hatahotra]</n>"
mg_49,6,3,0.91,mba hahita soa ianao sy ho maro andro ambonin'ny tany (Deoteronomia 5:16).,mba hahita soa ianao sy ho maro andro ambonin'ny tany (Deo. 5. 16).
mg_49,6,20,0.93,"(iraka* migadra noho izany aho), mba hiteny izany amin'ny fahasahiana aho, toy izay mety hoteneniko. [*Grika: ambasadôro]","(iraka migadra noho izany aho), mba hiteny izany amin'ny fahasahiana aho, toy izay mety hoteneniko. <n>[ Gr. ambasadôra]</n>"
mg_49,6,23,0.65,Fiadanana anie ho an'ny rahalahy ary fitiavana mbamin'ny finoana avy amin'Andriamanitra Ray sy Jesoa Kristy Tompo.,Fiadanana anie ho an'ny rahalahy ary fitiavana mbamin'ny finoana avy amin'Andriamanitra Ray sy Jesosy Kristy Tompo.Ny fahasoavana anie ho amin'izay rehetra tia an'i Jesosy Kristy Tompontsika amin'ny fitiavana tsy mety levona. Amena.
mg_5,9,28,0.81,"fandrao izay monina amin'ny tany nitondranao anay nivoaka avy tany hanao hoe: Satria tsy hain'i Jehovah ny hitondra azy ho any amin'ny tany izay nolazainy taminy, ary satria nankahala azy Izy, dia izany no nitondrany azy nivoaka hahafaty azy aty an'efitra.","fandrao izay monina amin'ny tany nitondranao anay nivoaka avy tany hanao hoe: Satria tsy hain'i Jehovah ny hitondra azy ho any amin'ny tany izay nolazainy taminy, ary satria nankahala azy Izy, dia izany no nitondrany azy nivoaka hahafaty azy atỳ an-efitra.Kanefa ireo dia firenenao sy lovanao, izay nentinao nivoaka tamin'ny herinao lehibe sy ny sandrinao nahinjitra."
mg_5,10,21,0.63,"Izy no fideranao, ary Izy no Andriamanitrao, Izay efa nanao ireo zavatra lehibe sy mahatahotra ireo taminao, izay efa hitan'ny masonao.","Izy no fidèranao, ary Izy no Andriamanitrao, Izay efa nanao ireo zavatra lehibe sy mahatahotra ireo taminao, izay efa hitan'ny masonao.Olona fito-polo ny razanao izay nidina tany Egypta; nefa ankehitriny efa nataon'i Jehovah Andriamanitrao maro tahaka ny kintana eny amin'ny lanitra ianao."
mg_5,32,51,0.75,"satria nivadika tamiko teo amin'ny Zanak'Isiraely ianareo tao amin'ny ranon'i Meriba any Kadesy, tany an'efitra Zina; fa tsy nahamasina Ahy teo amin'ny Zanak'Isiraely ianareo.","satria nivadika tamiko teo amin'ny Zanak'Isiraely ianareo tao amin'ny ranon'i Meriba any Kadesy, tany an-efitra Zina; fa tsy nahamasina Ahy teo amin'ny Zanak'Isiraely ianareo.Fa hahatazana ny tany eo anoloanao ihany ianao, kanefa tsy hiditra any amin'ny tany izay omeko ny Zanak'Isiraely."
mg_5,33,7,0.90,"Ary ny amin'i JODA dia izao, hoy izy: Jehovah o, mihainoa ny feon'i Joda, Ka ento ho amin'ny olony izy. Ny tanany no hiadiany ho azy*, Ka manampia azy Ianao hamelezany ny mpandrafy azy. [*Na: Aoka ho ampy azy ny tànany]","Ary ny amin'i JODA dia izao, hoy izy: Jehovah ô, mihainoa ny feon'i Joda, Ka ento ho amin'ny olony izy. Ny tanany no hiadiany ho azy, Ka manampia azy Hianao hamelezany ny mpandrafy azy."
mg_5,33,10,0.88,"Jakoba no hampianariny ny fitsipikao, Ary Isiraely ny lalànao; Hametraka ditin-kazo manitra eo anatrehanao* izy Sy fanatitra dorana eo ambonin'ny alitaranao. [*Na: hitoetra eo anelanelan'ny sorony]","Jakoba no hampianariny ny fitsipikao, Ary Isiraely ny lalànao; Hametraka ditin-kazo manitra eo anatrehanao'izy Sy fanatitra dorana eo ambonin'ny alitaranao."
mg_50,1,1,0.94,"Paoly sy Timoty, mpanompon'i Kristy Jesoa, mamangy ny olona masina rehetra ao amin'i Kristy Jesoa mbamin'ny mpitandrina* sy ny diakona izay any Filipy; [*Grika: episkopo]","Paoly sy Timoty, mpanompon'i Kristy Jesosy, mamangy ny olona masina rehetra ao amin'i Kristy Jesosy mbamin'ny mpitandrina sy ny diakona izay any Filipy; <n>[ Gr. episkopo]</n>"
mg_50,2,14,0.95,"Ataovy ny zavatra rehetra amin'ny tsy fimonomononana sy ny tsy fisalasalana,","Ataovy ny zavatra rehetra amin'ny tsi-fimonomononana sy ny tsi-fisalasalana,"
mg_50,3,6,0.94,"araka ny zotom-po, dia nanenjika ny fiangonana*; araka ny fahamarinana avy amin'ny lalàna, dia tsy nanan-tsiny. [*Grika: eklesia]","araka ny zotom-po, dia nanenjika ny fiangonana; araka ny fahamarinana avy amin'ny lalàna, dia tsy nanan-tsiny. <n>[ Gr. eklesia]</n>"
mg_50,3,20,0.55,"Fa ny fanjakantsika dia any an-danitra, ary avy any koa no iandrasantsika Mpamonjy, dia Jesoa Kristy Tompo,","Fa ny fanjakantsika dia any an-danitra, ary avy any koa no iandrasantsika Mpamonjy, dia Jesosy Kristy Tompo,Izay hanova ny tenan'ny fietren-tenantsika ka hitovy endrika amin'ny tenan'ny voninahiny, araka ny fiàsan'ny heriny, izay ahaizany hampanaiky ny zavatra rehetra ho Azy."
mg_50,4,4,0.93,Mifalia* mandrakariva amin'ny Tompo; hoy izaho indray: Mifalia*. [*Na: veloma],Mifalia mandrakariva amin'ny Tompo; hoy izaho indray: Mifalia. <n>[ Na: veloma]</n>
mg_50,4,10,0.75,"Ary faly indrindra ao amin'ny Tompo aho, satria nampitsimohinareo indray ankehitriny ny fiheverana ahy, izay efa noheverinareo rahateo, saingy tsy mbola nahita andro hanaovana ianareo.","<n>[Saotra nataon'i Paoly ny Filipiana noho ny fanomezana nampitondrainy an'i Epafrodito, ary fanaovam-beloma sy tso-drano. Ary faly indrindra ao amin'ny Tompo aho, satria nampitsimohinareo indray ankehitriny ny fiheverana ahy, izay efa noheverinareo rahateo, saingy tsy mbola nahita andro hanaovana ianareo."
mg_50,4,15,0.93,"Ary fantatrareo koa, ry Filipiana, fa tamin'ny niandohan'ny filazantsara, rehefa niala tany Makedonia aho, tsy nisy fiangonana* nanan-draharaha tamiko ny amin'ny fanomezana sy fandraisana, afa-tsy ianareo ihany. [*Grika: eklesia#","Ary fantatrareo koa, ry Filipiana, fa tamin'ny niandohan'ny filazantsara, rehefa niala tany Makedonia aho, tsy nisy fiangonana nanan-draharaha tamiko ny amin'ny fanomezana sy fandraisana, afa-tsy ianareo ihany. <n>[ Gr. eklesia]</n>"
mg_51,2,22,0.48,levona amin'ny fanaovana ihany izany rehetra izany — araka ny didy sy ny fampianaran'olona?,"levona amin'ny fanaovana ihany izany rehetra izany - araka ny didy sy ny fampianaran'olona?Izany rehetra izany dia ankalazaina ho fahendrena amin'ny fivavahana haitraitra sy ny fanetren-tena ary ny fampahoriana ny tena, nefa tsy manan-kery akory hahasakana ny fampanaranana ny nofo."
mg_51,3,9,0.92,"Aza mifandainga ianareo, fa efa narianareo ny toetra* taloha mbamin'ny asany; [*Grika: olona]","Aza mifandainga ianareo, fa efa narianareo ny toetra taloha mbamin'ny asany; <n>[ Gr. olona]</n>"
mg_51,3,10,0.94,"ary efa notafinareo ny toetra* vaovao, izay havaozina ho amin'ny fahalalana tsara araka ny endrik'izay nahary azy. [*Grika: olona]","ary efa notafinareo ny toetra vaovao, izay havaozina ho amin'ny fahalalana tsara araka ny endrik'izay nahary azy. <n>[ Gr. olona]</n>"
mg_51,3,17,0.94,"Ary na inona na inona no ataonareo, na amin'ny teny, na amin'ny asa, dia ataovy amin'ny anaran'i Jesoa Tompo izany rehetra izany, ka misaora an'Andriamanitra Ray amin'ny alalany.","Ary na inona na inona no ataonareo, na amin'ny teny, na amin'ny asa, dia ataovy amin'ny anaran'i Jesosy Tompo izany, ka misaora Andriamanitra Ray amin'ny alalany."
mg_51,3,19,0.89,"Ianareo lehilahy, tiava ny vadinareo. ary aza sosotra* aminy. [*Grika: mangidy]","Hianareo lehilahy, tiava ny vadinareo. ary aza sosotra aminy. <n>[ Gr. mangidy]</n>"
mg_52,2,19,0.87,"Fa inona moa no fanantenanay, na fifalianay, na satro-boninahitra reharehanay? Moa tsy ianareo eo anatrehan'i Jesoa Tompontsika amin'ny fihaviany va?","Fa inona moa no fanantenanay, na fifalianay, na satro-boninahitra reharehanay? Moa tsy ianareo eo anatrehan'i Jesosy Tompontsika amin'ny fihaviany va?Fa ianareo no voninahitray sy fifalianay."
mg_52,4,1,0.86,"Ary farany, ry rahalahy, mangataka aminareo sy mananatra anareo ao amin'i Jesoa Tompo izahay, mba ho araka ny nandraisanareo taminay izay mety handehananareo sy hanaovanareo ny sitrapon'Andriamanitra — dia araka ny andehananareo ihany — no hitomboanareo bebe kokoa.","Ary farany, ry rahalahy, mangataka aminareo sy mananatra anareo ao amin'i Jesosy Tompo izahay, mba ho araka ny nandraisanareo taminay izay mety handehananareo sy hanaovanareo ny sitrapon'Andriamanitra - dia araka ny andehananareo ihany - no hitomboanareo bebe kokoa."
mg_52,5,6,0.93,"Koa dia aza mba matory toy ny sasany isika, fa aoka hiambina* ka hahonon-tena. [*Grika: hiari-tory]","Koa dia aza mba matory toy ny sasany isika, fa aoka hiambina ka hahonon-tena. <n>[ Gr. hiari-tory]</n>"
mg_52,5,27,0.77,Mampianiana anareo amin'ny Tompo aho mba hovakina amin'ny rahalahy* rehetra ity epistily ity. [*Na: (rahalahy masina)],Mampianiana anareo amin'ny Tompo aho mba hovakina amin'ny rahalahy rehetra ity epistily ity. <n>[ Na: (rahalahy masina)]</n>Ho aminareo anie ny fahasoavan'i Jesosy Kristy Tompontsika.
mg_53,2,16,0.78,"Ary Jesoa Kristy Tompontsika sy Andriamanitra Raintsika, Izay efa tia antsika ka nanome antsika fampiononana mandrakizay sy fanantenana tsara amin'ny fahasoavana,","Ary Jesosy Kristy Tompontsika sy Andriamanitra Raintsika, Izay efa tia antsika ka nanome antsika fampiononana mandrakizay sy fanantenana tsara amin'ny fahasoavana,no hampionona ny fonareo anie sy hampahery anareo amin'ny asa sy ny teny tsara rehetra."
mg_53,3,3,0.94,"Fa mahatoky ny Tompo, Izay hampahery sy hiaro anareo tsy ho azon'ny* ratsy. [*Na: Ilay]","Fa mahatoky ny Tompo, Izay hampahery sy hiaro anareo tsy ho azon'ny ratsy. <n>[ Na: Ilay]</n>"
mg_54,1,13,0.94,"dia izaho, izay mpiteny ratsy* fahiny sady mpanenjika sy mpampahory; kanefa nahazo famindram-po aho, satria tamin'ny tsy fahalalana no nanaovako izany noho ny tsy finoana. [*Grika: mpanao blasfemia; izahao Matio 9:3]","dia izaho, izay mpiteny ratsy fahiny sady mpanenjika sy mpampahory; kanefa nahazo famindram-po aho, satria tamin'ny tsi-fahalalana no nanaovako izany noho ny tsi-finoana. <n>[ Gr. mpanao blasfemia; izahao Mat. 9,3]</n>"
mg_54,1,20,0.94,"naman'ireny Hymeneo sy Aleksandro, izay natolotro ho an'i Satana mba hofaizana tsy hiteny ratsy. [* Grika: hanao blasfemia, izahao Matio 9:3]","naman'ireny Hymeneo sy Aleksandro, izay natolotro ho an'i Satana mba hofaizana tsy hiteny ratsy. <n>[ Gr. hanao blasfemia, izahao Mat. 9,3]</n>"
mg_54,3,5,0.94,"(fa raha misy olona tsy mahay mitondra ny ankohonany, hataony ahoana no fitandrina ny fiangonan*'Andriamanitra?), [*Grika: eklesia]","(fa raha misy olona tsy mahay mitondra ny ankohonany, hataony ahoana no fitandrina ny fiangonan'Andriamanitra?), <n>[ Gr. eklesia]</n>"
mg_54,3,15,0.54,"fa raha tratra ela aho, dia ny hahafantaranao izay fitondran-tena mety hatao ao an-tranon'Andriamanitra, dia ny fiangonan*'Andriamanitra velona, sady andry sy fiorenan'ny fahamarinana. [*Grika: eklesia]","fa raha tratra ela aho, dia ny hahafantaranao izay fitondran-tena mety hatao ao an-tranon'Andriamanitra, dia ny fiangonan'Andriamanitra velona, sady andry sy fiorenan'ny fahamarinana. <n>[ Gr. eklesia]</n>Ary iaraha-manaiky mihitsy fa lehibe ny zava-miafina ny amin'ny toe-panahy araka an'Andriamanitra, dia Ilay naseho teo amin'ny nofo, nohamarinina tao amin'ny Fanahy; hitan'ny anjely, notorina tany amin'ny jentilisa, ninoana teny amin'izao tontolo izao, nakarina tamin'ny voninahitra. <n>[ Na: ho any amin']</n>"
mg_54,4,14,0.95,"Aza tsy mitandrina ny fanomezam-pahasoavana izay ao anatinao, izay nomena anao tamin'ny faminaniana sy ny fametrahan-tanan'ny loholona*. [*Grika: presbytera]","Aza tsy mitandrina ny fanomezam-pahasoavana izay ao anatinao, izay nomena anao tamin'ny faminaniana sy ny fametrahan-tànan'ny loholona. <n>[ Gr. presbytera]</n>"
mg_54,5,17,0.95,Aoka ny loholona* izay mitondra tsara hatao tokony hahazo fanajana roa heny indrindra fa izay mikely aina amin'ny teny sy ny fampianarana. [*Grika: presbytera],Aoka ny loholona izay mitondra tsara hatao tokony hahazo fanajana roa heny indrindra fa izay nikely aina amin'ny teny sy ny fampianarana. <n>[ Gr. presbytera]</n>
mg_54,5,18,0.94,"Fa hoy ny Soratra Masina: ""Aza manakombona ny vavan'ny omby mively vary ianao"" (Deoteronomia 25:4) Ary koa: ""Ny mpiasa miendrika hahazo ny karamany"" (Lioka 10:7).","Fa hoy ny Soratra Masina: ""Aza manakombona ny vavan'ny omby mively vary ianao"" (Deo. 25.4) Ary koa: ""Ny mpiasa miendrika hahazo ny karamany"" (Lio.10.7)."
mg_54,5,19,0.93,"Aza mandray teny hiampangana loholona*, raha tsy misy vavolombelona roa na telo. [*Grika: presbytera]","Aza mandray teny hiampangana loholona, raha tsy misy vavolombelona roa na telo. <n>[ Gr. presbytera]</n>"
mg_55,1,11,0.94,"ny amin'io filazantsara io no nanendrena ahy ho mpitory sy Apostoly ary mpampianatra*. [*Na: ""mpampianatra ny jentilisa""]",ny amin'io filazantsara io no nanendrena ahy ho mpitory sy Apostoly ary mpampianatra. <n>[ Na: <n>[mpampianatra ny jentilisa]</n>
mg_55,2,17,0.92,"ary ny teniny dia handany tahaka ny aretina mihady*; isan'ireny Hymeneo sy Fileto, [*Grika: gangrena]","ary ny teniny dia handany tahaka ny aretina mihady; isan ireny Hymeneo sy Fileto, <n>[ Gr. gangrena]</n>"
mg_55,3,2,0.95,"Fa ny olona ho tia tena, ho tia vola, ho mpandoka tena, mpiavonavona, miteny ratsy*, tsy manoa ray sy reny, tsy misaotra, tsy manaja izay masina, [*Grika: manao blasfemia; izahao Matio 9:3]","Fa ny olona ho tia tena, ho tia vola, ho mpandoka tena, mpiavonavona, miteny ratsy, tsy manoa ray sy reny, tsy misaotra, tsy manaja izay masina, <n>[ Gr. manao blasfemia; izahao Mat. 9,3]</n>"
mg_55,4,6,0.93,"Fa izaho dia efa hatolotra* sahady, ary efa mba akaiky ny andro fialàko. [*Grika: haidina ho fanatitra aidina]","Fa izaho dia efa hatolotra sahady, ary efa mba akaiky ny andro fialàko. <n>[ Gr. haidina ho fanatitra aidina]</n>"
mg_55,4,8,0.69,"hatrizao dia tehirizina ho ahy ny satro-boninahitry ny fahamarinana, izay homen'ny Tompo, Mpitsara marina, ho ahy amin'izay andro izay; ary tsy ho ahy ihany, fa ho an'izay rehetra tia ny fisehoany koa.","hatrizao dia tehirizina ho ahy ny satro-boninahitry ny fahamarinana, izay homen ny Tompo, Mpitsara marina, ho ahy amin izay andro izay; ary tsy ho ahy ihany, fa ho an'izay rehetra tia ny fisehoany koa."
mg_56,1,13,0.94,"Marina izany vavolombelona izany. Ary noho izany dia anaro mafy izy mba hatanjaka amin'ny finoana, [*Grika: salama]","Marina izany vavolombelona izany. Ary noho izany dia anaro mafy izy mba hatanjaka amin'ny finoana, <n>[ Gr. salama]</n>"
mg_56,2,1,0.92,Fa ianao kosa dia milazà izay miendrika ny fampianarana tsy misy kilema*; [*Grika: salama],Fa ianao kosa dia milazà izay miendrika ny fampianarana tsy misy kilema; <n>[ Gr. salama]</n>
mg_56,2,5,0.95,"hahonon-tena, ho madio toe-panahy, hiasa ao an-tranony, ho tsara fanahy, hanaiky ny vadiny, mba tsy hitenenana ratsy* ny tenin'Andriamanitra. [*Grika: hanaovana blasfemia; izahao Matio 9:3]","hahonon-tena, ho madio toe-panahy, hiasa ao an-tranony, ho tsara fanahy, hanaiky ny vadiny, mba tsy hitenenana ratsy ny tenin'Andriamanitra. <n>[ Gr. hanaovana blasfemia; izahao Mat. 9,3]</n>"
mg_56,2,8,0.95,"ny teny tsy misy kilema*, izay tsy azo tsinina, mba ho menatra izay manohitra; satria tsy hisy ratsy hitenenany anareo. [*Grika: salama]","ny teny tsy misy kilema, izay tsy azo tsinina, mba ho menatra izay manohitra; satria tsy hisy ratsy hitenenany anareo. <n>[ Gr. salama]</n>"
mg_58,1,5,0.94,"Fa anjely iza no mba nilazany hoe: ""Zanako Ianao, Izaho niteraka Anao androany""? (Salamo 2:7). Ary koa: ""Izaho ho Rainy, Ary Izy ho Zanako""? (II Samoela 7:14.)","Fa anjely iza no mba nilazany hoe: ""Zanako Hianao, Izaho niteraka Anao androany""? (Sal.2.7). Ary koa: ""Izaho ho Rainy, Ary Izy ho Zanako""? (2 Sam. 7.14.)"
mg_58,1,13,0.67,"Fa anjely iza no mba nilazany hoe: ""Mipetraha eo an-tanako ankavanana, Ambara-panaoko ny fahavalonao ho fitoeran-tongotrao""? (Salamo 110:1.)","Fa anjely iza no mba nilazany hoe: ""Mipetraha eo an-tanako ankavanana, Ambara-panaoko ny fahavalonao ho fitoeran-tongotrao""? (Sal. 110. 1.)Tsy fanahy manompo va izy rehetra, nirahina hanao fanompoana ho an'izay handova famonjena? <n>[Na: manao fanompoam-pivavahana]</n>"
mg_58,2,12,0.92,"ka manao hoe: ""Hitory ny anaranao amin'ny rahalahiko Aho; Eo amin'ny fiangonana* no hiderako Anao"" (Salamo 22:22). [*Grika: eklesia]","ka manao hoe: ""Hitory ny anaranao amin'ny rahalahiko Aho; Eo amin'ny fiangonana no hiderako Anao"" (Sal 22.22). <n>[ Gr. eklesia]</n>"
mg_58,3,2,0.93,"Izay mahatoky ny nanendry Azy, tahaka an'i Mosesy koa tao amin'ny tranon'Andriamanitra rehetra*. [*Izahao Nomery 12:7]","Izay mahatoky ny nanendry Ary, tahaka an'i Mosesy koa tao amin'ny tranon'Andriamanitra rehetra. <n>[Izahao Nom. 12. 7]</n>"
mg_58,4,5,0.93,"Ary amin'izao koa: ""Tsy hiditra amin'ny fitsaharako mihitsy izy"" (Salamo 95:11].","Ary amin'izao koa: ""Tsy hiditra amin'ny fitsaharako mihitsy izy"" (Sal. 95. 11]</n>."
mg_58,5,7,0.76,"Tamin'ny andron'ny nofony, raha nanao* fivavahana sy fangatahana nomban'ny fitarainana mafy sy ny ranomaso be tamin'izay nahavonjy Azy tamin'ny fahafatesana Izy, sady voahaino noho ny fahatahorany an'Andriamanitra**, [*Grika: nanatitra] [** Na: voahaino ka afaka tamin'ny fahatahorany]","Tamin'ny andron'ny nofony, raha nanao fivavahana sy fangatahana nomban'ny fitarainana mafy sy ny ranomaso be tamin'izay nahavonjy Azy tamin'ny fahafatesana Izy, sady voahaino noho ny fahatahorany an'Andriamanitra, <n>[ Gr. nanatitra]</n> <n>[ Na: voahaino ka afaka tamin'ny fahatahorany]</n>"
mg_58,8,12,0.59,"Fa hamindra fo amin'ny tsy fahamarinany Aho, Ary tsy hotsarovako intsony ny fahotany"" (Jeremia 31:31-34).","Fa hamindra fo amin'ny tsi-fahamarinany Aho, Ary tsy hotsarovako intsony ny fahotany"" (Jer. 31. 31-34).Amin'ny anaovany hoe ""vaovao"" dia nataony fa efa ela ny voalohany. Fa izay tratra ela sy mihantitra dia efa madiva ho levona."
mg_58,9,20,0.95,dia hoy izy; Ity no ran'ny fanekena izay nandidian'Andriamanitra anareo (Eksodosy 24:8).,dia hoy izy; Ity no ran'ny fanekena izay nandidian'Andriamanitra anareo (Eks. 24. 8).
mg_58,10,17,0.94,"dia hoy koa Izy: ""Ny fahotany sy ny helony tsy hotsarovako intsony"" (Jeremia 31:33-34).","dia hoy koa Izy: ""Ny fahotany sy ny helony tsy hotsarovako intsony"" (Jer. 31.33, 34)."
mg_58,10,30,0.94,"Fa fantatsika Izay nanao hoe: ""Ahy ny famaliana; Izaho no hamaly;"" ary koa: ""Jehovah hitsara ny olony"" (Deoteronomia 32:35-36).","Fa fantatsika Izay nanao hoe: ""Ahy ny famaliana; Izaho no hamaly;"" ary koa: ""Jehovah hitsara ny olony"" (Deo. 32.35, 36)."
mg_58,10,38,0.65,"Ary ""ny oloko marina* dia ho velon'ny finoana;"" Fa raha mihemotra izy, dia tsy sitraky ny fanahiko (Habakoka 2:3-4). [*(ny marina)]","Ary ""ny oloko marina dia ho velon'ny finoana;"" Fa raha mihemotra izy, dia tsy sitraky ny fanahiko (Hab. 2.3, 4). <n>[ (ny marina)]</n>Fa isika tsy mba naman'izay mihemotra ho amin'ny fahaverezana, fa naman'izay mino ho amin'ny famonjena ny fanahy."
mg_58,12,6,0.94,"Fa izay tian'i Jehovah no faizany, Ary izay zanaka rehetra raisiny no kapohiny"" (Ohabolana 3:11-12).","Fa izay tian'i Jehovah no faizany, Ary izay zanaka rehetra raisiny no kapohiny"" (Oha. 3.11,12)."
mg_58,12,12,0.93,Koa hatanjaho* ny tanana miraviravy sy ny lohalika malemy; [*Na: ahitsio],Koa hatanjaho ny tanana miraviravy sy ny lohalika malemy; <n>[ Na: ahitsio]</n>
mg_58,12,21,0.94,"ary satria loza indrindra ny fahitana, dia hoy Mosesy: ""Matahotra loatra sy mangovitra indrindra aho"" (Deoteronomia 9:19).","ary satria loza indrindra ny fahitana, dia hoy Mosesy: ""Matahotra loatra sy mangovitra indrindra aho"" (Deo]</n>. 9.19)."
mg_58,12,23,0.94,"amin'ny fihaonana fifaliana* sy ny fiangonan**'ny lahimatoa voasoratra any an-danitra, sy amin'Andriamanitra, Mpitsara ny olona rehetra, ary amin'ny fanahin'ny olona marina izay efa natao tanteraka, [*Na: ho amin'ireo tsy omby alinalina, dia ny fivorian'ny anjely] [** Grika: eklesia]","amin'ny fihaonana fifaliana sy ny fiangonan'ny lahimatoa voasoratra any an-danitra, sy amin'Andriamanitra, Mpitsara ny olona rehetra, ary amin'ny fanahin'ny olona marina izay efa natao tanteraka, <n>[ Na: ho amin'ireo tsy omby alinalina, dia ny fivorian'ny anjely]</n> <n>[ Gr. eklesia]</n>"
mg_58,12,28,0.88,"Koa satria mandray fanjakana tsy azo ampihorohoroina isika, dia aoka isika hanana fahasoavana* ho entintsika manao izay fanompoana sitrak'Andriamanitra amin'ny fanajana sy ny fahatahorana; [*Na: hanana fanahy misaotra]","Koa satria mandray fanjakana tsy azo ampihorohoroina isika, dia aoka isika hanana fahasoavana ho entintsika manao izay fanompoana sitrak'Andriamanitra amin'ny fanajana sy ny fahatahorana; <n>[ Na: hanana fanahy misaotra]</n>fa Andriamanitsika dia afo mandevona (Deo. 4.24)."
mg_58,12,29,0.89,fa Andriamanitsika dia afo mandevona (Deoteronomia 4:24).,fa Andriamanitsika dia afo mandevona (Deo. 4.24).
mg_58,13,21,0.95,Izy anie hahatanteraka anareo amin'ny tsara* rehetra hanao ny sitrapony ka hiasa ao anatinareo** izay ankasitrahana eo imasony amin'ny alalan'i Jesoa Kristy; ho Azy anie ny voninahitra mandrakizay mandrakizay. Amena. [*Na: asa tsara] [**Na: (anatintsika)],Izy anie hahatanteraka anareo amin'ny tsara rehetra hanao ny sitrapony ka hiasa ao anatinareo izay ankasitrahana eo imasony amin'ny alalan'i Jesosy Kristy; ho Azy anie ny voninahitra mandrakizay mandrakizay. Amena. <n>[ Na: asa tsara]</n> <n>[Na: (anatintsika)]</n>
mg_59,2,4,0.95,moa tsy miangatra* va ianareo amin'izany ka efa mpitsara manan-kevi-dratsy? [*Na: miahanahana],moa tsy miangatra va ianareo amin'izany ka efa mpitsara manan-kevi-dratsy? <n>[ Na: miahanahana]</n>
mg_59,2,7,0.91,Tsy izy koa va no miteny ratsy* ny anarana tsara izay niantsoana anareo? [*Grika: manao blasfemia; izahao Matio 9:3],Tsy izy koa va no miteny ratsy ny anarana tsara izay niantsoana anareo? <n>[ Gr. manao blasfemia; izahao Mat.9.3]</n>
mg_59,2,8,0.93,"Kanefa raha mankatò ilay didy ambony indrindra* ianareo, araka ny Soratra Masina hoe: ""Tiava ny namanao tahaka ny tenanao"" (Levitikosy 19:18), dia manao tsara ianareo. [*Grika: andriana]","Kanefa raha mankatò ilay didy ambony indrindra ianareo, araka ny Soratra Masina hoe: ""Tiava ny namanao tahaka ny tenanao"" (Lev. 29.18), dia manao tsara ianareo. <n>[ Gr. andriana]</n>"
mg_59,3,14,0.95,"Fa raha misy fialonana mirehitra* sy fifampiandaniana ao am-ponareo, aza mirehareha na mandainga manohitra ny marina. [*Grika: mangidy]","Fa raha misy fialonana mirehitra sy fifampiandaniana ao am-ponareo, aza mirehareha na mandainga manohitra ny marina. <n>[ Gr. mangidy]</n>"
mg_59,3,17,0.64,"Fa ny fahendrena izay avy any ambony dia madio aloha, ary tia fihavanana, mandefitra, mora alahatra, be famindram-po sy be voka-tsoa, tsy miahanahana* na mihatsaravelatsihy. [*Na: miangatra]","Fa ny fahendrena izay avy any ambony dia madio aloha, ary tia fihavanana, mandefitra, mora alahatra, be famindram-po sy be voka-tsoa, tsy miahanahana na mihatsaravelatsihy. <n>[ Na: miangatra]</n>Ary ny vokatry ny fahamarinana dia afafy amin'ny fihavanana ho an'izay mampandroso ny fihavanana. <n>[ Na: Izay mampandroso ny fihavanana no mamafy ny vokatry ny fahamarinana amin'ny fihavanana]</n>"
mg_59,4,5,0.95,"Ary ataonareo va fa miteny foana ny Soratra Masina*? Ny fanahy, izay nampitoeriny ato anatintsika** dia iriny amin'ny fahasaro-piaro***. [*Na: ny Soratra Masina hoe] [** Na: izay mitoetra ato anatintsika] [*** Na: Ny Fanahy, Izay nampitoeriny ato anatintsika, dia maniry amin'ny fahasaro-piaro; na: Ny fanahy, izay nampitoeriny ato anatintsika, dia maniry amin'ny fialonana]","Ary ataonareo va fa miteny foana ny Soratra Masina? Ny fanahy, izay nampitoeriny ato anatintsika dia iriny amin'ny fahasaro-piaro. <n>[ Na: ny Soratra Masina hoe]</n> <n>[ Na: izay mitoetra ato anatintsika]</n> <n>[ Na: Ny Fanahy, Izay nampitoeriny ato anatintsika, dia maniry amin'ny fahasaro-piaro; na: Ny fanahy, izay nampitoeriny ato anatintsika, dia maniry amin'ny fialonana]</n>"
mg_59,5,14,0.92,Misy marary va eo aminareo? Aoka izy hampaka ny loholon*'ny fiangonana**; ary aoka hanosotra diloilo azy amin'ny anaran'ny Tompo ireo sady hivavaka eo aminy; [*Grika: presbytera] [** Grika: eklesia],Misy marary va eo aminareo? Aoka izy hampaka ny loholon'ny fiangonana; ary aoka hanosotra diloilo azy amin'ny anaran'ny Tompo ireo sady hivavaka eo aminy; <n>[ Gr. presbytera]</n> <n>[ Gr. eklesia]</n>
mg_6,3,16,0.72,"dia nijanona ny rano izay nidina avy tany ambony ka tonga toy ny antontan-javatra tery lavitra ery, dia tery amin'ny tanàna Adama, izay eo anilan'i Zaretana; eny, tapaka tokoa ny rano izay nidina ho any amin'ny ranomasin'ny tani-hay*, dia ny Ranomasin-tsira; ary ny olona dia nita tandrifin'i Jeriko. [*Hebreo: Arabà]","dia nijanona ny rano izay nidina avy tany ambony ka tonga toy ny antontan-javatra terỳ lavitra erỳ, dia terỳ amin'ny tanàna Adama, izay eo anilan'i Zaretana; eny, tapaka tokoa ny rano izay nidina ho any amin'ny ranomasin'ny tani-hay, dia ny Ranomasin-tsira; ary ny olona dia nita tandrifin'i Jeriko. <n>[Heb. Arabà]</n>Ary ny mpisorona izay nitondra ny fiaran'ny faneken'i Jehovah dia nijoro tsara tamin'ny tany maina teo afovoan'i Jordana, ary ny Isiraely rehetra nandeha tamin'ny tany maina mandra-pahatafitan'izy rehetra an'i Jordana."
mg_6,6,17,0.93,"Dia hatolotra ho an'i Jehovah ho zavatra voaozona* ny tanàna sy izay rehetra ao; fa Rahaba janga ihany no hovelomina, dia izy sy izay rehetra ao aminy ao an-trano, satria nanafina ny iratsika izy. [*Hebreo: herema; izahao Levitikosy 22:28]","Dia hatolotra ho an'i Jehovah ho zavatra voaozona ny tanàna sy izay rehetra ao; fa Rahaba janga ihany no hovelomina, dia izy sy izay rehetra ao aminy ao an-trano, satria nanafina ny iratsika izy. <n>[Heb. herema; izahao Lev. XXII. 28]</n>"
mg_6,7,7,0.51,"Ary hoy Josoa: Indrisy, Jehovah Tompo o! nahoana no nampita ity firenena ity foana teo Jordana Ianao, hanoloranao anay eo an-tanan'ny Amorita handringanana anay? Inay anie izahay mba nety nitoetra tany an-dafin'i Jordana ihany!","Ary hoy Josoa: Indrisy, Jehovah Tompo ô! nahoana no nampita ity firenena ity foana teo Jordana Hianao, hanoloranao anay eo an-tànan'ny Amorita handringanana anay? Inay anie izahay mba nety nitoetra tany an-dafin'i Jordana ihany!"
mg_6,8,20,0.95,"Ary niherika ny mponina tao Ay, ka hitany fa, indro, ny setroky ny tanàna niakatra ho any an-danitra, sady tsy nisy handosirany akory , na ho ety, na ho ery; fa ny Isiraely izay nanao tari-dositra ho any an'efitra dia nifotitra namely ny mpanenjika kosa.","Ary niherika ny mponina tao Ay, ka hitany fa, indro, ny setroky ny tanàna niakatra ho any an-danitra, sady tsy nisy handosirany akory , na ho etỳ, na ho erỳ; fa ny Isiraely izay nanao tari-dositra ho any an-efitra dia nifotitra namely ny mpanenjika kosa."
mg_6,8,26,0.94,Ary Josoa tsy nampihemotra ny tanany izay nanondro tamin'ny lefona mandra-pandringana* ny mponina rehetra tao Ay. [*Hebreo: herema],Ary Josoa tsy nampihemotra ny tànany izay nanondro tamin'ny lefona mandra-pandringana ny mponina rehetra tao Ay.<n>[Heb. herema]</n>
mg_6,8,31,0.78,"araka izay nandidian'i Mosesy, mpanompon'i Jehovah, ny Zanak'Isiraely, dia araka ny voasoratra eo amin'ny bokin'ny lalàn'i Mosesy, dia alitara vato tsy voavotra, izay tsy nopehim-by; ary dia nanatitra fanatitra dorana teo amboniny ho an'i Jehovah izy sady namono zavatra hatao fanati-pihavanana.","araka izay nandidian'i Mosesy mpanompon'i Jehovah, ny Zanak'Isiraely, dia araka ny voasoratra eo amin'ny bokin'ny lalàn'i Mosesy dia alitara vato tsy voavoatra, izay tsy nopehim-by; ary dia nanatitra fanatitra dorana teo amboniny ho an'i Jehovah izy sady namono zavatra hatao fanati-pihavanana."
mg_6,10,35,0.93,"dia afany tamin'izany andro izany koa izy ka nasiany tamin'ny lelan-tsabatra; ary ny olona rehetra tao dia naringany* tamin'izany andro izany, tahaka izay rehetra efa nataony tamin'i Lakisy. [*Hebreo: nataony herema; izahao Levitikosy 22:28]","dia afany tamin'izany andro izany koa izy ka nasiany tamin'ny lelan-tsabatra; ary ny olona rehetra tao dia naringany tamin'izany andro izany, tahaka izay rehetra efa nataony tamin'i Lakisy.<n>[Heb. nataony herema; izahao Lev. XXII. 28]</n>"
mg_6,10,37,0.95,"dia afany koa izy, ka nasiany tamin'ny lelan-tsabatra izy sy ny mpanjakany sy ny tanànany rehetra ary ny olona rehetra tao; tsy nasiany niangana na dia iray akory aza, tahaka izay rehetra efa nataony tamin'i Eglona; fa naringany* avokoa izy sy ny olona rehetra tao. [*Hebreo: nataony herema; izahao Levitikosy 22:28]","dia afany koa izy, ka nasiany tamin'ny lelan-tsabatra izy sy ny mpanjakany sy ny tanànany rehetra ary ny olona rehetra tao; tsy nasiany niangana na dia iray akory aza, tahaka izay rehetra efa nataony tamin'i Eglona; fa naringany avokoa izy sy ny olona rehetra tao.<n>[Heb. nataony herema; izahao Lev. XXII. 28]</n>"
mg_6,11,2,0.93,"ary ireo mpanjaka tany amin'ny tany havoana any avaratra koa sy tany amin'ny tani-hay* atsimon'i Kinerota sy tany amin'ny tany lemaka amoron-tsiraka** ary tany amin'ny havoan'i Dora andrefana, [*Hebreo: Arabà] [**Hebreo: Sefela]","ary ireo mpanjaka tany amin'ny tany havoana any avaratra koa sy tany amin'ny tani-hay atsimon'i Kinerota sy tany amin'ny tany lemaka amoron-tsiraka ary tany amin'ny havoan'i Dora andrefana, <n>[Heb. Arabà]</n><n>[Heb. Sefela]</n>"
mg_6,11,11,0.92,Ary nasiany tamin'ny lelan-tsabatra ny olona rehetra tao ka naringany* avokoa: tsy nisy olo-miaina sisa na dia iray akory aza; ary Hazora nodorany tamin'ny afo. [*Hebreo: nataony herema; izahao Levitikosy 22:28],Ary nasiany tamin'ny lelan-tsabatra ny olona rehetra tao ka naringany avokoa: tsy nisy olo-miaina sisa na dia iray akory aza; ary Hazora nodorany tamin'ny afo.<n>[Heb. nataony herema; izahao Lev. XXII. 28]</n>
mg_6,11,12,0.93,"Ary ny tanàna rehetra izay an'ireny mpanjaka ireny sy ny mpanjakany rehetra dia azon'i Josoa ary nasiany tamin'ny lelan-tsabatra ka naringany*, araka izay efa nandidian'i Mosesy, mpanompon'i Jehovah. [*Hebreo: nataony herema; izahao Levitikosy 22:28]","Ary ny tanàna rehetra izay an'ireny mpanjaka ireny sy ny mpanjakany rehetra dia azon'i Josoa ary nasiany tamin'ny lelan-tsabatra ka naringany, araka izay efa nandidian'i Mosesy, mpanompon'i Jehovah. <n>[Heb. nataony herema; izahao Lev. XXII. 28]</n>"
mg_6,11,16,0.94,"Dia lasan'i Josoa avokoa izany tany rehetra izany na ny tany havoana, na ny tany atsimo rehetra, na ny tany Gosena rehetra, na ny tany lemaka amoron-tsiraka*, na ny tani-hay** na ny tany havoan'ny Isiraely sy ny tany lemaka aminy koa, [*Hebreo: Sefela] [**Hebreo: Arabà]","Dia lasan'i Josoa avokoa izany tany rehetra izany na ny tany havoana, na ny tany atsimo rehetra, na ny tany Gosena rehetra, na ny tany lemaka amoron-tsiraka, na ny tani-hay na ny tany havoan'ny Isiraely sy ny tany lemaka aminy koa, <n>[Heb. Sefela]</n><n>[Heb. Arabà]</n>"
mg_6,11,21,0.95,"Dia nandeha tamin'izany andro izany Josoa ka namongotra ny Anakita tany amin'ny tany havoana, dia tany Hebrona sy Debira sy Anaba, ary tany amin'ny tany havoan'i Joda rehetra, ary tany amin'ny tany havoan'Isiraely rehetra: naringan*'i Josoa avokoa izy sy ny tanànany. [*Hebreo: nataony herema; izahao Levitikosy 22:28]","Dia nandeha tamin'izany andro izany Josoa ka namongotra ny Anakita tany amin'ny tany havoana, dia tany Hebrona sy Debira sy Anaba, ary tany amin'ny tany havoan'i Joda rehetra, ary tany amin'ny tany havoan'Isiraely rehetra: naringan'i Josoa avokoa izy sy ny tanànany. <n>[Heb. nataony herema; izahao Lev. XXII. 28]</n>"
mg_6,12,2,0.86,"Sihona, mpanjakan'ny Amorita, izay nonina tany Hesbona ka nanjaka hatrany Aroera, eo amoron'ny lohasahan-driaka Arnona, ka hatreo afovoan'ny lohasaha sy ny antsasak'i Gileada, dia hatramin'ny lohasahan-driaka Jaboka, faritanin'ny taranak'i Amona,","Sihona, mpanjakan'ny Amorita, izay nonina tany Hesbona ka nanjaka hatrany Aroera, eo amoron'ny lohasahan-driaka Arnona, ka hatreo afovoan'ny lohasaha sy ny antsasak'i Gileada, dia hatramin'ny lohasahan-driaka Jaboka, fari-tanin'ny taranak'i Amona, <n>[Heb. Arabà]</n>"
mg_6,12,8,0.95,"dia ny any amin'ny tany havoana sy amin'ny tany lemaka amoron-tsiraka* sy amin'ny tani-hay** sy amin'ny tany ambodin'ny tendrombohitra sy any an'efitra ary any amin'ny tany atsimo, dia ny an'ny Hetita sy ny Amorita sy ny Kananita sy ny Perizita sy ny Hivita ary ny Jebosita: [*Hebreo: Sefela] [**Hebreo: Arabà]","dia ny any amin'ny tany havoana sy amin'ny tany lemaka amoron-tsiraka sy amin'ny tani-hay sy amin'ny tany ambodin'ny tendrombohitra sy any an-efitra ary any amin'ny tany atsimo, dia ny an'ny Hetita sy ny Amorita sy ny Kananita sy ny Perizita sy ny Hivita ary ny Jebosita:<n>[Heb. Sefela]</n><n>[Heb. Arabà]</n>"
mg_6,14,15,0.94,Ary tanànan'Arba* no anaran'i Hebrona taloha; ilay lehilahy vaventy tamin'ny Anakita izany Arba* izany. Dia nandry ny tany ka tsy nisy ady intsony. [*Na: Kiriat-arba; izahao Josoa 15:54],Ary tanànan'Arba no anaran'i Hebrona taloha; ilay lehilahy vaventy tamin'ny Anakita izany Arba izany. Dia nandry ny tany ka tsy nisy ady intsony.<n>[Na: Kiriat-arba; izahao Jos. xv. 54]</n>
mg_6,15,13,0.95,"Ary Kaleba, zanak'i Jefone, dia nomeny anjara teo amin'ny taranak'i Joda, araka ny didin'i Jehovah tamin'i Josoa, dia ny tanànan'i Arba*, rain'i Anàka (Hebrona izany). [*Na: Kiriat-arba; izahao Josoa 15:54]","Ary Kaleba, zanak'i Jefone, dia nomeny anjara teo amin'ny taranak'i Joda, araka ny didin'i Jehovah tamin'i Josoa, dia ny tanànan'i Arba, rain'i Anàka (Hebrona izany). <n>[Na: Kiriat-arba; izahao Jos. XV. 54]</n>"
mg_6,15,33,0.92,Ary teo amin'ny tany lemaka amoron-tsiraka* dia Estaola sy Zora sy Asna [*Hebreo: Sefela],Ary teo amin'ny tany lemaka amoron-tsiraka dia Estaola sy Zora sy Asna <n>[Heb. Sefela]</n>
mg_6,20,8,0.70,"Ary dia nifidy an'i Bezera any an'efitra amin'ny tany lemaka izay an'ny firenen'i Robena izy, ary Ramota izay any Gileada, an'ny firenen'i Gada, ary Golana any Basana, izay an'ny firenen'i Manase, any an-dafy atsinanan'i Jordana, tandrifin'i Jeriko.","Ary dia nifidy an'i Bezera any an-efitra amin'ny tany lemaka izay an'ny firenen'i Robena izy, ary Ramota izay any Gileada, an'ny firenen'i Gada, ary Golana any Basana, izay an'ny firenen'i Manase, any an-dafy atsinanan'i Jordana, tandrifin'i Jeriko.Ireo no tanàna voafidy ho an'ny Zanak'Isiraely rehetra sy ny vahiny eo aminy handosiran'izay rehetra nahafaty olona tsy nahy, mba tsy ho fatin'ny tanan'ny mpamaly rà izy mandra-pisehony eo anatrehan'ny fiangonana."
mg_6,21,11,0.94,"Dia nomeny azy ny tanànan'i Arba*, rain'i Anàka (Hebrona izany), any amin'ny tany havoan'i Joda, mbamin'ny tany manodidina azy. [*Kiriat-arba; izahao Josoa 15:54]","Dia nomeny azy ny tanànan'i Arba, rain'i Anàka (Hebrona izany), any amin'ny tany havoan'i Joda, mbamin'ny tany manodidina azy. <n>[Kiriat-arba; izahao XV. 54]</n>"
mg_6,22,20,0.93,"Tsy nandika ny didy va Akana, zanak'i Zera, tamin'ny zavatra voaozona*, ka nisy fahatezerana nahatratra ny fiangonana, dia ny Isiraely rehetra? Ary tsy io lehilahy irery io ihany no maty tamin'izany helony izany. [*Hebreo: herema; izahao Levitikosy 22:28]","Tsy nandika ny didy va Akana, zanak'i Zera, tamin'ny zavatra voaozona, ka nisy fahatezerana nahatratra ny fiangonana, dia ny Isiraely rehetra? Ary tsy io lehilahy irery io ihany no maty tamin'izany helony izany.<n>[Heb. herema; izahao Lev. xxii. 28]</n>"
mg_6,24,32,0.75,"Ary ny taolan'i Josefa, izay efa nentin'ny Zanak'Isiraely avy tany Egypta, dia naleviny tao Sekema, tao amin'ny tany izay novidin'i Jakoba volafotsy* zato tamin'ny zanak'i Hamora, rain'i Sekema; dia tonga lovan'ny taranak'i Josefa izany. [*Hebreo: kesita; izahao Genesisy 33:19]","Ary ny taolan'i Josefa, izay efa nentin'ny Zanak'Isiraely avy tany Egypta, dia naleviny tao Sekema, tao amin'ny tany izay novidin'i Jakoba volafotsy zato tamin'ny zanak'i Hamora, rain'i Sekema; dia tonga lovan'ny taranak'i Josefa izany. <n>[Heb. kesita; izahao Gen. xxxiii. 19]</n>Dia maty koa Eleazara, zanak'i Arona, ka naleviny teo amin'ny havoan'i Finehasa zanany, izay nomena azy tany amin'ny tany havoan'i Efraima."
mg_60,1,16,0.94,"satria voasoratra hoe: ""Ho masina ianareo, satria masina Aho"" (Levitikosy 11:44).","satria voasoratra hoe: ""Ho masina ianareo, satria masina Aho"" (Lev. 11.44)."
mg_60,2,1,0.92,"Koa esory ny lolompo rehetra sy ny fitaka rehetra sy ny fihatsaram-belatsihy sy ny fialonana ary ny fanaratsiana rehetra,","Koa esory ny lolompo rehetra sy ny ny fihatsaram-belatsihy sy ny fialonana ary ny fanaratsiana rehetra,"
mg_60,2,24,0.72,"ary Izy nitondra ny fahotantsika (Isaia 53:12) tamin'ny tenany teo ambonin'ny hazo, mba ho faty ny amin'ny ota isika, fa ho velona ny amin'ny fahamarinana; ary ""ny dian-kapoka taminy no nahasitranana anareo"" (Isaia 53:5).","ary Izy nitondra ny fahotantsika (Isa. 53. 12) tamin'ny tenany teo ambonin'ny hazo, mba ho faty ny amin'ny ota isika, fa ho velona ny amin'ny fahamarinana; ary ""ny dian-kapoka taminy no nahasitranana anareo"" (Isa. 53.5).Fa efa nania toy ny ondry ianareo (Isa. 53.6), nefa ankehitriny dia efa niverina ho amin'ny Mpiandry sy Mpitandrina ny fanahinareo.<n>[ Gr. Episkopo]</n>"
mg_60,2,25,0.93,"Fa efa nania toy ny ondry ianareo (Isaia 53:6), nefa ankehitriny dia efa niverina ho amin'ny Mpiandry sy Mpitandrina* ny fanahinareo. [*Grika: Episkopo]","Fa efa nania toy ny ondry ianareo (Isa. 53.6), nefa ankehitriny dia efa niverina ho amin'ny Mpiandry sy Mpitandrina ny fanahinareo.<n>[ Gr. Episkopo]</n>"
mg_60,3,21,0.79,"izay mamonjy anareo koa ankehitriny, dia ny batisa, izay tenan'io tandindona io,- tsy ny fanesorana ny fahalotoan'ny nofo anefa, fa ny fitadiavana* ny fieritreretana tsara eo anatrehan**'Andriamanitra***, amin'ny nitsanganan'i Jesoa Kristy tamin'ny maty. [*Na: fanontanian'] [** Na: amin'] [*** Na: ny fitadiavan'ny fieritreretana tsara an'Andriamanitra]","izay mamonjy anareo koa ankehitriny, dia ny batisa, izay tenan'io tandindona io,- tsy ny fanesorana ny fahalotoan'ny nofo anefa, fa ny fitadiavana ny fieritreretana tsara eo anatrehan'Andriamanitra, amin'ny nitsanganan'i Jesosy Kristy tamin'ny maty. <n>[ Na: fanontanian']</n> <n>[ Na: amin']</n> <n>[ Na: ny fitadiavan'ny fieritreretana tsara an'Andriamanitra]</n>Izay eo amin'ny tanana ankavanan'Andriamanitra; fa efa lasa ho any an-danitra Izy ka efa nampanekena Azy ny anjely sy ny fahefana ary ny hery."
mg_60,4,11,0.24,"Raha misy olona miteny, dia aoka izy hiteny toy ny milaza tenin'Andriamanitra; raha misy olona manompo, dia aoka izy hanao izany araka ny hery izay omen'Andriamanitra azy; mba hankalazana an'Andriamanitra amin'ny zavatra rehetra amin'ny alalan'i Jesoa Kristy; fa Azy ny voninahitra sy ny fanjakana mandrakizay mandrakizay. Amena,","Rana misy olona miteny, dia aoka izy hiteny toy ny milaza tenin'Andriamanitra, raha misy olona manompo, dia aoka izy hanao izany araka ny hery izay omen'Andriamanitra azy; mba hankalazana an'Andriamanitra amin'ny zavatra rehetra amin'ny alalan'i Jesosy Kristy; fa Azy ny voninahitra sy ny fanjakana mandrakizay mandrakizay. Amena,"
mg_60,4,18,0.55,"Ary ""raha saiky tsy voavonjy ny marina, aiza no hisehoan ny ratsy fanahy sy ny mpanota? (Ohabolana 11:31).","Ary ""raha saiky tsy voavonjy ny marina, aiza no hisehoan ny ratsy fanahy sy sy ny mpanota? (Oha 11. 31).Koa izay mitondra fahoriana araka ny sitrapon'Andriamanitra, dia aoka ny fanaovan-tsoa no hanolorany ny fanahiny ho an'ilay mahatoky, dia ny Mpanao azy."
mg_61,2,2,0.93,"Ary maro no hanaraka ny fijejojejoany; ka ireny no hitenenan-dratsy* ny lalan'ny fahamarinana. [*Grika: hanaovana blasfemia, izahao Matio 9:3]","Ary maro no hanaraka ny fijejojejoany; ka ireny no hitenenan-dratsy ny lalan'ny fahamarinana. <n>[ Gr. hanaovana blasfemia, izahao Mat.9.3]</n>"
mg_62,1,4,0.95,"Ary izao zavatra izao no soratanay, mba ho tanteraka ny fifaliantsika*. [*Na: fifalianareo]","Ary izao zavatra izao no soratanay, mba ho tanteraka ny fifaliantsika. <n>[ Na: fifalianareo]</n>"
mg_62,1,9,0.78,"Raha miaiky ny fahotantsika isika, dia mahatoky sy marina Izy ka mamela ny fahotantsika sy manadio antsika ho afaka amin'ny tsy fahamarinana rehetra.","Raha miaiky ny fahotantsika isika, dia mahatoky sy marina Izy ka mamela ny fahotantsika sy manadio antsika ho afaka amin'ny tsi-fahamarinana rehetra.Raha hoy isika: Tsy nanota isika, dia mampandainga Azy, ary tsy ato anatintsika."
mg_62,1,10,0.94,"Raha hoy isika: Tsy nanota isika, dia mampandainga Azy, ary ny teniny tsy ato anatintsika.","Raha hoy isika: Tsy nanota isika, dia mampandainga Azy, ary tsy ato anatintsika."
mg_62,2,1,0.93,"Anaka, izany zavatra izany no soratako ny aminareo mba tsy hanotanareo. Ary raha misy manota, dia manana Solovava* ao amin'ny Ray isika, dia Jesoa Kristy, Ilay Marina; [*Grika: parakleto; izahao Jaona 14:16]","Anaka, izany zavatra izany no soratako ny aminareo mba tsy hanotanareo. Ary raha misy manota, dia manana Solovava ao amin'ny Ray isika, dia Jesosy Kristy, Ilay Marina; <n>[ Gr. parakleto; izahao Jao. xiv. 16]</n>"
mg_62,2,2,0.94,"ary Izy no avotra* noho ny fahotantsika, ary tsy noho ny antsika ihany, fa noho ny an'izao tontolo izao koa. [*Na: fanatitra fampiononam-pahatezerana; izahao Romana 3:25]","ary Izy no avotra noho ny fahotantsika, ary tsy noho ny antsika ihany, fa noho ny an'izao tontolo izao koa. <n>[ Na: fanatitra fampiononam-pahatezerana; izahao Rom. iii, 25]</n>"
mg_62,3,23,0.59,"Ary izao no didiny, dia ny hinoantsika ny anaran'i Jesoa Kristy Zanany sy ny hifankatiavantsika araka ny didy nomeny antsika.","Ary izao no didiny, dia ny hinoantsika ny anaran'i Jesosy Kristy Zanany sy ny hifankatiavantsika araka ny didy nomeny antsika.Ary izay mitandrina ny didiny no mitoetra ao aminy, ary Izy kosa ao aminy. Ary izao no ahafantarantsika fa mitoetra ao amintsika Izy, dia ny Fanahy Izay nomeny antsika."
mg_62,4,10,0.81,"Izao no fitiavana: tsy ny nitiavantsika an'Andriamanitra fa ny nitiavany antsika, ka nirahiny ny Zanany ho avotra* noho ny fahotantsika. [*Na: fanatitra fampionona-paherezana; izahao II Jaona 2:2]","Izao no fitiavana: tsy ny nitiavantsika an'Andriamanitra fa ny nitiavany antsika, ka nirahiny ny Zanany ho avotra'noho ny fahotantsika."
mg_62,5,16,0.95,"Raha misy mahita ny rahalahiny manao ota tsy mahafaty, dia aoka hifona ho azy izy, ary Andriamanitra no hanome azy fiainana* ho an'izay manao ota tsy mahafaty*. Misy ota mahafaty**; tsy mba lazaiko fa tokony hangataka ny amin'izany izy. [*Grika: ota tsy ho amin'ny fahafatesana] [** Grika: ota ho amin'ny fahafatesana]","Raha misy mahita ny rahalahiny manao ota tsy mahafaty, dia aoka hifona ho azy izy, ary Andriamanitra no hanome azy fiainana ho an'izay manao ota tsy mahafaty. Misy ota mahafaty; tsy mba lazaiko fa tokony hangataka ny amin'izany izy. <n>[ Gr. ota tsy ho amin'ny fahafatesana]</n> <n>[ Gr. ota ho amin'ny fahafatesana]</n>"
mg_62,5,17,0.91,Ota avokoa ny tsy fahamarinana rehetra; ary misy ota tsy mahafaty*. [*Grika: ota ny ho amin'ny fahafatesana],Ota avokoa ny tsi-fahamarinana rehetra; ary misy ota tsy mahafaty. <n>[ Gr. ota ny ho amin'ny fahafatesana]</n>
mg_62,5,20,0.92,"Ary fantatsika fa tonga ny Zanak'Andriamanitra ka efa nanome antsika ny fahazavan-tsaina, mba ho fantatsika ilay marina; ary isika ao amin'ilay marina, dia ao amin'i Jesoa Kristy Zanany. Izy no Andriamanitra marina sy fiainana mandrakizay.","Ary fantatsika fa tonga ny Zanak'Andriamanitra ka efa nanome antsika ny fahazavan-tsaina, mba ho fantatsika ilay marina; ary isika ao amin'ilay marina, dia ao amin'i Jesosy Kristy Zanany. Izy no Andriamanitra marina sy fiainana mandrakizay.Anaka, arovy ny tenanareo amin'ny sampy."
mg_63,1,1,0.93,"Izaho loholona* mamangy an'itompokovavy** voafidy sy ny zanany, izay tiako amin'ny fahamarinana (ary tsy izaho ihany, fa izay rehetra mahalala ny marina koa) [*Grika: Ny presbytera] [** Na: an'i Kyria]","Izaho loholona mamangy an'itompokovavy voafidy sy ny zanany, izay tiako amin'ny fahamarinana (ary tsy izaho ihany, fa izay rehetra mahalala ny marina koa) <n>[ Gr. Ny presbytera]</n> <n>[ Na: an'i Kyria]</n>"
mg_64,1,1,0.92,"Izaho loholona* mamangy an'i Gaio, ilay malala, izay tiako amin'ny fahamarinana. [*Grika: Ny presbytera]","Izaho loholona mamangy an'i Galo, ilay malala, izay tiako amin'ny fahamarinana. <n>[ Gr. Ny presbytera]</n>"
mg_64,1,9,0.94,"Nanoratra tamin'ny fiangonana* Ihany aho; nefa Diotrefa, izay te-ho lohany, dia tsy mba mandray anay. [*Grika: eklesia]","Nanoratra tamin'ny fiangonana Ihany aho; nefa Diotrefa, izay te-ho lohany, dia tsy mba mandray anay. <n>[ Gr. eklesia]</n>"
mg_64,1,13,0.94,"Nanana zavatra maro hosoratana aho, nefa tsy tiako hosoratana aminao amin'ny ranomainty sy ny penina*; [*Grika: volotara]","Nanana zavatra maro hosoratana aho, nefa tsy tiako hosoratana aminao amin'ny ranomainty sy ny penina; <n>[ Gr. volotara]</n>"
mg_65,1,8,0.94,"Kanefa toy izany koa, ireo dia manonofy ka mandoto ny nofo sady mandà ny manana fahalehibiazana ary miteny ratsy* ny manana voninahitra. [*Grika: manao blasfemia; izahao Matio 9:3]","Kanefa toy izany koa, ireo dia manonofy ka mandoto ny nofo sady mandà ny manana fahalehibiazana ary miteny ratsy ny manana voninahitra. <n>[ Gr. manao blasfemia; izahao Mat. IX 3]</n>"
mg_65,1,22,0.94,Ary amindrao fo ny sasany izay miahanahana*; [*Na: raha miady aminareo izy],Ary amindrao fo ny sasany izay miahanahana; <n>[ Na: raha miady aminareo izy]</n>
mg_66,1,18,0.94,"dia Ilay velona; efa maty Aho, nefa, indro, velona mandrakizay mandrakizay sady manana ny fanalahidin'ny fahafatesana sy ny fiainan-tsy hita. [*Grika: Hades]","dia Ilay velona; efa maty Aho, nefa, indro, velona mandrakizay mandrakizay sady manana ny fanalahidin'ny fahafatesana sy ny fiainan-tsi-hita. <n>[ Gr. Hades]</n>"
mg_66,2,1,0.90,Soraty ho amin'ny anjelin'ny fiangonana* any Efesosy. Izao no lazain'ilay mihazona ny kintana fito eny an-tanany ankavanana sady mandeha eo afovoan'ny fanaovan-jiro volamena fito: [*Grika: eklesia],<n>[Efesosy]</n> Soraty ho amin'ny anjelin'ny fiangonana any Efesosy. Izao no lazain'ilay miharona ny kintana fito eny an-tànany ankavanana sady mandeha eo afovoan'ny fanaovan-jiro volamena fito: <n>[ Gr. eklesia]</n>
mg_66,2,6,0.92,"Kanefa izao no toetranao:* halanao ny asan'ny Nikolaita, izay halako koa. [*Grika: anananao]","Kanefa izao no toetranao: halanao ny asan'ny Nikolaita, izay halako koa. <n>[ Gr. anananao]</n>"
mg_66,2,12,0.95,Ary soraty ho amin'ny anjelin'ny fiangonana* any Pergamosy: Izao no lazain'ilay manana ny sabatra roa lela maranitra: [*Grika: eklesia],Ary soraty ho amin'ny anjelin'ny fiangonana any Pergamosy: Izao no lazain'ilay manana ny sabatra roa lela maranitra: <n>[ Gr. eklesia]</n>
mg_66,2,29,0.92,"Izay manan-tsofina, aoka izy hihaino izay lazain'ny Fanahy amin'ny fiangonana*. [*Grika: eklesia]","Izay manan-tsofina, aoka izy hihaino izay lazain'ny Fanahy amin'ny fiangonana. <n>[ Gr. eklesia]</n>"
mg_66,3,2,0.93,"Miambena*, ka aoreno tsara ny zavatra sisa izay saiky maty; fa tsy nisy hitako** tanteraka ny asanao eo anatrehan'Andriamanitro. [*Grika: Miareta tory] [** Na: (tsy hitako)]","Miambena, ka aoreno tsara ny zavatra sisa izay saiky maty; fa tsy nisy hitako tanteraka ny asanao eo anatrehan'Andriamanitro. <n>[ Gr. Miareta tory]</n> <n>[ Na: (tsy hitako)]</n>"
mg_66,3,4,0.94,"Kanefa misy olona* vitsy aty aminao aty Sardisy izay tsy nandoto ny fitafiany; ary hiara-mandeha amiko mitafy lamba fotsy ireo, satria miendrika Izy. [*Grika: anaranana]","Kanefa misy olona vitsy atỳ aminao atỳ Sardisy izay tsy nandoto ny fitafiany; ary hiara-mandeha amiko mitafy lamba fotsy ireo, satria miendrika Izy. <n>[ Gr. anaranana]</n>"
mg_66,3,6,0.92,"Izay manan-tsofina, aoka izy hihaino izay lazain'ny Fanahy amin'ny fiangonana*. [*Grika: eklesia]","Izay manan-tsofina, aoka izy hihaino izay lazain'ny Fanahy amin'ny fiangonana. <n>[ Gr. eklesia]</n>"
mg_66,3,13,0.92,"Izay manan-tsofina, aoka izy hihaino izay lazain'ny Fanahy amin'ny fiangonana*. [*Grika: eklesia]","Izay manan-tsofina, aoka izy hihaino izay lazain'ny Fanahy amin'ny fiangonana. <n>[ Gr. eklesia]</n>"
mg_66,3,19,0.92,"Izay* rehetra tiako no anariko sy faiziko; koa dia mazotoa ianao, ka mibebaha. [*Grika: Raha Izaho, dia izay]","Izay rehetra tiako no anariko sy faizako; koa dia mazotoa ianao, ka mibebaha. <n>[ Gr. Raha Izaho, dia izay]</n>"
mg_66,3,22,0.92,"Izay manan-tsofina, aoka izy hihaino izay lazain'ny Fanahy amin'ny fiangonana*. [*Grika: eklesia]","Izay manan-tsofina, aoka izy hihaino izay lazain'ny Fanahy amin'ny fiangonana. <n>[ Gr. eklesia]</n>"
mg_66,4,10,0.72,"dia hiankohoka eo anoloan'izay mipetraka eo ambonin'ny seza fiandrianana ny loholona* efatra amby roa-polo ka hivavaka amin'izay velona mandrakizay mandrakizay, dia hanipy ny satro-boninahiny eo anoloan'ny seza fiandrianana ka hanao hoe:","dia hiankohoka eo anoloan'izay mipetraka eo ambonin'ny seza fiandrianana ny loholona efatra amby roa-polo ka hivavaka amin'izay velona mandrakizay mandrakizay, dia hanipy ny satro-boninahiny eo anoloan'ny seza fiandrianana ka hanao hoe:Hianao, Tomponay sy Andriamanitray, no miendrika handray ny voninahitra sy ny haja ary ny hery; Fa Hianao no nahary ny zavatra rehetra, Ary noho ny sitraponao no nahanisy sy nahary azy."
mg_66,5,14,0.93,Ary ny zava-manan'aina efatra nanao hoe: Amena. Ary ny loholona* dia niankohoka ka nivavaka. [*Grika: presbytera],Ary ny zava-manan'aina efatra nanao hoe: Amena. Ary ny loholona dia niankohoka ka nivavaka. <n>[ Gr. presbytera]</n>
mg_66,6,6,0.93,"Ary nahare aho, ka toa nisy feo teo afovoan'ny zava-manan'aina efatra nanao hoe: venty* ny vary tritika eran'ny fatam-bary kely**, ary venty* koa ny vary hordea intelon'ny fatam-bary**; ary aza manimba ny diloilo na ny divay ianao. [*Grika: denaria] [** Grika: koiniksa]","Ary nahare aho, ka toa nisy feo teo afovoan'ny zava-manan'aina efatra nanao hoe: venty ny vary tritika eran'ny fatam-bary kely, ary venty koa ny vary hordea intelon'ny fatam-bary; ary aza manimba ny diloilo na ny divay ianao. <n>[ Gr. denaria]</n> <n>[ Gr. koiniksa]</n>"
mg_66,6,17,0.95,"fa tonga ny andro lehiben'ny fahatezeran'ireo*, ka iza no mahajanona? [*Na: ny fahatezerany]","fa tonga ny andro lehiben'ny fahatezeran'ireo, ka iza no mahajanona? <n>[ Na: ny fahatezerany]</n>"
mg_66,7,2,0.88,"Ary hitako fa, indro, nisy anjely hafa koa niakatra avy tany amin'ny fiposahan'ny masoandro, nanana ny fanombohan-kasen'Andriamanitra velona; ary izy niantso ny anjely efatra izay navela hanimba ny tany sy ny ranomasina tamin'ny feo mahery nanao hoe:","Ary hitako fa, indro, nisy anjely hafa koa niakatra avy tany amin'ny fiposahan'ny masoandro, nanana ny fanombohan-kasen'Andriamanitra velona; ary iry niantso ny anjely efatra izay navela hanimba ny tany sy ny ranomasina tamin'ny feo mahery nanao hoe:"
mg_66,7,13,0.95,Ary ny anankiray tamin'ny loholona* namaly ka nanao tamiko hoe: Iza moa ireo miakanjo akanjo fotsy lava? Ary avy taiza izy? [*Grika: presbytera],Ary ny anankiray tamin'ny loholona namaly ka nanao tamiko hoe: Iza moa ireo miakanjo akanjo fotsy lava? Ary avy taiza izy? <n>[ Gr. presbytera]</n>
mg_66,7,15,0.95,Ary noho izany dia mitoetra eo anoloan'ny seza fiandrianan'Andriamanitra izy ka manompo Azy andro aman'alina eo amin'ny tempoliny; ary Ilay mipetraka eo ambonin'ny seza fiandrianana dia hamelatra ny trano-lainy handrakotra ary.,Ary noho izany ny akanjony nosasany sy mitoetra eo anoloan'ny seza fiandrianan'Andriamanitra izy ka manompo Azy andro aman'alina eo amin'ny tempoliny; ary Ilay mipetraka eo ambonin'ny seza fiandrianana dia hamelatra ny trano-lainy handrakotra ary.
mg_66,9,3,0.95,"Ary nisy valala nivoaka avy tamin'ny setroka nankamin'ny tany; ary nomena hery* ireny, tahaka ny herin*'ny maingoka amin'ny tany. [*Grika: fahefana]","Ary nisy valala nivoaka avy tamin'ny setroka nankamin'ny tany; ary nomena hery ireny, tahaka ny herin'ny maingoka amin'ny tany. <n>[ Gr. fahefana]</n>"
mg_66,9,11,0.95,"Ary manana ny anjelin'ny lavaka tsy hita noanoa ho mpanjakany izy; ny anarany amin'ny teny Hebreo dia Abadona*, fa amin'ny teny Grika kosa dia Apolyona** no anarany. [*Abadona = Fandringanana] [** Apolyona = Mpandringana]","Ary manana ny anjelin'ny lavaka tsy hita noanoa ho mpanjakany izy; ny anarany amin'ny teny Hebreo dia Abadona, fa amin'ny teny Grika kosa dia Apolyona no anarany. <n>[ Abadona = Fandringanana]</n> <n>[ Apolyona = Mpandringana]</n>"
mg_66,10,1,0.32,"Ary hitako fa, indro, nisy anjely mahery anankiray koa, nidina avy tany an-danitra sady nitafy rahona; ary ny avana dia teo amin'ny lohany, ary ny tavany dia tahaka ny masoandro, ary ny tongony tahaka ny andry afo,","Ary hitako fa, indro, nisy anjely mahery anankiray koa, nidina ary tany an-danitra sady nitafy rahona; ary ny avana dia teo amin'ny lohany, ary ny tavany dia tahaka ny masoandro, ary ny tongony tahaka ny andry afo,"
mg_66,13,1,0.95,"Ary hitako fa, indro, nisy bibi-dia niakatra avy tamin'ny ranomasina, nanan-tandroka folo sy loha fito, ary tamin'ny tandrony dia nisy diadema folo; ary tamin'ny lohany dia nisy anarana fitenenan-dratsy*. [*Grika: blasfemia; izahao Matio 9:3]","Ary hitako fa, indro, nisy bibi-dia niakatra avy tamin'ny ranomasina, nanan-tandroka folo sy loha fito, ary tamin'ny tandrony dia nisy diadema folo; ary tamin'ny lohany dia nisy anarana fitenenan-dratsy. <n>[ Gr. blasfemia; izahao Mat. IX, 3]</n>"
mg_66,13,5,0.86,"Dia nomena lela* miteny zavatra mihoapampana sy fitenenan-dratsy** izy, ary nomena fahefana mba hiasa*** roa amby efa-polo volana. [*Grika: vava] [** Grika: manao blasfemia; izahao Matio 9:3] [*Na: haharitra]","Dia nomena lela miteny zavatra mihoapampana sy fitenenan-dratsy izy, ary nomena fahefana mba hiasa roa amby efa-polo volana. <n>[ Gr. vava]</n> <n>[ Gr. manao blasfemia; izahao Mat. IX. 3]</n> <n>[ Na: haharitra]</n>"
mg_66,13,6,0.93,"Ary nanokatra ny vavany hiteny ratsy* an'Andriamanitra izy, dia ny hiteny ratsy* ny anarany sy ny tabernakeliny, dia ireo mitoetra any an-danitra. [*Grika: manao blasfemia; izahao Matio 9:3]","Ary nanokatra ny vavany hiteny ratsy an'Andriamanitra izy, dia ny hiteny ratsy ny anarany sy ny tabernakeliny, dia ireo mitoetra any an-danitra. <n>[ Gr. manao blasfemia; izahao Mat. IX. 3]</n>"
mg_66,15,5,0.94,"Ary rehefa afaka izany, dia nahita aho fa, indro, novohana ny tempoly, dia* ny tabernakelin'ny vavolombelona** tany an-danitra; [*Na: tao amin'] [*Dia ny Didy Folo]","Ary rehefa afaka izany, dia nahita aho fa, indro, novohana ny tempoly, dia ny tabernakelin'ny vavolombelona tany an-danitra; <n>[ Na: tao amin']</n> <n>[ Dia ny Didy Folo]</n>"
mg_66,16,9,0.51,"Ary main'ny hafanana be ny olona, dia niteny ratsy* ny anaran'Andriamanitra, Izay manam-pahefana amin'ireny loza ireny, izy sady tsy nibebaka mba hanome voninahitra Azy. [*Grika: nanao blasfemia; izahao Matio 9:3]","Ary main'ny hafanana be ny olona, dia niteny ratsy ny anaran'Andriamanitra, Izay manam-pahelana amin'ireny loza ireny, izy sady tsy nibebaka mba hanome voninahitra Azy. <n>[ Gr. nanao blasfemia; izahao Mat. IX. 3]</n>"
mg_66,16,11,0.93,dia niteny ratsy* an'Andriamanitry ny lanitra izy noho ny fanaintainany sy ny vainy sady tsy nibebaka tamin'ny asany. [*Grika: nanao blasfemia; izahao Matio 9:3],dia niteny ratsy an'Andriamanitry ny lanitra izy noho ny fanaintainany sy ny vainy sady tsy nibebaka tamin'ny asany. <n>[ Gr. nanao blasfemia; izahao Mat. IX. 3]</n>
mg_66,18,2,0.80,Ary niantso tamin'ny feo mahery izy ka nanao hoe: Rava! rava Babylona lehibe! ka tonga fonenan'ny demonia sy fieren*'ny fanahy maloto rehetra ary akanin*'ny vorona rehetra izay maloto sy ankahalaina. [*Grika: tranomaizina],Ary niantso tamin'ny feo mahery izy ka nanao hoe: Rava! rava Babylona lehibe! ka tonga fonenan'ny demonia sy fieren'ny fanahy maloto rehetra ary akanin'ny vorona rehetra izay maloto sy ankahalaina. <n>[ Gr. tranomaizina]</n>
mg_66,18,6,0.91,"Mamalia azy araka izay nataony, ka omeo azy indroa heny toy ny nataony izy; ny kapoaka izay nofenoiny*, dia fenoy** indroa heny ho azy. [*Grika: noharoharoiny] [*Grika: haroharoy]","Mamalia azy araka izay nataony, ka omeo azy indroa heny toy ny nataony izy; ny kapoaka izay nofenoiny, dia fenoy indroa heny ho azy. <n>[ Gr. noharoharoiny]</n> <n>[ Gr. haroharoy]</n>"
mg_66,18,13,0.87,"sy havozomamy sy zavatra mani-pofona* sy ditin-kazo sy menaka manitra sy ditin-kazo mani-pofona**, sy divay sy diloilo sy lafarina tsara toto sy vary tritika sy omby sy ondry sy soavaly sy kalesy ary tena sy ain'olona. [*Grika: amoma] [** lebona: izahao Eksodosy 30:34]","sy havozomamy sy zavatra mani-pofona sy ditin-kazo sy menaka manitra sy ditin-kazo mani-pofona, sy divay sy diloilo sy lafarina tsara toto sy vary tritika sy omby sy ondry sy soavaly sy kalesy ary tena sy ain'olona. <n>[ Gr. amoma]</n> <n>[ lebona: izahao Eks. xxx. 34]</n>"
mg_66,19,2,0.84,Fa marina sy mahitsy ny fitsarana ataony; Fa nitsara ilay vehivavy janga lehibe Izy — Dia ilay nandoto ny tany tamin'ny fijangajangany — Ary namaly azy noho ny ran'ny mpanompony izay nalatsaky ny tanany.,Fa marina sy mahitsy ny fitsarana ataony; Fa nitsara ilay vehivavy janga lehibe Izy - Dia ilay nandoto ny tany tamin'ny fijangajangany - Ary namaly ary noho ny ran'ny mpanompony izay nalatsaky ny tànany.
mg_66,20,13,0.95,Ary ny ranomasina dia namoaka ny maty tao anatiny; ary ny fahafatesana sy ny fiainan-tsy hita* namoaka ny maty tao aminy; dia samy notsaraina araka ny asany izy. [*Grika: Hadesy],Ary ny ranomasina dia namoaka ny maty tao anatiny; ary ny fahafatesana sy ny fiainan-tsi-hita namoaka ny maty tao aminy; dia samy notsaraina araka ny asany izy. <n>[ Gr. Hadesy]</n>
mg_66,20,14,0.63,"Ary ny fahafatesana sy ny fiainan-tsy hita* dia natsipy tany amin'ny farihy afo. Izany no fahafatesana faharoa, dia ny farihy afo. [*Grika: Hadesy]","Ary ny fahafatesana sy ny fiainan-tsi-hita dia natsipy tany amin'ny farihy afo. Izany no fahafatesana faharoa, dia ny farihy afo. <n>[ Gr. Hadesy]</n>Ary raha nisy tsy hita voasoratra teo anatin'ny bokin'ny fiainana, dia natsipy tany amin'ny farihy afo izy."
mg_66,22,20,0.63,"Hoy Izay manambara ireo zavatra ireo: Eny, avy faingana Aho. Amena. Avia, Jesoa Tompo!","Hoy Izay manambara ireo zavatra ireo: Eny, avy faingana Aho. Amena. Avia, Jesosy Tompo!Ho amin'ny olona masina anie ny fahasoavan'i Jesosy Tompo. Amena. <n>[ Na: (Jesosy Kristy)]</n>"
mg_66,22,21,0.91,Ho amin'ny olona masina anie ny fahasoavan'i Jesoa* Tompo. Amena. [*Na: (Jesoa Kristy)],Ho amin'ny olona masina anie ny fahasoavan'i Jesosy Tompo. Amena. <n>[ Na: (Jesosy Kristy)]</n>
mg_7,1,16,0.95,"Ary ny taranak'ilay Kenita, zaodahin*'i Mosesy dia niara-niakatra tamin'ny taranak'i Joda niala tao amin'ny tanàna be rofia** hankany an'efitr'i Joda, atsimon'i Arada nandeha ireo ka nonina teo amin'ny Isiraely. [*Na: rafozan'] [**palma]","Ary ny taranak'ilay Kenita, zaodahin'i Mosesy dia niara-niakatra tamin'ny taranak'i Joda niala tao amin'ny tanàna be rofia hankany an-efitr'i Joda, atsimon'i Arada nandeha ireo ka nonina teo amin'ny Isiraely.<n>[Na: rafozan']</n><n>[palma]</n>"
mg_7,1,17,0.94,"Ary Joda nandeha niaraka tamin'i Simeona rahalahiny, dia namely ny Kananita, izay nonina tany Zefata, ka nataony ringana* ireo, ary ny anaran'ny tanàna nataony hoe Horma**. [*Hebreo: herema] [**Horma = Herema]","Ary Joda nandeha niaraka tamin'i Simeona rahalahiny, dia namely ny Kananita, izay nonina tany Zefata, ka nataony ringana ireo, ary ny anaran'ny tanàna nataony hoe Horma.<n>[Heb. herema]</n><n>[Horma = Herema]</n>"
mg_7,5,4,0.93,"Jehovah o, fony nivoaka avy tany* Seàra Ianao ary nandeha avy tany amin'ny tany Edoma, dia nihorohoro ny tany, ary ny lanitra koa nitete; Eny, ny rahona matevina nitete rano. [*Hebreo: tamin'ny saha]","Jehovah ô, fony nivoaka avy tany Seïra Hianao ary nandeha avy tany amin'ny tany Edoma, dia nihorohoro ny tany, ary ny lanitra koa nitete; Eny, ny rahona matevina nitete rano.<n>[Heb. tamin'ny saha]</n>"
mg_7,7,1,0.95,"Dia nifoha maraina koa Jerobala (Gideona izany) sy ny vahoaka rehetra teo aminy ka nitoby teo akaikin'ny loharano Haroda*; ary ny tobin'ny Midiana kosa teo avarany, teo an-dohasaha anilan'ny havoana More. [*Haroda = Fangovitana; izahao Mpitsara 7:3]","Dia nifoha maraina koa Jerobala (Gideona izany) sy ny vahoaka rehetra teo aminy ka nitoby teo akaikin'ny loharano Haroda; ary ny tobin'ny Midiana kosa teo avarany, teo an-dohasaha anilan'ny havoana More.<n>[Haroda = Fangovitana; izahao and.3]</n>"
mg_7,9,6,0.82,"Dia nivory ny mponina rehetra tao Sekema sy ny olona rehetra tao Milo* ka nandeha nampanjaka an'i Abimeleka teo anilan'ny hazo terebinta, akaikin'ny tsangambato** any Sekema. [*Hebreo: fiarovana] [**Na: rovan'ny miaramila]","Dia nivory ny mponina rehetra tao Sekema sy ny olona rehetra tao Milo ka nandeha nampanjaka an'i Abimeleka teo anilan'ny hazo terebinta, akaikin'ny tsangambato any Sekema.<n>[Heb. fiarovana]</n><n>[Na: rovan'ny miaramila]</n>"
mg_7,9,10,0.94,Ary hoy ny hazo tamin'ny aviavy*: Avia ianao ka manjakà aminay. [*aviavimbazaha],Ary hoy ny hazo tamin'ny aviavy: Avia ianao ka manjakà aminay.<n>[aviavimbazaha]</n>
mg_7,9,53,0.94,"Fa nisy vehivavy anankiray, nanjera vato* fikosoham-bary tamin'ny lohan'i Abimeleka ka nahavaky ny karan-dohany. [*Hebreo: vato ambony]","Fa nisy vehivavy anankiray, nanjera vato fikosoham-bary tamin'ny lohan'i Abimeleka ka nahavaky ny karan-dohany.<n>[Heb. vato ambony]</n>"
mg_7,10,4,0.77,"Ary nanana zanakalahy telo-polo izay nitaingina zana-boriky telo-polo izy, ary izy ireo nanana tanàna telo-polo any amin'ny tany Gileada; ary atao hoe Havota-jaàra* mandraka androany ireo. [*Havota-jaàra = Tanàna madinika an'i Jaàra]","Ary nanana zanakalahy telo-polo izay nitaingina zana-boriky telo-polo izy, ary izy ireo nanana tanàna telo-polo any amin'ny tany Gileada; ary atao hoe Havota-jaïra mandraka androany ireo.<n>[Havota-jaïra = Tanàna madinika an'i Jaïra]</n>"
mg_7,15,19,0.87,"Dia nampitresahin'Andriamanitra ilay fitoerana hoboka tany Lehy, ka niboiboika teo ny rano; ary rehefa nisotro izy, dia nody ny ainy, ka velona Izy; ka izany no nanaovany ny anarany hoe En-hakore*, izay any Lehy mandraka androany. [*En-hakore = Loharanon'ilay niantso]","Dia nampitresahin'Andriamanitra ilay fitoerana hoboka tany Lehy, ka niboiboika teo ny rano; ary rehefa nisotro izy, dia nody ny ainy, ka velona Izy; ka izany no nanaovany ny anarany hoe En-hakore, izay any Lehy mandraka androany.<n>[En-hakore = Loharanon'ilay niantso]</n>Dia nitsara ny Isiraely roa-polo taona tamin'ny andron'ny Filistina izy."
mg_7,17,5,0.95,Ary nanana tranon'andriamanitra Mika sady efa nanao efoda sy terafima; ary ny zanany anankiray no natokany* ka tonga mpisorony. [*Hebreo: nofenoiny ny tanany],Ary nanana tranon'andriamanitra Mika sady efa nanao efoda sy terafima; ary ny zanany anankiray no natokany ka tonga mpisorony.<n>[Heb. nofenoiny ny tànany]</n>
mg_7,18,30,0.74,"Dia natsangan'ny taranak'i Dana ilay sarin-javatra voasokitra; ary Jonatana, zanak'i Gersoma, zanak'i Mosesy*, sy ny zanany, no mpisorona ho an'ny firenen'i Dana hatramin'ny andro namaboana ny tany. [*Na: Manase]","Dia natsangan'ny taranak'i Dana ilay sarin-javatra voasokitra; ary Jonatana, zanak'i Gersoma, zanak'i Mosesy, sy ny zanany, no mpisorona ho an'ny firenen'i Dana hatramin'ny andro namaboana ny tany.<n>[Na: Manase]</n>Ary nampitoeriny ho azy ilay sarin-javatra voasokitra nataon'i Mika mandritra ny andro rehetra niorenan'ny tranon'Andriamanitra tao Silo."
mg_7,20,45,0.28,"Dia nivily sy sisa ka nandositra nankany an'efitra ho any amin'ny harambato any Rimona; ary ny voatsimpona teny an-dàlana dia dimy arivo lahy, ary mbola nenjehiny mafy ihany hatrany Gidoma izy ka nahafatesany roa arivo lahy.","Dia nivily sy sisa ka nandositra nankany an-efitra ho any amin'ny harambato any Rimona; ary ny voatsimpona teny an-dalana dia dimy arivo lahy, ary ny voatsimpona teny an-dalana dia dimy arivo lahy, ary mbola nenjehiny mafy ihany hatrany Gidoma izy ka nahafatesany roa arivo lahy."
mg_7,20,47,0.53,"Fa nisy enin-jato lahy nihodina ka nandositra nankany an'efitra ho any amin'ny harambato any Rimona, dia nitoetra tao efa-bolana.","Fa nisy enin-jato lahy nihodina ka nandositra nankany an-efitra ho any amin'ny harambato any Rimona, dia nitoetra tao efa-bolana.Ary ny lehilahy amin'ny Isiraely niverina indray tany amin'ny taranak'i Benjamina ka namely azy tamin'ny lelan-tsabatra, hatramin'ny olona tao an-tanàna ka hatramin'ny biby fiompy ary izay hitany dia nodorany tamin'ny afo avokoa."
mg_7,21,11,0.95,Ary izao no hataonareo: Ny lehilahy rehetra sy ny vehivavy rehetra izay efa nahalala lahy dia haringanareo*. [*Hebreo: hataonareo herema],Ary izao no hataonareo: Ny lehilahy rehetra sy ny vehivavy rehetra izay efa nahalala lahy dia haringanareo.<n>[Heb. hataonareo herema]</n>
mg_8,1,20,0.94,"Fa hoy izy taminy: Aza atao hoe Naomy* intsony aho, fa ataovy hoe Mara**, satria mangidy indrindra ny nataon'ny Tsitoha amiko. [*Naomy = Mahafinaritra] [**Mara = Mangidy]","Fa hoy izy taminy: Aza atao hoe Naomy intsony aho, fa ataovy hoe Mara, satria mangidy indrindra ny nataon'ny Tsitoha amiko. <n>[Naomy = Mahafinaritra]</n><n>[Mara = Mangidy]</n>"
mg_9,2,6,0.92,Jehovah no mahafaty sy mahavelona; izy no mampidina ho any amin'ny fiainan-tsy hita* ary mampitsangana. [*Hebreo: Sheola],Jehovah no mahafaty sy mahavelona; izy no mampidina ho any amin'ny fiainan-tsi-hita ary mampitsangana.<n>[Heb. Sheola]</n>
mg_9,4,21,0.80,"Dia nataony hoe Ikaboda* ny anaran'ny zaza; fa hoy izy: Afaka ny voninahitry ny Isiraely, satria efa lasan-ko babo ny fiaran'Andriamanitra, sady efa maty koa ny rafozany sy ny vadiny. [*Ikaboda = Tsy misy voninahitra]","Dia nataony hoe Ikaboda ny anaran'ny zaza; fa hoy izy: Afaka ny voninahitry ny Isiraely, satria efa lasan-ko babo ny fiaran'Andriamanitra, sady efa maty koa ny rafozany sy ny vadiny.<n>[Ikaboda = Tsy misy voninahitra]</n>Ary hoy izy: Afaka tamin'ny Isiraely ny voninahitra, fa lasan-ko babo ny fiaran'Andriamanitra."
mg_9,8,15,0.95,ary ny ampahafolon'ny voan-javatrareo sy ny tanim-boalobokareo dia halainy ka homeny ho an'ny tandapany* sy ny tandonany. [*Hebreo: ionoka],ary ny ampahafolon'ny voan-javatrareo sy ny tanim-boalobokareo dia halainy ka homeny ho an'ny tandapany sy ny tandonany.<n>[Heb. ionoka]</n>
mg_9,14,25,0.94,Ary ny olona rehetra amin'ny tany* dia niditra ny ala; ary nisy tantely teny ambonin'ny tany. [*Hebreo: ny tany rehetra],Ary ny olona rehetra amin'ny tany dia niditra ny ala; ary nisy tantely teny ambonin'ny tany.<n>[Heb. ny tany rehetra]</n>
mg_9,15,8,0.95,"Ary azony sambo-belona Agaga, mpanjakan'ny Amalekita, fa ny vahoaka rehetra kosa dia naringany* tamin'ny lelan-tsabatra. [*Hebreo: nataony herema]","Ary azony sambo-belona Agaga, mpanjakan'ny Amalekita, fa ny vahoaka rehetra kosa dia naringany tamin'ny lelan-tsabatra.<n>[Heb. nataony herema]</n>"
mg_9,19,16,0.94,"Dia niditra ny iraka, kanjo, indro, ny sampy* no teo am-parafara, ary voasaron'ilay makarakara volon'osy ny lohany. [*Hebreo: terafima]","Dia niditra ny iraka, kanjo, indro, ny sampy no teo am-parafara, ary voasaron'ilay makarakara volon'osy ny lohany.<n>[Heb. terafima]</n>"
mg_9,20,19,0.92,"Koa rehefa mby amin'ny andro fahatelo dia midìna faingana ianao, ary tongava ao amin'ilay nierenao tamin'ny andro nitrangan'ilay raharaha iny*, ka mitoera ao anilan'ny vato Ezela. [*Izahao I Samoela 19:2-3]","Koa rehefa mby amin'ny andro fahatelo dia midìna faingana ianao, ary tongava ao amin'ilay nierenao tamin'ny andro nitrangan'ilay raharaha iny, ka mitoera ao anilan'ny vato Ezela.<n>[Izahao xix. 2, 3]</n>"
mg_9,25,18,0.95,"Dia nandeha faingana Abigaila ka naka mofo roan-jato sy divay eran'ny tavoara* roa sy ondry dimy voavoatra sy lango indimin'ny vata** sy takela-boaloboka maina zato ary ampempan'aviavy roan-jato, dia nasampiny tamin'ny boriky izany. [*Na: siny hoditra] [**Hebreo: sea]","Dia nandeha faingana Abigaila ka naka mofo roan-jato sy divay eran'ny tavoara roa sy ondry dimy voavoatra sy lango indimin'ny vata sy takela-boaloboka maina zato ary ampempan'aviavy roan-jato, dia nasampiny tamin'ny boriky izany.<n>[Na: siny hoditra]</n><n>[Heb. sea]</n>"
mg_9,25,31,0.91,"dia tsy ho alahelo* na ho nenina* amin'ny fon'ny tompoko izany, fa tsy nandatsa-drà foana ianao, na namaly ho an'ny tenanao, tompoko; fa rehefa asian'i Jehovah soa ny tompoko, dia mba tsarovy aho ankizivavinao. [*Hebreo: fahatafintohinana]","dia tsy ho alahelo na ho nenina amin'ny fon'ny tompoko izany, fa tsy nandatsa-drà foana ianao, na namaly ho an'ny tenanao, tompoko; fa rehefa asian'i Jehovah soa ny tompoko, dia mba tsarovy aho ankizivavinao.<n>[Heb. fahatafintohinana]</n>"
